image_id_ext,Predicted
15822317371,7
15948569108,4
16030687230,10
16033186338,7
15430455676,10
14151387123,7
14134345356,9
15411123858,15
15274099335,16
14474944934,8
15684788788,10
15376127556,2
15090584754,16
16009769760,8
15806439306,4
15841255093,19
15919948945,5
15272827934,13
15835687600,14
15977405769,12
16012146041,11
14478448808,8
15666488884,1
16032542902,14
15379066156,8
14089295774,18
15668547041,3
15898112953,14
14219954887,12
13814431021,16
16034753655,19
15734850707,1
14442223618,3
14861002549,10
15982859825,4
13764340846,0
15179766403,18
14211780957,7
15694077851,2
15823696519,18
15258685737,14
14127654658,0
15846403239,0
15531580115,2
14223738401,18
14849102058,19
15821363164,9
16008471285,0
14150212569,15
13979059981,10
15725699803,14
15930683940,16
15405554314,5
16014415526,10
14264203548,19
14139288762,9
15848006275,14
15055859505,18
16010485588,19
15388389955,10
14040082854,16
15807753807,14
15543101904,7
15374489634,2
15873672877,2
15872312186,14
15972355139,16
14492338102,14
15957630004,18
15666509750,6
14158767733,8
14106978628,10
15334786434,4
13980415823,19
15861828863,2
14243899283,3
16014836605,9
16025998416,13
15960363391,7
13858017359,0
14468683353,1
14286375989,17
15258685036,12
15778670800,7
15134942379,7
15833848601,0
15769310591,8
14825083298,4
15318999149,15
15625593972,2
15620805277,3
14222584765,19
15985136518,18
15976697137,5
15041398686,0
14020367463,9
15982805146,16
16030360969,7
14652073836,19
15763617013,6
13725723161,7
15140592011,15
14194534601,10
15728236935,1
14228918831,19
16003963253,4
16007675303,16
16018990695,17
16006046948,18
16019771671,13
14146364329,2
15772039281,16
15978107604,13
14147752921,18
14942765357,2
15951150045,8
14478024172,7
15977686642,10
14354668494,13
14218589536,18
15836767980,0
15877561399,15
15962636001,0
15806206410,5
14148084130,15
15831561141,0
14542872563,10
15961459503,15
16021750479,15
14260332326,3
16000624970,8
15757512411,12
15687113266,10
15540624633,1
15727513463,14
15730470933,4
15876260336,16
14351805886,0
14112619110,13
15833361143,19
15311251414,11
15620392916,14
15561390976,15
15889067743,19
16012171296,14
15890099191,9
14459411293,17
13980312457,10
15241343721,3
15803715596,18
15786377674,15
15971105157,19
14002130418,14
16021876961,10
15718361703,19
15569469642,16
15834315685,16
15642980052,16
14517407180,10
15297320553,10
15364497402,3
14145048998,10
14661745192,1
15992612315,10
15797026287,16
15746747626,12
14917851747,0
15601837060,3
15792844735,18
15776205570,18
15196925948,8
15620979800,13
15547775721,10
15790122121,14
15958812143,8
15867949035,6
14375662624,14
15431599687,7
15889467898,7
15979214764,1
15867377990,16
14297836283,8
15824343750,19
14195111371,0
15441002234,0
15328131034,16
15491923901,11
15728017392,1
14445134520,18
14554539668,4
13782281722,7
14292507949,7
14359210068,6
14951950743,4
14189568874,19
15803281405,0
14440795362,4
14419844973,9
16028670783,7
15361516451,9
15128209389,18
15203035162,16
16028685546,7
15789509281,9
15928368530,15
15644318027,7
15559898952,8
15904065092,2
15921412424,10
15874092234,10
14261582194,16
15809820066,16
14164216810,0
15598913939,14
15786530730,19
14180566412,3
15987921476,19
14134455864,10
15767225607,10
15762313550,0
15919747817,14
15813350287,19
15011023591,13
14193481079,16
14259752290,2
15718399658,7
15363656349,19
14139813692,0
15856953763,7
15713562224,7
15517875217,19
15609182065,1
15872922761,0
15395811837,7
15780722737,16
14227558475,3
15571903215,19
13998585447,19
14186451249,4
15754576277,18
15999756380,7
15389132550,6
16024919087,18
16008933393,14
15768054034,14
14056126294,12
14111170823,0
15420294610,13
15957432623,2
13946502026,16
15840192280,7
15621041902,14
15910151147,14
15722222558,16
14188570113,7
14215500756,0
15882831593,16
15687170394,16
14484867172,13
15875215691,3
14353222628,4
15452964141,4
14175020328,7
15868161863,3
15520540130,3
15273387954,16
15775620307,9
15606841800,16
14139955065,13
13979941316,10
14180846798,1
15273233205,4
15181689918,0
15907883956,10
15883054390,19
15994129531,13
14133407204,10
16009302777,6
15589828726,16
14400200747,6
13805551827,0
15794354718,14
16016057154,15
15728432623,10
15641444348,16
14207776199,19
15657972110,11
14208603482,14
14147168023,1
15711524440,8
14989439547,0
15936494654,18
15827702393,3
14678280731,18
15651043109,14
15603768966,3
14226425942,14
15995745124,19
15816673746,19
15209180809,4
15949816920,14
15732998472,10
15367331629,14
15839190343,13
15095959648,19
14407224849,4
15191926658,12
15795478822,4
16032185440,15
14022424610,15
15934520513,18
16017709093,19
14451791889,0
15163705136,19
15800664937,0
14189812907,10
14030809403,0
15628576947,16
15615582616,7
15888748921,3
14422675401,3
15078241321,3
15587296364,14
15909242143,18
13536360618,19
15818572994,16
14132377045,12
15806018779,7
14157159500,0
15112495870,16
15722892686,9
14154751824,8
14103282667,14
14193226145,14
14118187563,16
14209258651,19
15508927781,3
14459123590,14
14458400989,0
15893134029,13
15782351556,18
15018313984,15
14196771207,16
14888304306,14
14229738661,14
14166031710,18
14457120648,15
15883749104,0
15362069280,0
15784956092,15
15869571032,2
15986123510,10
15965203887,7
15840714882,19
16015976243,4
15907797206,0
14178792233,7
15599876507,10
15640926647,14
14209746025,0
15909975458,3
15937389194,8
15924314503,10
15769462949,4
15266327503,0
15976264152,13
15995707448,13
15488970039,14
15874429661,16
15715719536,16
14386638311,14
14917812054,0
15312823806,10
15782943851,8
16013445937,13
14489950249,3
15730036189,10
15907018483,7
15603781141,13
15929185749,16
15752011515,12
14194495673,18
15821322101,3
15269117983,3
16030802043,16
15666495546,18
14444121112,13
14442152392,15
14195861524,18
14828270594,16
14788998531,19
15052154604,7
15999648352,4
13883740211,10
14140519941,16
14123702761,15
15751775092,16
15526336419,18
15633751401,14
13988812755,7
15959931355,0
15498079871,4
15703793875,19
15644783883,13
13965974657,0
15101602619,2
15744108779,10
14132627912,2
15791777846,8
15602385383,8
15812788835,3
15770866256,14
14251592377,11
15851278143,0
15509509176,16
15829239302,17
15638240375,16
14149895439,19
14265898534,0
14983394268,10
15577892316,7
14347795595,1
14272347041,3
15390841343,4
15669628358,8
15876356515,16
16000501231,3
14186700309,8
14717798998,15
15225970377,2
15635430421,15
14822958631,6
15876507818,7
15260698357,0
15944943315,0
15683137082,8
14137090237,19
14487223719,12
14189999169,7
15816555696,13
15890334034,13
15248760517,16
15331079660,14
15240409896,7
15744700432,18
15991958010,18
15739898214,1
14988184403,13
15923278855,16
14203238813,7
15790787062,18
15940819058,0
15783046854,10
15929030750,0
15808628231,6
15923893088,13
14192232966,0
14163572872,10
14749168250,14
15839717695,3
15273386969,19
15722373700,0
14246995584,18
15129682655,18
15286911088,7
15987902147,8
14444996052,13
15398040821,3
15506727877,14
15925359023,14
14238972155,15
15944011788,16
14725510461,10
14411901107,5
15842400822,9
15554931234,18
14166572028,10
16001387162,4
15896170272,15
15997855163,3
15190189856,1
15988227564,19
16000552080,14
15059452010,0
14427958571,18
15407093576,19
14314815761,18
14491162574,14
15935378588,18
15630376632,0
15231284340,16
15978422088,14
15235026753,4
14347989413,8
15807016440,7
15745540872,4
14182125028,18
14247695091,0
15735994711,18
13790758548,16
15757704657,16
15766309697,16
15820231187,18
16029736823,18
15577911601,9
15391369108,0
15727328604,10
15616838258,14
14153137860,15
15992936510,14
15773235049,15
15654928330,14
14014437019,4
13757020451,16
15713858481,0
14140584170,2
14160632216,10
15520263271,7
15876453153,10
14213966867,4
16008450832,9
14481482195,10
15335587260,0
15853171601,18
15808578862,0
15926687579,15
15401358908,15
15772349868,1
15133542085,16
15974524081,14
15903519355,12
14198097717,0
15805176807,14
14785193039,18
15886437528,16
15572745367,15
13841451841,18
15321256077,15
15890093554,16
16023357478,8
15420718475,3
14482354118,1
15206394336,9
15803768917,0
14189596909,16
14161985250,7
14209378928,14
16010342519,4
15848270625,0
16009501648,1
15791611480,4
14667783942,5
14418051687,14
15573770638,7
15813220580,8
15983963701,16
15966829427,4
15696742368,0
14451523201,12
15605307995,2
15998220801,12
15640425733,6
15599169278,0
15951986077,18
15401583363,18
15975841781,18
15995799986,2
15858978734,14
15395776847,18
14839185158,16
16009692076,14
15867853690,8
16006526370,10
15985591832,2
15887412182,4
15771118047,16
15178375145,19
15540769380,9
15825636125,11
14404395973,4
15546627668,7
15642173616,19
16003445993,14
15237574962,1
15783036280,0
14463153350,0
16006029640,2
15834778501,18
16032768908,7
15248958872,3
15836536971,12
14005419268,4
15992712683,13
15019359603,4
14225862426,18
15622155835,1
14115685980,14
15821720041,17
15713349639,18
15524754379,10
15829019073,10
14450355889,6
15016410664,7
15728447421,15
15813017222,0
15804755528,19
15212505259,0
15990203490,3
14943330715,1
14142393772,14
14909619430,6
14312875096,8
15774217240,0
15942220769,0
13978372069,14
15629234926,8
14114950242,3
15734029911,14
15905796886,16
15776662299,16
15245701136,9
15808609712,4
14412353906,0
16012264765,8
15829581999,14
15566031868,16
16002587063,9
14123572367,14
14269347237,0
15529212096,2
15733278226,16
15977361637,3
15901787450,9
15814328248,16
15969265751,5
15980431250,16
15743501758,14
15414747486,4
15907646417,8
15806627451,0
14211781147,10
14122209946,16
15716354805,14
15687398736,16
15825541252,16
14211621095,18
15716024103,1
13834985804,4
15172473238,18
14977200365,14
13080223165,18
15927653494,18
15599557414,17
15401353364,10
15873689442,4
15379357407,0
15785056440,2
14231009817,4
15773014741,14
15713121474,18
15765119916,7
15783918576,2
14158721823,16
15583272566,1
14020103026,16
15658209576,2
15750862436,2
15243055967,18
16025093949,2
15893871064,11
14420529931,13
15558175538,16
15644887272,7
16018376969,16
15099980876,0
15808359924,0
15637427239,2
15777587922,13
15905472902,14
15628582020,11
14420351333,3
15571059218,4
15808323459,16
15687613560,3
15999811160,9
15773987077,19
15750636023,14
15450303585,13
15984868909,1
15875364763,8
15805442023,7
16007968704,14
16017034317,13
14004673665,0
15869395456,3
15945791564,14
15472854915,16
15776443343,18
15776926919,4
15277592626,10
15391154071,14
16018510005,0
16002383673,3
14172183245,0
14318018218,2
14044112944,2
15309579477,0
15595544628,2
14138991961,19
15609188342,16
15759826293,0
14258189932,2
15413591041,14
15990572238,8
15925794032,15
15727708238,3
15869258992,2
14471993327,4
15763618277,7
15667793660,14
15641079788,3
15739424950,3
15775639640,14
15403836526,9
15656628957,6
15730479600,7
15830863018,0
14216455638,4
15684373204,10
14149320498,3
15512783617,8
15940780202,14
15813388151,10
15780285265,16
14215130844,2
15808506825,5
14209656222,10
16009064154,14
15931943380,1
14631523628,0
15479632983,14
15564351746,15
14236774607,0
15512702780,3
15983719804,1
14224526435,13
14229052954,10
15262778187,2
15367833701,19
14167821639,12
16014321433,10
14050274107,0
15334471738,16
15304669020,17
15734007028,15
15997707809,2
15806196917,10
15849703801,7
16002184554,2
15886957646,12
15836369454,7
14491492939,9
15766668003,19
15729585116,10
14445400274,13
14909759456,3
13796707237,7
15247155502,18
15418738322,3
15910063107,3
15991154265,2
15706128888,4
14096729853,15
15595677016,7
15452100279,0
15132573713,9
15989252422,18
15388501197,15
15926506337,15
15231283359,16
14976194504,15
15925274677,6
15296787442,10
15836842054,0
16033038384,18
16018524423,13
15697762797,18
14896656595,19
15832332063,3
13870680830,12
15749594459,19
15307978123,8
15978618479,2
15329835434,18
15265491037,9
14411134822,16
16013102765,4
15837320743,16
16021752413,14
14152419035,7
15275235518,13
14904599208,4
15231059186,12
14167349494,16
14971526323,14
14156234634,5
15318995746,4
15944712690,16
15974412320,4
14130210235,15
16029233105,4
14105698346,13
15390171743,1
14808129473,4
15844987079,15
15981264341,7
15998089689,14
14243868915,18
14540136366,0
15920139889,14
15871129665,18
15426760059,12
15878428594,18
14491744497,19
15665330786,8
15769628396,12
14188251155,16
14491720823,2
16032458255,3
15795535504,16
15875887358,16
14140367461,18
15361567987,13
15433257214,18
15751700950,15
15425879968,18
15927607076,18
15734102671,2
15429049324,16
14197562013,12
15974770866,7
14122531190,16
15972099547,2
15962278636,2
15716945807,12
13999338341,2
15745965495,18
15062071005,10
15234012533,4
15995235264,13
14708812542,14
15769765881,14
14026047834,2
14399049737,14
14127412028,10
16015203864,14
15739800941,14
14124169759,18
15785440155,0
14747355312,19
14082850011,14
14115937304,10
14435341314,12
15775731244,1
15366413837,7
15611822747,8
15805941303,16
14160946078,14
15870076538,7
14151146002,14
15935922940,14
14228220460,15
15990785035,18
15732775861,8
14156044290,3
15245821177,8
14224472906,18
14176777670,16
15768711046,4
14079734690,12
14264486991,7
14932957857,17
14487305122,9
15027765079,2
15594886127,2
14120140282,16
14882547255,16
14413885507,13
15829082651,3
15536971270,10
15787512859,10
15831974015,2
16003602427,10
15626149807,14
14492747193,10
15444862774,8
14477899690,2
15919416269,12
14948223488,10
15422979669,4
14342821006,2
16006459321,4
14189801027,16
15840918220,16
15104532689,7
14874806012,14
14115710064,18
13983006586,10
14440552085,13
15811924827,9
15666728822,7
15444863049,16
15245246118,2
15478697613,13
14404578450,14
14980222931,19
15815701474,0
14165479951,13
15799080767,18
13970076187,19
14142998674,19
14138812125,13
15161145887,19
15819381639,10
14489708502,6
15259086855,12
14183629836,9
15943524336,15
14175409533,5
15815011077,16
14964465101,7
15992064619,0
14910060210,0
14222361583,12
15744503870,8
14463098821,18
15718386503,12
14439009175,10
15839665577,12
14434750690,8
15757613947,18
15890031967,16
15437382934,18
15932867517,16
15633701405,7
15909923361,1
14351330867,7
15272142811,10
15785770884,10
14237740302,9
14212812108,18
15455566875,16
14066000629,19
16017885322,19
14196689813,3
14667797819,16
14187620974,3
15681917957,5
15185664640,4
14195248120,0
15805485310,2
14024030055,10
14152177474,0
14224273125,17
15979575435,16
15759316081,3
15221762943,15
14366038673,7
13969175344,8
15745998986,14
15688691898,17
15794656939,0
14028596496,14
15616170897,14
15988234735,2
15929531805,14
15951966753,0
14116888438,16
15575313455,14
15729509360,0
15730349575,10
13760004893,9
14157128513,7
15711657988,7
15697055793,16
15499736256,7
15780285192,18
14167195589,19
15800646956,12
15862526407,18
14557214647,18
14066875383,14
15736752129,7
15307131328,19
15736866000,14
16001308263,2
15738567009,16
15476752638,18
13967349845,15
15969934759,4
16012264955,4
15315996614,19
14197306927,4
15941538853,19
14213743646,16
15806504356,2
14440616179,6
14145458200,14
15856161627,4
15184100674,4
15892340610,1
16014162994,2
15825665012,17
14254245994,19
14204107571,14
14493057674,8
15718460853,14
16009480981,2
15919111279,13
15806446374,6
15473846546,1
14802261087,13
13941109871,4
15733894026,2
15688967342,12
15534202314,3
15723396259,0
15690008396,16
15953293974,4
15965148087,3
14196263923,18
15933031684,10
15560973288,11
13914244227,16
15578046136,16
15586700821,16
15773235064,18
15238685565,4
14605093248,0
15790612209,0
14599933509,7
15685121194,16
15938654413,16
15730114505,15
16018425773,10
15716123532,4
14439067874,7
15889435259,16
14107137144,9
14632304897,15
15874073191,7
15983714557,4
15371143278,10
15880417640,18
14222529132,16
15101582635,14
15993224503,7
15161484842,4
15281770177,13
15689536692,10
15868534840,7
14924483427,14
15824111263,16
15233709501,2
14082889942,15
14493208827,13
15713351843,14
14430931465,18
15630550092,3
15208635290,6
15539239371,15
16012224225,2
15798803691,0
14471101551,9
14575949414,18
14437320013,8
14136120753,16
15730324969,7
15000008682,16
14152489392,18
15428343574,2
15550571848,18
14412460205,7
14152544783,14
15970163842,18
14380746338,1
16032623089,9
15640552785,19
14672635778,8
15781452387,8
15815266495,14
15773917969,16
15752658045,18
14190527901,19
15735218304,4
15576651693,18
14146374889,10
14010382215,15
15160059062,10
13958642022,8
15452782564,14
14137272735,10
16006466745,0
15939171622,16
14287948867,9
15779243090,16
15978446869,9
14470846728,12
15790785668,12
14065019337,12
15036527365,14
14450027202,0
15245763688,0
15967666342,12
15815346028,8
15058575644,18
15894185027,14
15820391144,19
15728379571,10
13941088370,3
14654646696,0
15792594276,18
16014907534,14
14854427701,16
15851643279,9
15872528358,14
15805189605,9
15485371390,16
16009249453,1
15793261658,12
15538874987,3
15990375012,14
16011232714,16
14156012968,0
15900442466,16
15822536976,19
15887988980,10
14118759072,10
14118362223,15
15991241594,16
15935249291,15
13984567496,16
15734573589,15
15939923749,1
14210399046,16
15821228171,14
14349780002,2
14421808976,14
15476829790,14
15995369893,16
15843113680,18
15844238994,1
14486987444,14
14147532793,16
15805984800,0
14928243500,9
15688803998,0
15764249514,3
15318331624,15
14449413306,7
15686700481,10
14006774549,3
14665086841,0
16008876442,18
14148658680,19
14112606892,18
15874447804,3
15743399785,14
14035107380,0
14728269477,7
15970379522,18
15606839115,0
15909065875,16
15081567006,2
16026551101,0
15411892750,2
15971708396,6
15765678310,16
15669465182,10
15830513317,18
13998641950,14
14431655488,10
15729640940,3
15902142079,0
14489213803,14
15540877888,10
14258189669,7
15919120164,14
15815644451,19
15988949718,5
15952742008,14
15506687276,10
15824381867,16
15061084751,14
14352938379,9
15865868466,2
14478892699,0
15902330806,16
14177178161,19
15577001843,7
15460876293,18
15953830768,16
15578714842,4
15825660559,5
15725932290,16
14009653735,7
15823084105,17
14202250790,18
15017006883,2
15811220811,12
15527513872,18
14096760921,2
14903135540,0
15929161618,0
15562624255,11
14156417872,15
15595683427,16
13775787940,15
15927748283,13
15839262475,16
15883531195,3
14335698962,15
15107587965,13
14183979510,16
14196264451,18
15792365946,12
14064061014,18
14204447360,7
15698993110,19
15983440808,12
15973880731,18
14433358486,6
15981486614,13
14481651129,9
15572745359,15
15742186246,7
16034456292,3
15815702836,17
15575909378,18
15876064159,3
14216895599,12
15729456896,12
14141169231,18
15988008483,7
15448437631,14
14944779445,7
15626447171,16
14400776040,7
15733053453,3
15669463409,0
14959543694,2
15895979139,3
16018851884,19
15251367383,7
15735499628,18
15924026197,14
14197485972,18
14308634005,3
15115962586,3
16032078935,16
15783294464,15
14123824983,19
16016716454,3
15729676452,13
15223414407,19
14491487795,12
15105383768,18
15950580354,3
15928393717,8
14099795972,3
14231517404,14
14473260248,17
14194093869,8
15679500685,5
14532195424,16
15538388624,8
14177596636,3
15419970138,13
14154272471,14
15667339618,2
14371761457,18
15983885801,7
14124937147,14
15924492075,4
15728515179,7
15680855388,14
15772115829,18
15708897207,7
15665949452,11
15946687383,1
15986492793,2
14162392290,2
14287636108,8
16000492612,0
14779807287,16
15611115060,12
15404499875,11
15712076506,10
15633985798,14
14179478954,4
14120035812,16
15953454694,2
15744866513,19
15992166423,18
13888913831,3
15945100964,16
15253282627,13
15623595870,16
15547756643,13
15217357499,14
15496486260,4
15932861320,7
14588753384,7
15020259671,16
15591897820,18
15807254913,5
15433775972,10
15834485538,7
15106540316,16
15709581891,11
15725667098,2
15727517629,7
15947607365,7
14081125365,9
13973592891,18
14324091884,2
16031002262,0
15933075546,6
14199660239,0
15532774497,16
15886027596,8
15746971786,16
15800604768,3
14171999463,17
16015377147,15
15800819929,16
15908789224,0
15736789815,19
15986112332,4
15982742473,7
15079153098,4
14171027302,8
15992601718,18
15996276387,13
14150634852,16
15893793885,2
14168731040,10
15221728030,7
15845639601,8
14169940273,18
14231196076,10
14002299240,10
15876330980,4
15783192187,16
15728227923,9
15403083686,16
16033225486,15
15605680193,7
14218297038,4
15670324582,3
15592891128,14
15913417800,3
15700555416,16
15416218028,12
15583240367,10
15867605263,0
15718787742,1
15783448003,0
16014103657,16
14187199244,18
15881303471,1
15669342553,3
14406060451,2
15887489363,7
15907845637,14
15898906315,10
15087958539,16
15076171813,4
15713919735,18
15890063870,3
14318016460,10
15883357301,7
15967039077,10
15872919619,4
14188850456,14
14076438318,15
14070507380,2
15362830257,14
15788962113,8
15229879151,10
15343572604,8
14471348291,13
14195329852,18
15796099646,9
15781221418,8
15950393299,3
14354806301,12
15594875384,4
15896878783,8
15986806249,14
15824796083,5
14464462726,18
15605766104,2
15730495653,7
15434136487,19
15221254904,17
15597106562,16
15765951320,10
14184501496,0
14171812669,5
15367252268,13
15926479547,19
14196830531,10
15879519789,16
15993578678,8
14606628803,3
14163020721,1
13765134852,3
15477082963,3
15731668403,16
15860185207,3
16019981279,10
15313102741,14
15905634081,3
15527286624,16
15578404493,0
15982762093,10
15369560249,14
14123596366,7
15984999696,14
15357792376,4
14228829242,15
15773626324,16
15992913102,16
14371196576,13
15462969251,4
16029802020,10
15303176708,7
15788788651,10
15731097171,14
14478126638,0
15839042497,0
14395056789,16
15339050627,8
14155707625,8
15786383887,1
15250541320,0
15871696753,13
15896922302,18
14212229345,0
15868056831,12
14869537055,14
15924213488,4
15974921172,13
15569533497,13
14189227170,13
15704888294,14
15873278055,15
15713564433,15
15607283693,14
14470819512,14
14206644406,6
15889853299,2
16016777075,14
15246429360,4
15392224287,9
15732339148,3
15984388138,4
13986192846,13
14188072712,15
15926212512,18
15259095466,10
15203906756,16
14667360855,0
15524751958,15
15273380284,3
15985834819,18
15791729859,12
14361874039,14
15267696295,16
15722771351,18
15831384416,5
14803469826,16
15087841075,9
16029940469,15
14096317063,16
16022844503,6
16028392943,15
14197261550,10
14168638822,16
14472441904,11
15513518799,16
15564718116,7
15805701941,9
15610595677,13
14543446313,3
14212182084,2
15573123543,4
16023955304,7
14143028129,9
15835496323,16
15918377127,0
15502682841,19
14023876399,16
14165838942,3
15982627196,10
14851757828,8
15914338832,14
15988764639,0
14901313476,5
14253391801,4
15875147516,7
15315365131,3
15736184900,16
15799562267,5
14122918660,14
15518433489,12
15683537086,10
14199787382,19
16026508672,14
15276536669,14
15133558735,0
14144050965,8
15325092822,10
15981826530,16
14170915556,15
15780046765,8
14096953573,18
14106053547,10
15730620488,15
15616852291,2
15780195287,14
15937003477,19
16014832240,10
14413885544,12
15350290932,14
14257359590,7
15929865830,18
14457731012,14
14153703510,2
14832482685,16
15362289273,10
15090454074,14
14417048345,3
14679707770,4
15999975817,19
14230023567,14
15211449063,0
15807815468,4
14019489607,0
15791305599,10
14526580340,19
15765888648,19
15918071877,4
14222583706,10
14485190190,12
15540978372,4
16010960193,19
15945127403,14
13950670238,16
14219913570,10
15806377450,2
14434975549,15
15881292365,10
15596817866,16
14159888590,16
15665093455,13
15536824914,10
15878362707,0
15561711940,4
14348977293,14
15995676100,7
15731516262,9
14034339301,13
15726941065,1
14465899083,7
15861842329,6
15824520451,7
14144724054,16
14027159678,19
15667086043,1
14210543747,18
15406711886,4
15868701890,14
15833769585,7
15604255138,0
14172161343,7
14156685770,8
15929703313,14
14846014320,3
15521513907,18
15237018645,7
14199843531,8
15941517658,14
14159887267,19
14485306048,5
14903061437,18
14349958924,15
14179318818,19
15833563992,15
15836830259,0
15600809496,10
14160937415,14
13760665682,2
14196910682,10
14207769493,10
14090717140,8
14393519088,13
14941145231,4
14195423966,2
15680159778,7
15775796829,8
14487256063,12
13924361481,13
15562342967,14
15706325736,10
14208468245,16
14276160585,14
14149654064,16
14116126874,16
14156476145,10
15818815391,16
14154544077,19
15806381094,5
14210844055,5
15813713899,12
15821705215,1
15889779525,19
15728236945,17
13946550836,12
15697467451,18
15981612211,16
14128667226,16
15279280752,4
14454664468,12
15798831594,16
16022224096,16
15627803149,18
15832311055,16
15701977159,14
15992761849,5
15549069545,11
14153703505,2
14114211642,18
15834034128,18
15553821867,7
15505957454,11
15730299242,18
16002347125,3
15726984785,19
15889198314,0
14140696368,10
15815588266,9
15926789007,15
15620786416,3
15321038834,1
14894164279,16
15340085065,14
14031110643,7
15759305529,11
15769693790,18
15839490473,16
14228692691,18
15743063848,19
14137646998,8
15935481679,19
15218616292,8
14250741610,18
14047816108,18
15832141294,13
15089597391,12
15232390803,3
15963249545,18
16006803855,0
14168393115,10
16012046869,3
15841725711,4
15949337779,15
15275634391,14
14179407461,10
14192712772,2
14206536860,18
14151048209,10
13746782842,0
14190368313,0
14144945664,10
15397237834,13
14859185931,18
15197450626,17
14347730290,15
15732399095,15
14332970924,18
15751699550,4
15890219315,14
15720966926,14
14191072225,14
13746103952,18
15617449234,7
15891866926,13
15783440158,10
15923066815,9
15973652232,10
14023824000,16
14157063150,12
15775945356,16
14146689386,18
15991195192,4
13886956170,14
15886957412,12
14133407349,10
13916212965,14
13875225045,10
15144064311,12
15764819043,0
14135315426,18
15727744311,14
15542254519,0
15725232453,14
15573812473,7
15733555348,10
14083927605,14
14244903883,3
15036469607,13
15610444981,18
13807375424,19
15624763025,10
15737059457,16
14263496961,18
15252731143,14
15908898076,12
15774510577,14
14440547750,12
15225956186,18
15221010538,0
15829943723,8
15062919146,14
15685347805,13
15847802040,11
15000122320,7
14127000262,13
15677337963,1
15790931840,10
15698816769,0
15575222942,16
15564095927,14
15384745725,18
13997242884,7
15909720805,15
15755588694,13
15372367638,7
14899368409,2
15918574302,6
14470882370,1
15613804116,16
14016097968,16
16009019352,12
15824755465,18
15729123379,18
13068601141,4
14201745309,16
15624694770,19
14476812684,18
15805614906,5
14225381550,10
15359472216,13
14219160401,16
14156761152,1
14227522231,3
15952078304,10
13925999793,10
13778986749,4
13922324402,13
15951747790,13
15819270257,18
15249976053,8
15939760646,3
14185086902,0
15345844634,15
15127372678,7
14156170369,4
14192857906,7
15932305844,12
15890442789,16
15319228542,2
15542355555,1
14203716182,18
15512174689,10
14171365182,12
15866010674,0
15787314462,10
14605005528,6
14767649564,17
15988247874,14
15586088561,14
15443585619,18
14924360664,4
15404062299,16
15789067474,0
14421467075,12
14447749549,16
15695880062,3
14199420008,12
14204629121,18
14815011071,2
14214326419,13
14200915999,19
15906876881,3
15829096796,16
15983515853,12
15315656248,3
15822224005,7
15719377474,2
14467259752,3
15486371957,3
14155830842,13
15978593030,4
14468653984,3
15403105119,16
14480478986,8
14199273692,19
15592007015,18
15568898158,7
14130455778,18
15792942893,14
15355482163,10
15446295457,9
15873482150,19
15876500789,16
15825213095,19
15705744645,18
14150634220,14
16003976519,16
15911151354,16
15731502523,14
15092758404,13
14200807540,7
15875125383,14
14417768609,3
15827568311,12
15251232747,7
15768347224,4
15990931614,4
15965937929,1
15978270229,1
15923401730,2
15090189389,3
15875053352,13
14399199093,12
15582198487,2
15198751183,19
14154192855,10
15452877998,7
15893477945,12
15856114212,10
14691771421,16
15935062431,16
15957518031,16
14467728886,7
15806724692,13
15792643259,9
13536360534,19
14191369817,16
14107016833,14
15497326124,8
13881899135,3
15297563221,10
15802241778,13
15820711299,15
15546048233,1
15972383971,19
16001378525,18
15874447953,1
15752510731,9
15765083463,0
14277314766,2
14492745901,19
14136310943,11
14419854609,17
15873810984,4
15166079833,2
14147032785,9
15807450328,2
15613476279,16
14232670069,16
14129039311,16
15729456022,14
15150897705,17
14146116541,9
16032964997,4
15727406364,18
15558111797,18
13994734334,10
14209203266,18
15922410380,14
14179933734,3
14156847198,10
15924334988,11
15627801322,18
15769881565,12
15356377573,18
14427110239,9
15595908646,14
14155692726,3
15582268146,19
14345034667,9
15718793119,7
14210703437,13
15960706066,16
14229044094,8
14958970838,16
15632612119,15
15723709873,16
15910058975,4
15885505901,16
15935392806,3
14099926203,6
15795155212,5
14344877788,14
15830878354,7
15725923552,12
13918702095,4
15945315225,10
15806627443,15
15436898008,15
13912277093,16
15641935100,0
14131796975,2
15083651772,8
14167048891,10
15771148014,9
15774042815,9
15990487124,14
14211266849,0
15420816876,1
13977933667,14
15765679946,10
14253647278,18
14187941495,18
15136575243,7
14437416024,4
15740193938,4
14032252332,16
14673532537,2
14199488888,18
15929543010,10
14469800205,8
14124683965,18
15706155502,16
15884355964,14
15720500408,10
14846012511,10
14030909064,3
14740194897,7
15648187001,13
16033163845,15
15405169357,8
15592147250,14
14201317972,13
15594937737,16
15802522448,2
15871298698,8
15995946718,17
15826481301,0
15228145900,10
14392564592,13
15529173513,19
15748926552,9
15614112400,10
15477612515,14
15602432792,14
14185031808,15
14112503486,14
14193395937,14
15623866679,3
14251587334,3
14051769403,0
15592780704,3
15774264036,16
14387041306,18
15703920276,15
15587421140,8
15419064683,16
14615700085,4
16020974211,13
15997941232,15
15577706729,13
15324174504,18
16012907048,0
16028122838,14
15986065240,13
15409230144,3
15674910845,5
14263167394,16
15992729716,8
14445309916,7
15739499430,10
15301510064,1
15772787444,14
14212079023,10
14256370839,15
15937533847,0
16015671524,0
15333194630,16
15782216799,16
15944177878,18
14329869071,12
15809398592,4
15989075698,19
15920761508,4
15591036787,18
14134039094,8
14982849903,14
14400454223,19
15437776575,15
15789531366,4
14352696637,4
16034187464,2
15235645243,10
15771997415,13
15821785971,2
15952000433,16
14961466974,19
14621345800,2
13861179628,7
14158215907,18
15797803566,2
15965429108,4
15589739559,18
15278070257,4
15852966195,9
14206318225,11
14128675198,4
13893935965,15
14861002870,19
15819581429,1
13870363882,13
15832919014,4
15903847308,0
15751699341,19
15325379761,16
14181188519,10
14127654656,0
15408035412,18
15775170045,3
15571902896,0
16014037359,18
16013288337,16
16027559729,19
14442824708,0
15597529432,19
16006121736,13
15282701414,19
14847089710,18
14269482172,10
15791849520,10
15718397072,14
15876318408,18
15906722879,5
15696059911,8
15871602354,4
15792636159,16
16010306943,14
15591534781,13
14479003200,18
15073515354,0
16034877900,19
15666750052,13
16004291975,19
15824652935,0
15760949256,18
15222913826,18
15828604221,12
15637952213,14
15995755929,7
15698571341,5
14185969757,14
15721503636,9
14186981713,12
14248556940,2
14485629763,16
14718249508,14
14406170600,4
15615353417,11
14176704854,7
15847201704,19
13979509302,16
16012090170,14
16025906905,13
15716222649,2
15321129010,18
15871403556,1
15542551263,16
15922979266,16
15206855316,18
15893748715,9
14186823861,2
16003342113,14
16032858127,1
14235339318,16
14187792091,16
15786256175,14
15193857949,16
15487229795,10
16018154752,17
15720101413,19
15746387204,1
14165012250,10
15202951754,3
15588445057,8
15802865342,16
14113441631,10
15668504109,0
14139588400,15
15584488392,17
15862117343,14
14830083789,16
15918801690,4
15889790720,3
15825316818,7
14162392303,10
15268138263,16
15696478539,19
15188337728,9
15357724336,7
16012393999,4
15802327754,14
13883560912,16
15301745262,19
14447587927,8
14441759400,0
15573771557,8
15689467113,7
16013980360,13
15965267700,19
14101913051,13
15311322009,8
14199801326,10
15130935951,13
15390501078,8
15561637882,14
15993691859,5
15733895443,13
14031681098,16
16013288246,6
15646439564,15
15994463408,12
14932679205,19
15810042646,5
15490993970,9
15732358789,16
15811922655,16
15945315251,3
14214522905,0
15785686890,1
15605875822,16
14448587336,12
15987831222,13
14459410721,0
15831383792,10
14473003445,4
16034829055,2
15592004529,16
15594266213,0
14454664959,12
15908690302,13
15617307334,10
15753471111,14
15262523117,10
15750395887,10
15999862590,13
15786376887,9
15904266235,2
15390186404,15
15156099207,0
15755216692,2
15770689529,16
15314952204,13
14288786107,16
15971393073,14
15571303242,13
14900428200,16
15947070485,3
15670610491,16
15525782819,13
15785531888,15
15803888136,9
15529265084,4
15679436555,16
15883777237,14
15728463466,14
15229177535,10
14160741147,0
15175722864,0
15637838398,14
15988763119,0
14358681551,6
15839214583,1
15962812899,16
14818529197,0
14154896003,3
15394580210,15
16022640546,19
16024277141,18
15712100583,18
14255693475,13
14390747823,18
16019182430,14
15178911368,14
14180882101,18
15953821694,14
15793449963,14
14173591451,9
15089302905,0
15840798377,18
15945739536,14
15944571766,10
15803722652,14
14095434160,0
14048069461,0
15833191344,3
15455249391,18
13751912227,8
14215500788,10
15239116601,14
14195678325,10
15121450434,3
15908909488,18
15828682006,4
14876502122,18
15947439832,13
14635752563,0
14195392693,0
14470171151,2
14209814166,12
15854846053,14
15942842501,18
16029799425,5
14171870952,7
15284849519,16
15832955848,7
14170427142,10
15720098868,14
15666998320,15
15734501993,11
15816672832,15
14344171951,1
15205877774,10
15231279982,13
15279900885,9
15907391792,2
15293237920,7
15722362237,19
14491380724,8
15432387103,16
15458124421,18
14731003396,14
15875350369,16
14140711891,2
15644630131,0
15077968443,18
14971600745,3
15842794514,19
14236178199,16
15782802159,8
15622651374,5
13835055747,8
15605050859,18
15763641052,16
15765737079,0
14171005786,16
14064794148,2
15872595560,13
15945188886,14
15696563734,16
15304290992,18
14429474504,7
15077915564,3
15771038146,14
14160375520,16
15523111859,8
14126837622,7
15875123818,14
15674447997,10
16027078228,9
15636541519,14
14731213270,10
14484458252,8
14170227247,14
14394959701,16
14978912135,3
15667377010,8
15560963595,9
14183458597,14
14708129773,7
15891402459,19
15845546460,10
16018065606,18
16015834033,14
16023391975,18
15433650295,19
14223527517,13
15751803451,14
15908469387,10
15969923979,2
15829815350,14
15819381252,19
15727403372,18
14221143110,19
14077092563,8
15956596398,19
15558557073,19
15680072666,13
15358487611,12
15272168726,8
14485895482,8
15908160710,14
15937488923,0
16028423836,10
14150779939,2
14434546354,14
15239137460,19
14144216558,16
15340821696,12
15883496857,16
14456012813,10
14441778270,4
14124280816,0
15194333579,9
13924801722,16
15925602568,7
16032850165,0
14494482722,16
15979692618,16
15702566111,7
15764705759,10
14031864458,14
14292112117,14
15180777228,19
15273107601,18
14138562120,16
14172225277,3
15815207664,8
15473184855,7
14164432930,14
14170737983,14
15291906392,2
15494945123,13
15208057636,7
14422723954,13
16024715912,19
15627124082,14
14489566095,14
15830198477,10
15691582615,9
14419836833,8
14292390859,3
15606767355,12
14091963923,0
14909823702,7
14754855830,16
14162921132,0
15237574749,4
14470485230,11
15996477999,2
15760125992,18
14170425310,18
15817219811,14
14110223164,7
14185021748,14
15221081397,0
14988072703,14
15993924703,16
15692716694,9
13887581113,2
14483702215,4
15745934666,19
14194580479,3
15775573923,4
15385383304,2
14206414523,1
15936007448,5
14018166934,7
15873689215,2
13825530772,16
15562611473,11
15293871683,16
15597514322,14
15861842785,6
13725785715,0
15357950289,7
15818479919,9
15601270679,2
15218322916,14
15547400517,2
14416014777,3
14105485161,16
15449566165,16
14063320352,7
14435071860,16
15097108029,8
13890257328,13
15878185167,13
14438560591,13
14392278523,16
15627492236,6
14672635512,0
14320529463,1
15842771219,10
15417412664,19
15591038514,14
14424635820,7
15919823158,13
15685755744,15
15066859298,15
15392704621,7
15829960101,10
15913429570,14
14691250164,15
15609775198,16
15590131745,4
15848217657,19
15701384075,0
15786363030,4
15755083967,16
15575312760,2
14195054780,9
14190451005,14
14433644333,0
15910262673,7
14071743970,16
15787890832,4
14170073165,2
14014343808,16
15984002218,15
15200238835,8
15981649470,16
14160343441,12
15519634926,14
15554125045,8
14345095580,4
16006199676,16
13970105325,0
15831689765,0
15781097906,14
14717494458,16
15631794814,9
15775038838,17
15822727179,17
15800775351,4
14170174411,0
15845273510,7
14106400083,18
14214155243,17
15434581740,3
15250331834,18
15771004901,17
15962685230,16
15937015779,14
15764704099,13
15359479218,0
15892282345,6
15430982728,7
15962812525,16
15871322834,19
16012074824,16
15718454567,17
15925764610,16
15616359756,19
15103122576,3
14436093879,15
15700041845,14
15405455581,0
15838151264,2
15957671290,0
15677601713,18
14241370439,2
15571310983,10
14947774841,4
15774648429,10
15813099035,10
15492093278,16
14447967181,4
14679849861,4
15710029635,8
14439096322,0
15948580952,14
14465351626,14
15850381583,2
15876237729,14
14420402969,13
14166909309,4
15655555725,16
15917367217,14
15841257442,16
14139569306,2
16001786871,10
15732387351,19
15798345003,1
15798810662,2
14183659738,5
15702547724,15
15259996290,16
15481160389,19
14189227252,18
15577007434,10
15738083261,2
14238007879,19
15603772859,1
14442246611,2
15909533875,0
14705312237,14
14204099877,10
14437272794,4
14166896708,14
15744619124,14
15434679211,14
15258093852,0
15914702501,14
15534852284,10
15822864425,19
16011880583,18
14822425454,18
15149518718,14
14354668538,9
15728430898,8
14708040912,3
15249344812,16
14474208392,1
15190187714,4
15669570746,16
15526549464,10
15949646135,16
15937379465,13
15676084003,18
14214120146,17
14375611684,3
15234727976,13
15921601148,13
13746790577,10
14463331792,4
14128663380,18
14258852591,15
15526312859,16
15871471866,18
14098358236,19
15315851873,2
15242986348,0
15942079398,9
15233008454,19
15894391687,14
14172811282,15
14855729871,15
16000188616,19
14424608049,18
15627323257,7
15928368510,0
15980439617,13
14019877616,18
15715849545,14
15988769472,15
15818310830,10
15811222449,10
15621050502,14
15384986182,4
15824052343,10
15714217692,18
16017126255,4
14365342530,0
15591642511,0
16028878063,14
15989252377,4
15666303543,18
14261618990,4
15754371195,18
15782592634,8
14724419090,15
15682787798,10
15666993343,16
15892423657,8
15994627411,1
15380124621,1
13865454019,4
15187721689,14
15670516152,16
15748873494,14
15813286962,10
15706711480,14
15681319473,1
14237321242,12
14271382424,16
14166472551,18
14047641747,8
14247283110,7
15620917724,2
15086675087,9
15766073228,13
14473242644,12
14163170331,2
15515078947,18
15774038368,16
16011487239,16
16010093099,0
13083945523,15
14294216183,16
15674149036,15
15492797556,3
15907130979,14
15806090276,1
15912810294,18
14242263118,10
14156498916,13
16018335982,14
15508202713,18
14026871610,16
14480195204,13
15773192159,18
15943588814,0
14198732469,12
15446315047,7
15763748150,8
14127382025,1
14229835497,4
15789653827,12
15962812434,8
15811392968,3
14297836278,18
16015902510,3
15908358711,5
14261708357,0
15359480708,4
15679211506,4
15829112075,0
15936734594,7
14522610854,7
15112011300,4
15932973538,10
15767439821,9
16026280613,0
14439835505,3
14041278266,16
15962386693,5
15819625461,8
15979295073,19
14203081963,16
15554259126,17
14479511346,10
15030456147,12
14200806593,7
15668547310,2
15809148039,5
15990583069,13
15446382472,0
14157341442,8
16012856302,14
15415606805,19
15689188957,14
15791087309,15
14193759952,18
16033133672,0
15873885240,16
15949381265,2
14458672463,0
16021737503,16
14991692736,3
15448131768,14
14177123525,8
15919617527,7
15757195354,13
15764237426,18
16018525606,10
15097738419,14
14272347036,9
14200900783,13
15557561609,0
15744153522,9
15593655017,7
15316654342,2
14753708655,9
14996305507,14
15917710405,7
14230266094,2
15878011917,1
15398460484,14
14176504994,3
15784552059,10
15899865405,16
14646686954,19
15729478597,18
14104652662,9
14250331696,19
15726728806,2
15936095366,7
15480044742,9
15756665438,19
15980437538,13
15769091347,9
14203006839,14
15954516775,4
14201318040,16
14166407085,14
13868441919,8
14091662087,7
15813197781,9
14029614127,8
14238972978,12
14388774891,18
15090454201,14
14001820785,13
15927576156,7
15817259731,13
14555837726,1
14002299194,18
15767845719,16
14867426727,0
15240028274,4
15511801379,16
15747872688,0
14196681034,18
14748312239,2
15948580290,0
14158139345,2
15438310950,16
15896636811,19
15281465651,4
15878133698,18
15720210186,14
14404577743,5
15239359890,16
15538770661,12
15787371777,19
15774281174,0
15058609176,18
14262894787,3
14394575617,13
14898325337,18
16013125326,18
15800666141,10
15671149665,15
15802545196,3
15763616994,4
14939364708,7
15902638579,4
16008361386,2
14195283762,18
13986885142,17
16030283015,10
15474644945,10
15870741665,0
15749743128,10
16032336048,4
14174256460,7
15984919061,0
14141896430,15
15872390002,19
15822526864,2
14237710100,2
15724094273,10
14174001102,19
15276322532,14
13891709123,6
14918950339,8
14465841564,9
14738608027,0
14360085429,7
15642210116,10
15773177795,4
14140523183,2
15898342285,19
15177777295,14
15731743350,18
14407152052,2
15712941159,14
15254325067,12
14150168541,10
14143065903,19
15591401975,16
15576999115,2
16010373989,15
14189898284,2
15398882009,18
15631419031,11
15757682305,19
15895400476,8
15508634806,0
15831829522,14
14105501832,9
16018525413,2
15995746280,12
15800521940,19
15221704311,10
15420653619,4
14125634294,4
15146260608,7
16002064221,16
14980222951,8
15115842856,10
14009159998,2
15189089010,16
14481513544,6
15965012099,0
14365342762,6
15702944946,16
15607751238,2
15350776259,9
15926555362,17
15952026138,3
14010117190,16
15260810236,16
15834375008,0
15761901331,14
14162844160,7
15738725360,3
14945216532,16
15221538692,1
15877093353,9
15359586639,0
15808079359,4
15195536853,10
14232144613,1
14191107940,0
15511850176,4
15935177576,14
15295159494,19
16022917997,2
15884769755,18
14122064353,14
14017019387,11
14169192283,14
14024496570,18
15968608661,0
15999225435,4
14165616821,9
15772930458,7
14165950646,14
14279720894,4
15911154809,4
14910353647,0
15898335266,18
15772592841,3
15904282496,12
14102191928,7
14895242940,14
15802422886,10
14924479595,0
15919763574,10
14157748804,16
14216734988,6
14174510778,14
14915589804,15
15358766848,18
14035435887,3
14458485804,3
15790123148,4
15784739582,14
15294725931,0
15704037765,3
14208096199,19
15901757762,12
14203751799,14
15541393405,0
15785429627,14
15446316849,7
14418245923,3
15237090927,19
15725395924,15
15132083427,11
14149138355,18
15798751179,13
13947869109,9
15152938339,10
15078561799,4
15713352225,14
15864999872,16
15890967973,14
15793764011,5
16006391239,4
15968517283,10
14121556466,16
15775213165,5
15850171279,7
14201799096,0
14379138217,6
14156855093,18
15969158963,0
14739911310,14
14214706296,17
15940811463,1
15785167538,18
15764929974,16
15877924872,4
15805011727,14
15666005056,1
15949108167,17
15449094036,7
14890594959,16
15590845092,0
15003122419,8
15357363943,18
15912042350,18
15766970694,10
14010117238,13
15870876213,19
14936404523,5
15792689569,10
15769594977,19
15427729642,13
13982691581,13
14214326322,18
14099796002,0
16029927965,10
14482288596,17
16010453779,14
14172939285,0
15995860179,19
14168660008,9
14406941270,14
15611759814,7
15089443326,10
15559327071,3
15830736958,15
14576996645,0
15785717962,18
15234857359,19
15803662580,4
14420125661,14
14207192643,0
14238279602,4
15803279757,5
15947598837,15
14430161105,12
14151763654,4
15817043520,10
15149800977,14
16025916621,4
15759259593,19
15912222926,7
15965638946,10
15944119778,13
16006092134,2
15616311643,3
14639180478,6
15588915358,16
14153054000,18
15716123470,0
15233011072,10
15420035193,19
15726551161,15
15321895818,17
16011181519,9
15812010330,14
14485925617,13
15570469758,9
15301349211,4
15620940442,13
13867272918,2
14528640565,0
15820973243,10
15722698716,2
15976457604,18
15173327661,14
14849817830,8
15872298104,18
16008552877,3
14487997557,3
15443133220,16
14208824318,7
15306016846,16
15871277708,14
15790121846,13
15252962116,8
14144929162,10
15808627153,16
15765243288,8
15873280792,2
14489358947,18
14093331784,15
15922432000,16
14686997094,2
14913001272,16
15353346858,0
13726592092,4
15288507135,10
16014209318,4
15562701297,0
14450767728,19
14237862869,7
13779717523,14
15995293186,3
15941521388,19
15663905465,4
14443712172,14
15193362846,16
15689507425,19
15768769843,3
15921831688,14
15806736797,1
15737059559,0
15742065790,18
15879301228,7
15994778704,4
15772394055,12
15501500549,18
15811897330,16
15944320701,0
14207189254,2
14484093540,9
15998369806,0
14124519522,15
14037721719,16
15359457521,14
15604891599,16
14113658709,16
15150111557,2
15934930209,18
15602385379,7
14442334684,13
13916039308,15
15986369832,16
15543463229,2
15493405948,18
15722572083,2
14899808240,14
14444398424,0
15905704684,3
15318389728,2
15519649569,13
15752672536,14
15697935136,10
16010285189,4
14393518936,14
14704953111,10
15269519104,19
15985095686,15
15935233592,14
14821463048,15
15839209910,7
15784112974,18
15028306528,14
14898906054,10
15550875674,18
15879110887,2
15132083038,14
15435360711,18
15785420678,2
15094693955,0
13931073843,14
14600614268,2
14440574371,14
15062314641,4
14266663632,16
15605793422,9
15501638673,15
15875889264,4
15703483011,16
15228660875,0
15675952707,16
15985192350,14
15921632724,16
16014847519,0
15841814162,18
13970881814,0
15154235684,16
15889513391,19
15910829581,2
14191991384,4
15447979513,4
14144622875,19
15318882824,19
14494139429,0
14019523632,10
15981062599,4
14450405545,16
15540339970,19
14217687640,16
15437602744,9
14135953497,13
15106951168,8
15969679360,18
14124792562,15
15760500432,15
15509133655,13
14080556448,18
14895911101,7
15918028067,16
15314611182,0
16010316884,18
15507680703,0
15359356133,19
15513058142,0
14708232327,14
15887496788,9
16012895302,3
15405809806,18
14442933122,19
15770929628,18
15092500488,19
15090006367,10
13043726612,18
15983025178,3
15924504410,10
14029073625,14
15967511555,14
15615516426,19
15940120283,16
14740202460,14
14105778279,3
14954848310,14
14174031517,7
14179753482,16
13750330640,3
14491478526,10
15150118737,0
15376423809,15
15793453017,3
14458407872,5
13975890694,16
15953739125,14
14219914612,11
15361771649,10
15799779419,2
15790485514,2
15990329462,3
15588018149,9
14167088536,13
14208837095,19
14415736702,7
14502171792,13
14351604571,19
15835499758,3
15323019645,0
15995451989,18
16016476353,1
16029381250,13
15220174305,2
14202889635,2
15268363396,10
15812940942,19
15888108111,14
15850801407,10
15879707807,16
15601913169,15
16000349660,4
15768940684,2
15745938676,1
15799142121,4
15684773264,19
15499258129,0
15821064872,3
15620795978,3
15927631401,10
15789225286,0
15935878577,19
15715311291,13
15976530623,14
15686707738,10
16016222847,2
15739639243,18
13847005438,10
14973010010,2
15908116420,19
15234091870,16
14576996162,2
13769691666,18
15834226363,12
16006029582,0
14111817089,4
15874370616,2
14899155584,1
14229763898,0
15640581874,6
15277292890,12
14139195220,0
15820144177,3
15665168896,4
14085997269,14
15983267694,16
15782488352,2
15834410676,10
15589461436,0
14145725804,14
16032717987,7
14090846802,15
14736877524,14
15590416834,1
15621745867,7
15717340304,14
14068482149,14
15586238305,18
15768004164,3
15286606625,14
15077695946,10
15708852750,15
14447506970,19
15730639059,12
14119417349,4
15505270345,18
15947404681,4
14072317402,14
15799830243,9
15778728833,7
15913988117,8
14258852380,15
15121982938,3
15772139211,7
15834485451,10
15322055895,2
15132798538,14
15927346724,14
14495402007,14
16028446811,0
15389144827,13
15784651953,10
15609481035,7
15682651405,19
14234501631,18
15018540931,10
15482757404,12
15791069467,16
15950946423,16
14221167261,16
15388166214,0
15610186464,6
14146629705,14
15638113377,7
14800656424,16
14420487544,15
14219525968,0
15242408442,4
15771119113,18
15996345220,3
15865232398,16
14228445867,14
16031729858,10
16032415916,16
15788113636,0
15265190231,0
16005323213,4
15789169955,18
15284383623,8
15484597494,1
15666797644,8
14369387285,16
14201342815,8
15435492793,12
14433130716,14
14898420755,10
15977318673,13
15818887211,0
15800911575,18
15682786907,18
14237234287,8
14207801968,10
14101822273,9
15276065142,18
14465343884,7
15821760439,19
14126415062,18
15586663176,4
14726392214,18
15396622136,16
15975781157,10
15937674199,2
15977406043,7
14223195749,16
16015984473,19
14184723551,18
15014049643,16
14978874793,19
14898347950,2
14141384640,9
15977480141,16
14464533911,5
15578741477,10
15782892777,7
14363021229,4
15874800719,4
15230015566,10
14143516893,7
14142807077,2
15948500657,16
15691450460,15
15981062594,0
14818390616,1
14690776193,14
15893251435,3
15899517657,18
15148272071,16
14896809060,16
15899517902,16
15708876156,19
15755152522,18
16004355602,18
13857961024,5
15767872354,2
14859913439,10
15964220729,16
15810131803,7
15670697375,2
15354667217,10
15220858086,10
15888006749,18
15553398729,19
13993223486,10
15122578696,6
15768695933,4
15921414208,4
15780753981,14
15392263200,18
15798779955,5
14394984484,14
15750705141,0
15200865256,10
15542384600,2
14353532228,0
14363841274,8
15987322576,2
15093667436,14
15991074704,15
15507688405,11
14169824820,1
14977908907,7
14525561309,0
15995570754,12
15701977076,14
14191846668,17
15786417664,18
16034554354,0
15806204865,14
15181632689,4
15440712668,10
16025460116,18
14973991528,16
16014206698,18
16001375330,14
14269871906,12
15602840891,11
16015900459,16
14199474700,2
14140757563,15
14433685354,3
15713281777,19
15811734204,16
14552090349,0
15529265491,10
15062314527,12
15772325395,4
15763714386,7
15790666535,9
15437584552,14
15981014021,11
15970973637,10
15515837827,2
15769986596,8
15698076392,14
14222266520,14
15996505380,11
16012063389,7
15541471956,15
15994075400,9
16023483479,9
14464534287,9
14444302746,10
15765403139,16
15767121715,3
14156369671,8
15903404690,1
14086927176,14
15845045063,16
15727119351,7
15631283377,19
15780871882,4
15527390646,16
15912693604,0
15723250073,13
15350229556,10
14248140772,7
14528242098,19
14164503724,16
15848768611,9
15903748722,13
15724272201,4
15290970027,10
15745622063,15
14173443893,15
16015195725,18
15976679953,0
15521323678,0
15724342675,3
15912231026,8
14179442693,0
14585554961,10
15712999864,2
15766559368,14
14177479433,12
15721060469,18
14481987086,16
13536360607,19
15744792164,0
15552479511,13
15599065603,16
15218011895,9
15633261590,10
15420816099,13
15928491183,12
14707739038,18
14862811900,18
14234265484,10
14218612333,16
14165122455,19
14473251147,12
14155675663,14
15585419687,16
14217663195,18
14338253303,18
15529770858,7
15769570013,19
15728121199,8
15505419073,2
15147218202,13
16008670920,8
15809191038,18
15411772042,16
14954637341,4
15533799666,18
15596432176,4
14429137036,0
14138359355,14
15767916363,18
14222385112,7
15833042602,16
15460850366,4
15895384439,10
15664547832,9
15931217290,10
15992372478,18
15561115942,2
14609255992,4
15656433864,9
15810385095,7
16001344155,4
16000223024,15
15946819866,8
15861670786,18
15893244606,14
15980145204,14
15949295849,10
14212285501,3
14213328989,0
15991056728,10
15952958566,0
14776387570,0
15556474093,19
13965467771,10
15636609549,7
15791474006,15
14113894234,4
14465994754,0
14147742285,15
15329888008,0
16017902208,15
15878363574,16
15576570795,16
14488254142,7
15844786691,14
15895187937,0
15750471121,16
14057313221,3
16005314366,7
15778468059,19
14125006041,7
14215393558,0
15997969575,9
14155118702,18
13758473202,13
15891101866,9
15683129481,3
15960485271,14
15621815250,13
16026802615,18
15998012813,10
15891135779,16
15978163446,1
15205166318,3
15962546866,14
14662512484,16
15173083273,1
14481187315,19
14324317975,2
15306081797,19
15796433519,14
16001686360,14
14869758494,14
15812194168,19
14622718544,18
15834225776,14
14146458806,18
13950837639,14
15221786225,16
14140585812,14
15984793460,9
15848166630,1
16007390094,14
15549818992,16
15799016963,16
15965012095,2
15719318623,16
15811530381,4
14322071537,0
15395637053,0
15107572351,15
15973839153,19
15513678979,3
14481458039,10
14258564495,13
16012214928,8
15997716506,16
15772114218,8
14263509855,16
15718863103,16
15561605525,5
14173753512,0
14073726322,18
14354668547,19
14487369092,18
14658579849,19
16024106532,3
14345095578,1
14366393788,0
15998770725,0
14137030328,18
15234823716,14
14425885149,10
15770290177,5
13862627527,2
14198400386,19
15768245733,2
15964653816,1
15608416996,7
14088153138,9
15789214677,0
15238868693,2
15751643937,2
14156999790,16
15564796912,14
15619818806,10
15845800980,8
15895717731,14
15929484669,0
14657227569,6
15765735281,18
15595666974,10
15724486158,3
15779255535,4
16024417026,15
14271463501,4
15533162709,8
15149198431,13
15727097736,13
15989814311,18
15218615872,2
15775872877,8
14115047842,3
15713386456,10
14485290939,11
14994620564,12
14215244233,18
15739602013,7
15910220025,10
14943312457,0
15994784126,19
15990117851,13
14215578838,8
14476994674,16
15582698606,19
15692637262,14
15685353507,19
14176793204,16
15311246233,11
15803733047,5
14261718824,16
14064697385,0
15830175260,18
14139997106,10
14443711731,15
14481988938,16
15775639720,14
16022647405,4
15983885709,18
16000571459,4
15790346460,12
14113893993,7
14054734113,10
15789703241,18
14660824874,18
15822112509,6
15569184820,18
15755871921,14
15790007187,16
15104823461,18
14485306098,7
14199480909,7
14976313558,19
14989006703,18
15825921890,2
14420382969,7
15878420553,3
15821720150,16
14450504050,3
15796880142,0
15519351906,10
16017899961,3
14066629267,0
14030909487,14
14064214735,8
15796845399,7
15985315878,4
15831092062,8
15812499264,0
15830560253,14
13811844532,2
14191142525,13
14388752433,3
14207802288,5
14129345023,19
15781358083,14
15120911782,8
15883875131,19
14529529743,14
15770145074,14
15991007795,10
14275510327,7
15754185359,8
13563114880,18
15409864174,18
15991203572,16
15782133433,4
15104529679,17
15884966727,3
15731595096,4
15856578407,16
14122681984,12
15956810928,7
15669857864,14
15977101955,18
16018949534,14
15856884681,16
15840770994,14
14082874807,10
14567703496,13
15801489752,0
14595853162,15
14548887856,18
14231083445,10
14375611732,4
14111970812,0
15638426116,5
16007931582,19
15619478507,0
15830176472,14
15926688680,4
15770005890,16
14070687996,14
14485971295,16
14224879581,10
15954081533,10
15938622204,8
14470352300,10
15935800196,14
15308010442,0
15970233727,4
16026894176,18
15564497870,3
15256825658,12
15880970608,2
14469910375,13
15731848268,5
15698782827,4
15793407566,0
15807846633,18
13951626638,10
15671149775,18
15995799993,9
15768225786,18
15937624526,4
16034964128,8
15889364860,16
15681453410,14
15997812515,16
14761650340,15
15618848735,17
14873210246,13
14480598749,9
15756271062,16
14463386381,18
16006161650,18
16015573579,14
15995447429,10
15823842856,14
15403350214,14
16026829760,10
15943043192,14
15614885511,15
15924026302,14
14157937216,18
14360338601,14
14992285514,12
15723190960,0
13952957595,18
15975781343,10
14651906668,14
15552007889,18
14019902823,2
15753050690,8
14197279191,13
15945622318,3
15697614167,13
15870651361,14
16009093860,9
15260912395,1
15718958653,2
14225321239,12
15898209119,13
15640152038,15
13950670941,15
14967934968,4
14036638164,10
15734341820,2
14405284995,3
15802378016,14
14187562015,1
16005427302,7
15804756404,9
15981012985,10
15890013467,0
15671902934,16
15561380278,16
14217363875,16
15903441328,1
15735429763,10
14209809669,19
13752010732,16
14749188009,3
15630471876,14
15221697180,6
15738543554,16
15454043025,11
14168280386,7
15509461915,7
15482217199,18
14493735115,14
15730599254,15
15706608132,18
15885278152,1
15076277791,2
15300876930,16
14462639208,2
14235722324,19
15978617857,2
15740526198,16
15874425307,0
15893383292,16
14196209549,13
15630793651,7
15791095878,0
16016880958,10
15972310158,5
14182121146,16
15929218726,15
15830589433,19
14191430635,14
14917812110,14
14179738425,19
15674895234,19
15945685571,14
15766784276,19
16014228959,16
16013984544,0
15877541067,10
15640162558,4
14107475004,12
15956194755,16
15587305615,13
15358894070,16
15920762197,3
15872306609,8
14427190577,0
15172709918,16
15766344735,13
16027413632,10
15820049945,14
15768055410,13
14978462749,16
15723828189,14
13828443096,7
14218680499,19
15899845255,13
14137257287,17
16023936282,0
14204099368,18
15716125458,10
15782311473,18
15834245995,0
14347795592,9
14135547617,8
14210482448,14
15822702258,18
15984932129,14
14701816637,9
15970802540,14
15420580008,2
14092288379,2
15833579949,13
15771251670,15
15119460575,16
15937946769,16
15908789093,10
14187872087,10
15472628913,7
14378026088,3
15950817467,0
14401721593,2
14146926545,18
15251529343,0
15559938598,4
14435339791,18
15592007206,16
16028851171,9
14142048597,14
14246328679,19
15320760083,10
15786021278,13
15980404274,4
15999020898,12
14347635668,8
15766131137,18
15722373632,3
14457012931,10
15929166389,13
14540060086,12
14388471112,0
14840841961,15
15920307034,12
15811133543,2
15735429765,13
15918314494,4
15640376048,7
14122682012,12
14652418128,18
15800396980,10
14467524833,0
15276892950,0
15625399850,3
15249955247,19
14182345125,3
15875793183,7
15990367695,8
14972793265,18
15307275750,11
14232424419,8
15684769728,4
15251461094,16
15514552511,6
15090412356,15
15484648268,4
15877436597,18
14678281215,0
14863808263,18
16008629024,14
15793545919,6
15881636126,13
15606126501,4
15295571391,4
15979430969,10
15681671686,2
15902926358,12
15761374450,14
15791099608,3
15968167523,1
14104539739,16
15248986412,4
14247880799,0
15995074908,2
16008385334,4
14784642964,12
15465374854,16
15935232325,14
15543102572,13
15747608589,16
14172161284,4
15751695901,1
15599151999,15
14485064884,15
15527761789,12
15130883084,10
13902886626,16
15803330675,14
14437625450,2
15757200023,14
15994628516,10
15632588899,18
14411796180,14
14177367077,8
16012949491,3
15701946927,16
15319985186,12
14359592368,19
14779899116,11
15998915750,16
15885566577,4
15790981208,16
14119848193,9
14337284644,9
14195052662,0
15379032014,16
16034476707,4
14184852188,0
15361999681,18
15380163774,12
15784508102,15
15808077073,14
14174520517,0
15025388677,14
15360905832,16
15278345124,15
14185899517,4
15812406024,2
15786280463,5
15772929744,10
15737465000,2
15249784416,0
15784442847,15
15516894369,10
15913413082,8
15338102745,4
15823857768,14
14344594139,18
15914914597,2
15538089568,2
15692789895,14
15248244665,16
15831383797,3
15443975092,18
14464090688,7
15833641781,3
14138885185,4
15984801608,14
14101655981,0
15896080944,16
15764704162,14
15710221119,16
15803662655,14
15727516365,11
14141500769,10
14583717696,14
13954396499,18
15850717572,14
14198021241,13
15574492738,16
14480481171,3
14405237416,5
15635429883,10
14953819361,7
16018938969,3
15890239131,3
15670301380,10
16025046207,0
14139062715,6
15913916160,16
14037082399,2
15149280513,0
14182073674,19
14435337975,2
15773419700,7
16034694660,15
14219509834,18
16011323114,0
13993223433,16
15745622691,1
15999756425,8
16004716972,0
15572759271,3
15669682216,9
15542182606,19
16009301527,14
14401277914,8
14177602054,0
14209431674,14
15990764258,18
15879518245,3
15702027273,0
14384778766,13
15938672751,18
15507677315,0
15524629788,14
16014972268,8
14182509415,10
15749060196,14
15956831159,18
15240041011,16
15429860421,8
15773984035,15
16030622916,13
15140133446,2
14226417049,14
14246552705,11
15767288150,4
15844284519,0
15814328934,10
15861751509,7
15620102239,16
15359484647,16
15306268129,14
14110611853,0
14130505136,2
14205337315,3
15939825070,13
14127783625,8
15292448201,18
15833325233,14
15605885224,16
15619910692,14
15530669487,8
14190812529,10
15824739411,16
16027572656,0
15927922890,19
15704024584,16
15630575895,2
14111950018,18
15817677489,16
15718203204,18
15926780875,16
14344781631,10
15909511882,6
15804759645,19
15942066173,6
15446136348,3
14952796847,14
14137331710,13
14949400658,18
15408658348,0
14252613073,19
15558630974,10
15818247681,0
15873949997,15
14610003291,4
15810955679,8
14472139628,17
15218576225,18
14449987510,8
15890465155,16
14108749057,1
16012107493,14
15726551145,12
15754862875,0
14439638878,16
14095894062,19
14199801400,10
14140290502,18
15999629969,18
14199838840,16
14041274190,18
15780775875,2
15823401936,14
15784133826,19
16007985952,15
15388049370,14
14166879620,18
14665613843,15
15661919807,11
14130251427,16
14773715972,16
14223462808,10
15810906364,3
15927598967,7
14644666145,3
14949400326,4
14008537299,9
15782711572,10
15814487088,10
14194269669,2
16034870533,18
15264534873,2
14931644818,16
14204169992,14
13783317579,14
15146421252,5
15095779144,7
15647429199,18
14173696350,18
15833997807,1
15689440333,14
14856986806,0
13985822153,10
14443352129,9
15507738544,13
14808475435,14
15836238112,2
15981572596,16
15655205370,0
15351439679,14
14151088905,16
15424629412,18
15811220815,12
15884397068,14
15974954331,10
15823475526,2
15770929006,12
16033114157,2
14420185327,7
15983992684,13
15772543232,19
14222318311,3
16014247932,16
15747026889,14
13833731233,12
15859048978,7
15984787692,2
14451513975,19
15993579284,14
15884178560,1
14851432187,10
15977994577,0
15377402088,9
15800065293,16
14652109452,16
16027407323,9
15749461770,2
15823506398,12
14150593169,18
15247836224,19
15730471097,2
15955047246,3
14146134027,16
15833997432,9
15218732263,13
15565319086,8
14469806893,2
14971823680,10
16005181901,15
15319825335,2
14111118336,16
15790136275,0
15732352836,7
14473374492,6
14030559669,7
14120759986,14
14478119764,19
14191247304,19
15593779419,16
14088061831,0
16032521479,15
13973502268,16
14488509437,4
15833087920,9
15246203596,19
15617430826,8
14256970298,19
15302206904,15
15892158348,16
14200881210,10
14381113905,10
15259035991,0
16031091089,7
15996365169,10
14574111017,4
16029648459,2
14175020362,6
14228373144,10
15801573424,14
14114184886,4
14485476005,16
15948290348,10
14417399209,14
15603747184,3
14746344733,13
15816148263,3
15988843631,5
14914161344,13
14227763549,12
16033488761,11
16000136630,14
16016094913,4
15930464517,16
15836879557,14
15512003026,4
14568899707,18
15894338653,18
14150285396,8
15962310463,18
14233458795,15
14134016301,14
14480448018,15
16013040309,14
14159949306,16
14623079623,1
15608415516,7
15885299612,3
14223706082,7
14184474378,7
15246585346,14
14169402868,19
14233373234,8
16022844477,0
15812953814,19
14662994491,19
14423973006,18
14244902377,18
15729587282,4
14213628440,0
15621116323,10
15767716045,0
15717001885,14
15738305375,10
14135984480,16
14200731784,1
15878381105,8
15873489002,3
15251435290,19
16015316556,16
15231896334,17
15804338612,5
15586189161,15
15253345973,12
15969158868,7
14450354927,2
14422484797,9
14224555019,15
15478257832,2
14180470546,2
14203942763,16
14092012320,10
14420162282,3
15012704679,13
15900820770,10
16011964195,14
13976708101,7
15728606100,4
15759799353,10
15731690388,10
15766718658,13
15666755929,6
14218552613,0
15896964742,14
15843545654,3
15589312834,0
14254455282,18
14209467705,16
14659186861,14
14199228957,15
15563791285,18
15217150860,8
15772129460,17
15791074130,14
14158069487,1
15845129758,6
14155423808,16
15233004950,7
15317085848,4
14464424200,8
14122800113,13
15541426062,19
15652225649,2
16026010087,14
15793254993,7
15614500126,18
14934358849,13
15589674834,3
15728421976,6
15884051670,2
14925104827,16
15617792208,3
15971878903,9
15297320857,10
16018580047,7
16014901265,14
13737759063,14
15518253144,11
15912468875,2
15299605096,4
16015596134,0
15804140294,14
15821953878,14
15976739174,0
14384784456,18
14542761435,18
15971592778,14
15997876972,10
15785628975,9
14917382336,16
16015070937,16
15896688018,16
15033932274,4
15726459428,7
16030648118,7
15915300196,7
15769812962,0
15965188244,19
15765410726,10
15870809680,17
15734734760,16
15103866512,14
15293909935,4
15612071158,15
14257230154,2
15873977783,16
14013481451,14
15736727116,11
15577706571,16
15890770259,2
15184331713,10
14148658090,14
15872322753,14
15512554709,8
14254442700,16
15346540290,3
15783871890,18
14150641867,0
15909233639,0
14158129460,19
15522571622,19
14683379430,8
14919751302,8
15969630580,4
15834398042,13
15699244615,3
15660857208,2
15527390780,16
15826277063,12
14193123878,10
15768595113,2
15919285965,0
13770254764,10
15146229138,8
14199634947,19
15343301515,16
15626759082,19
13974461665,18
15817268873,14
15393397098,18
14420391324,19
14491550191,19
14421673009,6
15916746387,17
15738912142,18
15621437224,0
15803741552,6
14226200012,3
15891007337,14
14236855434,18
14492120663,1
15742852307,13
15908773973,2
15134824292,4
14200251555,19
15752716824,7
15834902652,2
16031100217,7
16004771970,9
15694405711,4
15926847094,0
15415915321,0
14112242437,15
15932639674,14
15770812560,9
14491284210,17
15549514940,13
14188031052,18
15937685672,13
14115714404,18
15980447626,0
14097931038,14
15030082418,3
14979052713,17
15601669413,19
15799261949,10
15993378203,16
14649092802,18
14206634968,2
15660857145,4
14359230857,6
15205877090,16
15525483877,14
15590691981,16
13960882615,7
15572981751,7
16030416053,18
14993102636,0
14157312660,3
14204756721,8
15801944893,10
15760019846,13
15681812063,8
14202254214,18
14159887223,2
14197341274,10
14156688066,14
15423635483,2
16013906882,4
15544162040,13
14613298447,14
14956459884,4
15630261335,10
14909028973,12
15727563006,0
15918314781,4
14176945021,10
15972304033,18
15874906672,2
16024595781,13
16009395271,19
15981411755,3
15957413814,1
15219737927,9
13770163462,18
15593952494,0
15391331850,16
15793693696,16
14474945328,7
14184160407,14
14482481869,9
15990203507,13
14557909685,16
14021775418,3
14166417836,3
15207052200,9
15446333010,8
14256372329,9
14197882748,14
15802973755,8
16030894574,19
15804753676,18
14165119250,10
14403447866,10
15983879967,16
15691789068,10
15905294767,18
14176849834,17
15874309009,14
14727236042,15
14070939909,0
15597214218,7
14343796615,10
15814858183,2
16021753498,19
15934299617,2
14614846580,14
15472558415,4
15844273940,4
15237284733,8
15793005644,0
15376312662,1
14018512106,16
15980574013,18
15092295215,10
15912223703,16
15673543441,13
15967187617,7
15905498820,10
15702461043,10
15816716063,16
15620905651,1
15796019689,13
15818708172,16
14261700653,4
14041418278,10
15924492002,8
16023923047,13
14029083039,3
15305875878,1
15460046317,19
15954673070,0
15899708616,18
16001307214,3
14188492252,19
15525569870,14
15731723162,14
15757558224,2
15595737995,3
14001986724,18
14896559586,0
14222317491,8
15315803403,12
15805180444,15
14122570676,3
15772114503,7
15905275449,14
15743412429,0
15637537795,18
14146293400,18
15790978107,14
14164011889,16
15571834258,19
14016295869,18
14480449144,7
15215829857,19
14152180551,18
15245753851,18
14988999806,13
14112665573,0
14182360123,16
14348027859,7
14396122551,13
14151591081,3
15774062247,13
14158820961,1
14156057690,2
14790968964,16
15766124091,10
15228876999,3
15513419439,19
16013182752,1
14232309768,7
15926816663,10
15098945097,18
15368039186,2
15791736103,0
15827500445,7
14329806555,8
15604408468,14
15185645424,18
15985965212,14
14148392267,16
15906190937,18
15936361653,15
16032171762,16
14473430673,12
14623959861,0
14129565130,10
13702949133,15
14908164491,0
14155830865,14
15520744126,16
15624314231,16
15896704502,2
13857070037,16
15803786656,2
16018842671,19
15716756864,16
14199720015,9
14824036317,7
14258313538,14
15739625159,8
15784299297,3
15924086604,15
15935317151,7
14252482494,9
15729209466,17
15895004612,14
15828468516,10
15771657281,7
14608856413,12
14103353814,18
15738711921,16
14208893584,19
15623533996,9
15932822938,10
15263894403,1
15064446001,18
15766668156,4
15935495429,16
14488253030,13
14261329004,15
14732264898,14
15891686449,7
15926565328,3
16012079110,13
14424124074,18
14436404238,14
14893793795,19
15733364620,19
14151050641,19
15087333445,16
15600023622,16
16014013046,10
16003197129,14
15783097834,14
15890532073,0
14127498343,0
14467573951,12
15585792326,13
16009676511,2
15833954603,7
15967015171,2
14409984234,7
14405240700,14
14171015597,18
15333984757,14
15717204008,18
15784721764,3
13847926647,18
15685439719,8
13916454279,14
14238932923,4
14384773195,19
15684789728,3
14256900062,0
16028520794,12
15626157827,0
16002700965,10
13882427875,13
15619607379,4
14077392109,19
16013348440,7
14352715186,7
15734051703,19
14087734919,0
14491310056,0
15636984564,14
14875519869,8
14957684877,14
14226071118,18
14857107885,14
15703801582,19
14410678585,4
15677536366,18
15240028242,2
13888620690,19
14190767647,2
14041259289,18
15817914869,19
14137453943,18
14235566157,16
15815877101,0
15263844675,7
13870363868,13
15681099640,5
15572026126,3
15090684941,0
15237674953,13
13909332705,13
15905905324,3
14138312411,0
15747797509,3
15979035188,10
15933115001,9
14921311784,18
16018833264,14
15283432677,6
15458342941,10
15739268034,18
15726593234,10
15212518447,2
15611429777,15
14359753031,1
15888556759,0
15903098888,8
14216399709,17
13968825675,16
15702941555,15
14209722630,10
14617666244,18
15669569285,19
14155324133,19
15746211599,4
14175120123,16
14903388427,10
15737573515,18
15434762339,19
15514576343,12
15914289138,4
15396394410,15
16027639777,14
14802401582,15
15133231555,0
15477088892,11
15560004434,16
14214204095,7
15751864897,16
15812956615,15
15892627098,14
14158064612,17
14359744595,9
15981414137,15
15936324352,19
15747150269,15
15999622137,16
15803715192,10
14168168189,4
15807698476,19
15772028359,3
15672629008,19
15922823861,3
14862740105,3
15978133295,10
15801607571,18
15934699615,16
15893425495,8
15661449116,19
14966095452,0
14471314673,10
15869400929,10
15162267132,13
15776659019,3
15581711700,2
14377172556,18
14753437344,13
15577425153,2
15365808870,13
14183884725,10
15609108322,10
14147874154,7
15685034796,7
15803748589,14
14116318581,10
14457012575,7
14197906540,1
15190901008,10
15595342072,14
14468841828,15
14166204965,18
15736627314,11
15391032305,10
15746085509,14
15917475676,16
16004999923,14
14490807623,15
15246426336,14
15940551753,14
16035139455,10
16003751997,16
15770888587,8
14586396923,2
14533908610,0
15793862561,14
16013631714,0
14209159328,4
13536360404,7
15575741374,10
15952451000,2
15366072616,10
15797567331,5
15980627246,2
14190645427,1
15522662704,3
15984937613,9
15718291699,16
15869861842,14
14219355838,4
15351186945,10
15894569331,9
15223517692,16
15932374860,18
15837290186,4
15791708054,6
15495121032,7
15767656328,18
14135255716,18
15891097196,14
15771038122,14
14151972498,10
14181728629,14
14484099781,13
16025317287,2
15770312465,3
15708188875,14
15621452504,8
14490595883,16
15990609923,8
14243782045,10
15515193435,4
15884679870,18
14200625831,14
15996416708,10
15796098914,3
15906003746,8
15387422354,14
14007398678,1
15589907804,7
15797069296,16
16009843343,14
15494529853,0
15995836921,19
14164337770,14
15598942096,16
14090846272,1
15998460471,16
15856674767,18
15041994137,10
14132493595,18
15090412351,16
15468781303,0
15764390552,2
16018730657,1
15726924094,14
15535248221,11
15791083655,7
15745139845,19
14187257473,16
14342801447,6
16029363210,16
16033753989,13
15981623603,14
15798699642,4
13965625149,19
15554313398,7
15139150492,0
14894160823,7
15980626604,19
15919844606,15
15178943997,8
15072179790,14
15418250657,16
15728196236,14
14466244382,8
14457012569,8
15987748009,3
14484112176,2
15679555693,7
14180904052,2
14410615034,0
15569058569,18
14989002550,18
15766876121,9
15974776077,3
15833977718,7
15938673831,18
14404385157,7
15936610184,0
15591067623,14
15772684477,15
16000521418,7
15525187154,0
15777983602,19
13964980969,4
14474803358,1
14318755449,0
16000938139,9
15920618955,0
15996564909,2
14434504293,16
15432785249,16
15692247316,14
15518897484,16
15785600655,16
15718937454,11
16032953198,14
14342681656,4
15552718653,16
15260535712,14
15822968435,16
14771572106,4
15973751357,7
15394709652,14
15974582752,5
16032534916,2
15816495849,7
15893648669,1
14137370411,2
15795254140,16
15467988757,0
14126545165,9
14811432564,9
15782166467,2
15722768872,10
14274056456,14
14351743174,15
16015945667,4
15997843645,3
15513679013,14
14350052781,16
15214225898,16
15993218774,18
15702697638,16
13950492470,4
15982850005,19
14251439775,8
16024079070,0
15587202012,14
15991108944,16
15999761131,3
15132133130,15
15828244359,4
15916515110,5
14128746303,3
15462289397,7
15580336561,2
14919814024,18
14412243219,4
15938776429,10
15933782901,12
13776580745,0
14136743831,10
15830683572,0
15342186706,18
14758763314,7
14729253485,3
15901173669,16
15793693840,16
15801148294,16
14352320978,10
15888108496,7
15977636476,16
15265639455,19
15815922272,13
15572026263,18
14437075471,16
15413044114,13
14168907716,13
15924487659,7
15806647845,5
14120305282,2
15921114378,9
15681686305,4
15921451381,14
14165937169,15
14469667725,10
14472170091,4
15781998357,18
14210649681,7
16031045705,1
14716785636,18
15738973882,10
14753328545,16
15224863956,9
15744619027,10
15272373658,3
16002133926,5
15934501771,13
15731808364,11
13927038543,7
13825624892,18
13970994458,0
14141900090,1
15319825290,4
15245461942,9
15798820933,12
14343795764,12
15876820829,6
13960227017,18
15239635519,8
13927440957,7
16018406828,16
15796426563,9
15434528837,0
14896829365,18
14141833908,14
15645285924,9
14344241982,4
15802791487,3
13880753338,15
14334298509,18
15895821446,13
13837347327,7
15368560301,19
15481091031,8
15939278410,16
15821389656,0
15526447365,3
15650862495,14
14145049024,0
15459376054,3
15769331161,2
15903309313,10
15464412192,9
15274237349,7
15515369576,19
15512466882,16
14491586224,2
15734121928,9
14771580394,4
15899708601,17
15902488854,14
15719177178,7
14202303775,16
15690509847,17
15733778244,0
15773016345,14
15246493138,19
15895059039,18
15970599053,7
15764656445,3
14784287674,4
14425885389,2
15568544990,9
15830850361,15
14989002814,19
15191881346,0
15872338876,18
13840093120,18
15353466123,15
15761742653,14
15459965314,9
14237369969,0
14732264953,14
16010331322,7
15781483092,19
16034785381,0
15327888886,0
15580456829,0
14192027437,16
15073847186,8
14178650102,10
14420520207,12
15991058200,9
15893852083,13
15393553710,16
14106977403,0
15220329857,10
14663671905,2
15686263721,18
14137042874,15
15790702403,8
15957300640,18
15586566040,7
14213329550,10
15684853877,4
15368939574,4
16030605144,9
14209845852,2
15952614377,19
13873187194,3
15990889571,3
15706394350,3
15733990904,7
14429789724,7
14129409539,19
15994611124,12
15786145387,14
15237785556,13
14193578852,15
15931604451,19
13957983203,2
15830847723,14
15519605355,0
14200036266,18
15810190907,16
11081003665,9
15768006305,0
15540990091,3
14675711439,14
13985719442,15
14126674040,16
14315600923,16
13739501535,18
13752049876,15
14422723193,19
14458488902,8
14485678089,10
15391994675,12
15759809685,1
15328664006,7
14351591745,7
15771924459,2
15994349478,18
15736608162,18
15910842821,2
14137946669,13
15869999598,0
14137366345,19
14204273038,16
15770443990,16
14157939088,16
15711976640,0
15952133298,7
15559253969,0
15716019926,4
15668490560,16
14422698637,13
16029575205,16
15314487302,6
15647790237,4
14262146212,6
15642813444,8
15708465858,14
15798750476,19
14620888777,2
15582513549,8
14041966585,7
14410925597,16
15845282472,12
15754288394,19
15836344428,10
15834607068,9
15895018085,14
15791578532,14
15410589910,16
16023941516,7
15892638217,8
14948610087,13
15729640831,16
14022927949,7
15815582281,6
14224127884,15
14197545307,19
16014265683,3
15424353658,4
14437179103,3
15506720581,16
15790144780,14
15898666606,0
14594029315,18
15628636152,19
15745323631,18
14167127867,4
15373837601,10
14152418808,12
15767613819,17
15775880940,1
15877134353,19
14869149377,16
15689126968,2
14493866147,8
14169583096,18
15991143752,18
15268457038,9
14108048311,7
15275129877,1
15824088454,10
14166594160,0
13943354984,2
14201368246,10
15698374254,19
14420503131,15
13914080357,7
15949038333,2
15782132806,12
15985378212,8
14420175668,8
14906553282,4
15018334035,4
14351329582,18
13868568794,16
14401651822,13
16007521318,14
15986471044,4
14229127244,2
15496284552,5
14143039143,10
15947089710,10
15359455196,18
15699349403,3
16002277106,9
15779146965,8
15992223036,16
16033000893,7
16006526579,8
15896695198,16
15836240481,2
15911048848,18
15997964664,14
15734073625,19
15786124041,14
15746884873,14
13742992102,14
15554931231,14
15769684764,1
16003445361,18
15274238378,18
15703058225,0
14013503303,19
15999747657,1
14958083020,13
15464830052,15
15892335361,4
13848909150,14
15784495868,16
14458653270,4
14259035220,5
15934814182,16
14154897997,2
14323486722,16
15935236481,3
15734236359,2
14303688172,3
15767037548,16
15307445213,16
14138761185,3
15700081525,16
14377186202,1
16003638291,4
15438478285,2
15685905511,9
15614483737,6
14128096350,10
15781234432,3
15361607619,4
15266098163,0
15928442336,14
14175382974,16
14860425698,16
15995278483,16
14303375389,8
14457581719,19
15801350216,5
15678698365,3
15834373606,3
15910262556,16
15600920798,9
15804918646,7
15816891275,10
15811578110,17
15910818086,19
14442775781,13
14183035974,16
15784065620,5
15873950250,5
15665976907,0
15961459135,13
15952685535,0
15634844657,7
14122711519,16
15558126874,16
15266024242,19
14379641642,10
15836792702,13
14204090201,0
14154979392,1
14122080254,4
14136620370,8
15690847217,16
15872170076,19
14132099337,12
14113501702,14
16028463003,14
15908097781,0
15928264691,16
15843321096,15
14738297755,14
14864228599,14
15816354684,10
14750050330,4
15444546903,7
16006594225,16
15722961381,10
14845913212,18
14344241580,0
15431459139,14
13748808765,3
15731701683,14
15919419512,13
14402493372,7
16012217424,14
15846403202,18
15780330127,6
14207245966,7
15984244915,15
15740548566,10
15812121567,14
14174253758,1
15916926851,7
16011423869,14
14208982205,18
15879951722,16
15938999100,16
15983973619,14
15238424464,2
15678937396,16
15675561878,12
15722380533,10
14208331045,2
15909133189,19
14438162911,7
15796222716,18
15950148509,7
14390530514,13
15273280314,18
14422548275,16
15970449810,3
14023357033,10
15944579452,14
15515459652,10
15803332180,18
14128736611,10
14490127395,4
15486136319,10
15234836527,18
15258260428,1
15790532293,0
15664703828,7
16000265207,3
13777995213,12
14156643942,3
14403809925,16
15508878608,5
14110395607,16
16022682600,10
15160831867,16
15220859046,10
15943743242,19
15480326054,19
14376253197,16
16009467594,0
14194671780,0
15260567411,4
13989685435,9
15900232438,14
15990367627,0
15222362815,14
15526813802,10
15950011655,7
15813855900,0
14185020126,0
15795381468,18
15605363370,16
15877504812,19
15424470446,8
15251521601,16
14469274874,16
14446085247,2
16020032181,15
16027151274,2
15518076923,13
15250043768,18
15727461666,14
14944447175,14
15289968861,7
15844156225,15
15386064420,7
15625845385,8
15798523238,2
15843142506,2
15770591289,19
15763140493,14
15936345613,16
15814935462,1
15716480088,7
14085122789,3
15947535563,0
15992379045,0
14355218518,15
14487485894,12
15316778670,14
15750195838,16
14377441469,15
15514126463,19
15307641301,16
15812127640,18
15534890477,14
15951757337,16
15385362140,13
16012322376,4
15745357399,16
16002973037,19
15562988642,15
14033281034,18
14386860358,19
14386916436,7
15698601691,19
15971863133,14
15843604317,11
15632861282,12
15938970332,0
16002555596,4
15964185104,16
14225420956,2
15735516548,15
14218108122,13
14040947572,10
15544172100,7
15815823867,3
15770829264,3
14917851728,18
15997654277,4
14187621658,2
14068459723,13
16025090511,9
12754069006,4
15699021118,14
13742617787,10
15590490731,16
16011310476,18
15791661514,0
13828303495,0
15835002548,19
15690574509,16
14394627314,3
15443407678,16
15998910021,10
15940232271,8
14604009410,2
15607429601,18
15796068698,13
14928242740,1
14145415152,16
15823374664,14
15669102314,0
15702421696,16
14126607394,16
15926950560,9
14084619254,15
15578419773,10
15206767860,4
15334258162,12
15919130868,7
14493735189,6
15937838240,2
15919434863,19
14149903401,2
14200821483,3
15361683169,14
15832611102,4
15703903998,14
15409864250,0
15984005555,12
14156066294,9
16000031891,10
15722810356,14
15415693876,1
13885668762,0
14221779989,14
15649409243,15
15924096559,12
15790301203,0
15918223414,0
15739661349,14
16017056189,10
14470683754,2
15719148394,3
15788300304,10
15608346418,18
15587167972,0
14914043978,16
15654722073,4
15141534435,14
16010927698,16
15541559257,14
16028521229,3
15616385593,14
15529212636,1
15186754101,2
16013875014,4
14455448599,18
14147673666,0
15213666048,0
15979328913,7
15779052442,16
15984196128,19
15697938506,2
15809434797,14
16027280137,14
16006751631,14
15891084867,0
15133398891,16
14815968847,5
14241633529,14
14160751571,2
14465167310,10
15243005951,4
14465903603,9
15745637908,16
15990329574,9
15085153099,13
15874442787,16
15483858475,18
15541050122,9
14705970380,14
15097912021,13
15624920367,2
15728594967,13
14924282523,7
16013182793,13
15834259048,16
13954268502,13
15572973383,0
14131004981,0
14813928081,18
15574803532,19
16003154100,10
15512003277,2
15691789657,6
15960098271,18
14491155938,13
15348155445,16
16023341769,9
15373904576,2
14119300087,14
14486915784,3
15575421354,19
15266637628,14
15523982098,0
15731020213,7
15000847511,16
14225047777,16
15814252745,3
15936339905,16
15764929571,0
15556979536,3
15940942118,7
14413368155,10
14207775068,0
14395988067,9
14356013442,2
15844601397,16
14688900404,8
14867429609,2
15218914832,17
15929189303,16
15725611468,3
15434726141,0
15913128887,9
14134955520,2
14469538280,8
14469667306,11
14107147174,18
15327576450,16
15996117707,0
15952507738,0
15631396110,16
15789371090,10
15391032019,8
14088226001,16
15231278595,4
15921024341,0
15916014692,2
14440770365,2
15833243313,4
15923122495,14
15778099206,16
15995660497,18
15482587505,8
15959199169,6
14278638872,14
14154916122,7
15700650774,4
15858704879,14
15844033032,18
14524649188,13
15924410352,16
15735500373,14
15818571168,14
15694326368,1
14465997728,3
15567755259,17
15806377444,2
14136534306,14
15417765248,2
14219590682,14
15786447941,19
14192981743,18
15596007007,18
14274261434,19
15581714098,12
15515936322,18
15544264729,14
14370291152,1
15948849632,4
15562370285,1
14002071125,16
15702819426,19
15657878896,16
15767931295,4
14182345061,10
15753567950,3
13809106985,14
15768734452,6
15921326420,16
15235077536,19
14168142940,16
15964437157,0
15815081524,7
15183776532,16
15560999716,11
15995884343,14
14522388169,2
15611706327,8
15988263327,15
15977093160,3
14359469444,18
14140033150,2
14819253571,10
15767665856,15
15951496959,8
15874943469,18
15538253360,3
15251897466,16
15444249423,4
15322257378,16
14451075587,4
15780925967,18
15607199519,4
15955369851,14
14178091744,12
16034721204,8
15795606982,5
15336535778,14
14148004980,3
15374778171,15
15744911695,2
15804140853,18
15949104507,8
14127463539,4
15883020312,6
16025859623,16
15887496884,19
15844849297,14
15851035079,0
14096936475,10
14978834875,13
15951026816,0
15788851325,19
15978122432,4
14446207086,0
16025875636,15
15798070042,8
15784593668,4
14424618335,18
14200914302,15
15995015269,6
15430104462,16
14435050433,16
14454132492,19
14414096787,12
15622777275,7
16001415742,13
14349961467,14
15341774905,10
14472345852,13
15491311013,7
15766012240,19
15914636141,8
15699244733,4
14081251852,18
14194580414,2
15306197530,12
15395136487,14
15876507804,2
15018033127,13
15718593547,14
15919992084,14
15772574041,10
14185828715,4
15888062358,18
15697546940,7
15803935271,3
15578952519,1
15965583994,14
15498083058,4
14146882962,8
15814800529,10
14151515276,7
14012881572,2
15155595644,14
13865586797,10
15626621917,4
15967661381,2
15385987846,19
14903387564,14
14329521464,14
15934932398,3
15651996126,16
15657147927,10
13877216251,16
15922595239,2
15963486434,16
14216153748,3
13856161790,7
15921208673,19
15821641922,14
14157563977,7
15755662372,7
15822758194,16
14141755495,16
15115839635,14
15480255668,16
14070492533,4
15522112696,16
15967256403,16
15876273195,13
15140507587,3
14206537189,10
15909057207,15
15977323315,3
15235792429,10
15960928357,14
13878947844,16
15910068841,16
15435588145,14
15431557120,16
15785386039,14
14793027323,10
15940958002,16
15805647188,18
15346279185,16
15774337739,16
14837776468,14
15857530504,12
14380262442,9
15779052905,15
14194982887,15
15919433467,10
15476259294,14
14136829549,16
15945921454,3
15304765183,13
15996779979,14
15981042082,17
14135420566,1
15895975274,4
16007300990,15
15269422537,18
15807753348,16
16018300589,10
15695655275,0
15731730141,4
15734851375,10
15730639194,10
15819536402,16
15890408579,18
14138973786,13
15857026799,10
15766077133,2
15438314637,18
15944895693,17
13878730677,8
14491850199,14
13987941540,7
15589957397,8
16002090460,10
13977659684,1
14160235110,14
14073910724,3
15735484976,0
14263030951,4
15607544944,0
15666801290,8
15433308121,3
15314018088,13
15529867378,14
15361030580,16
14926776266,16
15933094810,10
15206214761,10
15726272865,14
14462639961,8
15725747344,10
14228220989,0
15688690272,3
15861110938,12
15067391445,6
15642917846,6
15858596313,7
15770265218,5
15174688132,12
15875704886,15
14479511503,7
14193048929,14
14451169488,9
14160677273,12
15990609891,0
14156167569,16
15474644938,13
13852196792,14
15605537082,13
14767583711,13
14680330819,14
15698889999,0
15589664031,10
14411146573,8
16005409634,7
14169844788,4
14307248788,14
15814330000,3
15250924629,19
14385832934,13
15813067286,16
14216954699,14
16010964791,14
14097194386,10
14929714198,0
15768347132,2
15873796356,9
15307291439,18
14748569673,0
15775401395,16
15521938498,8
15789644227,12
15786526626,14
15177159754,3
15918645089,17
14238966669,15
14052929992,2
15385443483,5
15771179995,8
14058328975,15
15736270429,3
15787736316,9
15766722077,2
14204041808,16
13952810128,19
14127035259,10
14994519417,3
15930012106,13
14428624978,16
15673412299,15
14123525867,14
15919426630,0
15909210699,0
14225664837,10
14372672438,18
14163499436,12
15716700920,2
14225967948,16
15787345285,10
15826743418,3
14156933078,7
15489438105,14
15526442507,1
15275761017,19
16011029671,16
14898258567,18
15243050942,0
14880723824,17
15787776691,14
16007981592,0
15840806240,2
15407093688,8
15986665570,16
15003096094,5
14198547050,0
15138034726,16
14119516422,15
15993572411,10
15511810357,14
14246217044,7
14972728727,5
14487993984,18
15647846816,10
15854791201,18
15892855574,16
15985920661,16
15242856500,8
15252554331,12
15997745631,18
14207854862,0
15427892009,19
15525668889,19
14080768139,15
15832214386,15
14220855307,0
15623115461,18
15721063247,7
15908956491,14
14140788355,18
15901985472,11
15520287339,2
14111819624,8
15929914662,0
15722760019,19
15642058670,16
14393675560,0
14195265409,4
14229206295,8
15962589581,1
14224332464,11
15591275676,4
15877147128,9
16022359720,10
14198224543,16
13947043585,8
14470680175,18
15306385065,18
15251061969,13
14080670480,18
15445615807,14
15850045232,16
15314717229,14
15682698149,0
15718958764,16
15994137353,18
15893565090,18
15958079336,1
14146888414,9
15829112356,19
15890464803,14
15257213371,10
15621049995,14
14491720795,1
15533093624,0
14748563875,14
15790493952,19
15703944682,7
15839550235,16
14868719361,10
15409577996,14
15621809092,8
14181806870,3
13904285718,2
15993539473,16
15707922232,11
15916750896,2
15416777434,9
16011340749,3
14210284957,3
15306235853,14
14050725137,15
14485269831,9
14480414506,7
14383698994,7
16011806199,16
15906430619,4
15659700334,0
15838746523,12
14400222529,15
14150216590,15
16013880853,10
15527108938,16
15732094912,8
15620983547,15
14872622003,2
14312875032,7
14875593099,10
15229836688,1
15467857673,17
14201368207,0
14487934467,18
14854157970,16
15390891955,4
15830226541,16
15989856416,10
14172627444,14
15243290848,4
15995325081,16
14177033312,16
15811400791,8
15697131099,9
13877263128,11
15209180759,5
14173931223,2
15709743177,19
15939850032,19
13779185054,10
14468841831,0
14204756702,15
15845731236,10
14146629317,9
14959389654,2
15180283714,18
14729832649,18
15830153719,5
15942631392,10
14666686138,16
14472450940,11
14919177836,14
15993717523,10
15867742899,7
15288989520,0
15521785195,19
15382823667,3
15981643302,13
15372326014,0
16019129741,13
14139924007,0
14472253571,15
15685274233,0
15623595822,14
15266099847,1
14198185807,4
16005330273,0
14372672384,8
14152165560,14
15939924681,1
14423991504,19
14481484149,2
15189557781,19
15680215584,16
14004441493,8
15818243488,18
15106077873,18
13772695216,16
15906619069,14
14471139678,19
15686143513,16
14869622475,1
14169188301,7
14168365970,16
15560366741,13
14223158805,12
15992594033,2
15767621736,12
14674121108,16
15769971141,10
14042510874,3
15814345894,3
15243514001,10
15624694929,10
15886854160,6
15798502540,19
15891091653,14
14582763971,19
15939925189,10
15317064774,0
13974305257,10
15721335207,12
15278700301,18
15848900408,14
15771052076,18
14492062779,9
13929572083,8
15267483595,10
15402607749,14
15854804398,7
15889060603,10
14065568468,13
15803844553,14
14012182289,18
14244346080,18
15794034087,14
15798809882,0
15408683906,0
15276699182,14
15943431098,18
16001322114,16
16013278609,19
15014909236,16
15870709687,12
15519605382,18
15815117123,14
15381057342,13
15444520127,19
13902896948,9
15673657157,8
14151358256,0
14191475299,0
15521330993,11
13945768886,2
15065121801,0
14446608082,1
15798625908,14
14212570068,7
15922773006,18
15746466240,16
15853569974,0
15804608393,19
14486786692,10
15725236033,16
15803534516,7
15106652806,0
15918944900,18
16010195939,2
15765249680,16
15282982412,1
15631501942,7
14487210442,2
15421001302,2
15390142640,6
15962163746,12
14440108645,0
13995300493,5
15942176048,10
14257604296,14
14019726648,19
13824962775,7
15299403092,8
15249823383,19
16023954890,0
15261488481,7
15383825422,0
15174329764,16
16023868284,7
14909158113,18
15912852956,13
15895113695,14
15977045019,4
15520841561,16
14217060966,16
14754599794,10
16009761033,14
15443407653,16
15498026594,10
13828646129,2
15763884019,13
15834407121,16
14144840075,7
15715531466,6
14138274017,16
15562379917,13
15124765877,0
15915855314,15
14440108521,5
15913402396,16
15532749395,15
15780853049,15
15743222690,19
14658561466,9
15668843669,3
13867274539,0
14916799153,0
15705587313,17
14174936859,15
15742676444,1
14977366992,3
15888684529,4
15273015147,18
15749421892,3
14220588509,18
15988124800,7
15346279611,15
15319688220,0
16033032892,0
15623510673,7
15781762995,14
15682716385,2
14216396753,19
15889067229,14
14200709174,18
14164953032,13
14748251535,18
15717221045,0
15734023462,0
14155534249,0
15729672156,15
15274644449,16
14324055864,0
15893548834,9
14214778681,18
15704355273,1
14351805963,2
14944043818,8
15179779257,14
15869279199,16
15938881123,10
14154778088,19
14143032123,3
16003445415,14
15806746952,10
15794228815,16
14444896913,8
13750463466,16
15475651380,18
15971692095,3
15858926599,0
15274868001,7
16027239911,9
15907911801,10
15902778090,7
13863197026,12
14037468526,16
15451696075,8
15841922022,18
13181831343,9
15824361802,3
16015909259,7
14003847234,12
14162512390,16
14354817051,7
14924726666,19
16009121085,0
15518571866,11
14096491501,8
13974537572,14
14817128342,18
15873723195,0
15524423611,10
14347820542,10
15392222960,16
14151973376,14
15507160049,11
16001532915,0
15944779824,10
15933895467,16
15929021246,7
14472357441,7
15973819464,0
15726593412,13
13816586379,15
16015319447,0
15998775446,18
15920205390,2
14140280565,16
15819503847,12
14235722459,1
15665422370,4
15991507684,2
15776655675,10
14189568768,15
15872053093,3
15535322891,16
14412757916,9
15359565820,18
15995981969,18
15098011502,18
15844552969,3
15248454554,12
14214702776,14
15613942595,0
14232179692,2
14410827510,14
15361226230,18
15871250716,14
14437380892,14
14388475043,2
15840428449,16
14481233873,18
15216943748,3
15432682977,10
15604517505,18
15773194019,14
14240861384,16
15730425022,9
15630361611,15
15483763916,0
15926365705,18
15176336947,16
14188369528,0
15994073456,0
13769274640,14
15879718884,16
15834541291,14
14232315641,4
14422549531,15
15501527485,3
15722893089,10
15634786083,2
14178718284,18
15875855698,19
15951766041,1
15890099141,15
15369577570,16
15803927387,19
14093799975,0
14465997351,0
15625920993,2
15959503010,2
13955520993,16
15552007689,8
15863193315,18
15302461587,1
15912730085,12
15535028655,19
14995301537,10
14344594122,3
15386846765,14
16028472174,0
15193615888,16
14376460372,7
15793027610,10
15217128784,16
14852117764,10
14134511359,10
16009769537,0
14011586351,19
15854847995,3
15589718184,0
15142112987,16
15224326605,1
15834040939,14
16014633227,13
14351762487,13
14483717322,16
15911060448,10
15728434520,16
15149199063,0
14189466829,15
14243135497,19
15224769016,4
15722373737,3
15718468709,16
13968715488,4
15768946008,15
15682754814,3
14282056113,3
15816433074,0
14419023435,14
15602755423,14
16022152202,0
15679016040,14
16004120185,16
15951214718,3
15238021314,14
16005255993,18
16026867718,2
14909672742,14
14252723758,2
14209914414,14
14403401885,16
15740044856,13
14084486814,19
15876097848,10
15797090057,5
15805961435,16
13964966451,18
15926479384,18
15801060608,9
15302470748,17
15577420756,14
15216495639,19
14249491658,8
15695355547,16
15919180231,12
15712936111,11
15996020792,15
15845045007,16
15803479374,0
15822224784,16
15832125314,16
15244660247,16
15769761369,10
16034474743,8
15928787420,3
14222203367,7
15929294952,16
14471193906,8
15769615574,16
15331937085,12
15849582021,14
14420617572,4
15871967421,3
15792004864,10
15920230762,0
15219844333,7
15840704023,9
16016103891,14
14472244009,18
16003325119,7
14983394167,18
16022601565,0
16033005586,7
15938623380,0
15699344934,9
15361393616,16
14234023316,1
14209467381,18
15905816412,15
14086702500,3
16026653374,0
15857491792,12
15925476757,2
15928367095,14
15593660115,0
15799403963,2
14400222459,8
15918129969,18
14386027968,2
15604637907,14
15427967116,18
14241872347,18
15333850028,9
15780122045,18
15306274883,15
14159459147,2
15658191486,10
15829182273,0
15816985382,13
14410645946,17
15530848705,8
15819004633,7
14464418221,11
15610273972,3
14937229515,18
15952080196,1
15897430669,11
14366606689,7
14455796208,10
15696746521,15
14172106236,14
14208972750,18
15908263289,3
14200004495,18
15484779635,14
16003722333,16
15820736881,15
15940148091,18
14079991447,16
15448834553,8
15581782622,7
15924450955,15
14475408936,2
14424969306,10
15150416976,16
15641575101,3
14177759656,19
14478740803,12
15926579986,17
14081526564,2
15921374287,2
13957715011,0
15493121801,10
14468671986,8
15819246018,3
15393782312,3
14203173435,7
15725159513,8
15889718373,7
15928394741,16
16026829660,13
14057263354,18
15361971164,16
15943559921,15
14238993337,10
15954083592,4
14519428997,12
15430007149,6
15469293176,13
15987116140,3
14893692561,14
14083287116,8
14939808011,15
16016467891,16
15731777014,3
15418716652,8
15832296313,13
15874800723,4
14215311371,14
15804858159,12
14278017552,7
15847063552,9
14365343628,4
15277619590,14
14150839112,16
15906363164,0
15996289173,0
15890871664,10
16034397788,9
15361606951,14
14147253074,9
16002318461,14
14047532190,0
14211898922,12
15942296492,14
14175679479,7
14130318918,12
16016211751,10
14152077094,0
15828562327,0
15739553703,10
14136316623,5
15588397075,8
14191466856,2
15976722312,10
14365834252,10
16015763300,16
14170004359,3
14116725388,16
15743087442,14
14913036167,0
15280440948,4
15000696143,16
14131497717,13
14202562500,2
16014428451,10
15785213710,19
15837354279,4
15727656590,0
14913462366,10
15723747303,18
14368983965,7
13986874291,12
15854537894,14
13841805873,1
14093814148,10
15391719428,0
15991830038,16
15580280782,19
15933826421,0
15448233233,16
15890112543,16
15208357512,0
14228218216,12
15726945939,2
15733296229,14
14004413087,2
14439288885,16
15775939240,10
15420859008,19
14267559320,18
15981671948,3
15270452804,10
15401121963,12
15728499992,18
14012210736,6
15896833374,3
15780782109,0
15998755510,0
16028423004,9
15740918288,18
15474420233,9
15641406708,19
15858824341,15
14193025237,10
14072354003,2
14083678495,18
15191789696,18
15115033888,4
14128033545,0
14195331651,10
15738711268,14
15826012980,14
15344418717,16
15318287841,4
16023302516,3
14134286361,15
15675243776,10
15739779348,16
15816527178,16
14769969926,16
15766730180,10
14876026445,3
14426165760,4
15917219219,3
15064446634,4
15910996615,16
14133782872,8
15403394112,19
13865454067,2
15277064048,3
15275300850,12
15589401288,14
15820415872,14
15917541399,1
14130012402,13
15250729265,10
13981683841,13
15771574415,2
14244586076,0
14186451365,10
15728403363,2
15986592396,18
15816162707,18
15848887556,9
14188413471,19
15148224082,6
15265990644,18
15777900344,5
14202427649,13
14099792139,0
14613035108,3
15751321098,2
15587817409,1
14853212545,4
15710221236,16
14399270332,3
14167662234,2
15263953026,0
15687705227,16
15904249922,0
15297931858,7
15696964409,2
15578976262,2
14422662992,2
15366111315,12
14196831860,5
14420734305,12
15999727252,2
15731806084,15
13926005505,10
15755575934,18
14187199785,9
14361390701,0
15691367279,19
15809102306,14
14156618570,10
15622511490,16
15650852807,18
14121946429,0
15638298934,11
15970251523,19
15773169209,11
15845129802,18
15410600435,10
15641724197,2
15321463340,9
14158434978,10
15889974679,15
15957928429,15
15802104927,5
16019584530,7
15786665959,3
13867463375,9
15260677917,16
15995409846,10
15860863383,0
14118688698,16
15789477781,19
15776868781,16
14245560173,16
15607243775,16
14472244385,1
14944850896,3
16022272312,7
14915589810,14
15809491221,5
15382405881,2
14145665723,13
14082013874,18
14279596508,17
15673625592,0
15726658759,18
14079772498,7
14177983879,7
15729651542,8
15973264833,7
14949669546,7
15739969519,0
15987116887,10
15988762928,10
14090195144,4
15966803914,3
13750400469,9
15778079579,16
15263572626,9
16023910209,1
15600027337,10
15245457386,4
15945191832,19
14582473404,0
14394526976,10
14227742553,15
15876259158,4
15905472539,14
15898335771,4
15992762038,18
14116046007,3
15567171992,12
15818470467,14
15993924707,10
15435780369,18
15873658333,16
15702830256,2
15261170637,8
14157471608,18
14188612581,1
15734650827,4
15615491672,2
14254938258,8
15829082553,8
15848667968,10
15933031679,14
15754729332,10
15734502300,18
14122107683,19
14179063779,19
14209524389,2
15749298474,16
15474135126,15
14181629086,19
15785407616,9
15706418101,19
14682815266,14
14218167031,19
15613019574,7
14490265364,10
14869543946,14
15674602846,16
15929878550,15
15270225257,1
15824729183,18
15729476750,16
15220269376,19
15717746917,0
15609432006,15
15726711627,16
15883887752,4
13876979617,15
14485306054,8
16027582315,19
15161238450,3
15789370823,7
15675335402,4
14366688252,14
15720602298,8
15998970916,12
14372672495,14
14470477522,14
15360948607,15
15905188728,0
14204282573,14
15497110000,16
15822952335,10
15364864050,18
14727463580,4
15805978901,2
15897457166,4
14092960368,16
15824937521,14
15992947220,14
15912251245,12
16017076851,10
14250939328,14
15881224838,16
14668942099,3
14076540403,16
15830751553,19
15820711363,16
15569518825,15
14380052232,0
16024441583,10
15611211919,19
13881197303,4
16023993213,1
15931643534,2
15390461994,4
14385832847,0
14446176625,12
15603277308,16
15965593011,5
15794855007,14
15643530106,3
14144609787,16
15438214545,10
14187187790,4
15878740343,19
15769821334,14
15731497175,8
14259814538,14
15574808119,3
13852274873,2
15782946825,10
14445477010,1
14003090685,2
15804755928,1
15830833121,4
14224473118,2
14188261194,12
15271216893,14
14112604066,14
15667887017,14
13563114864,19
15953176704,14
15515005619,10
14493268331,0
15942077663,2
14333256034,4
15992619040,16
15450787953,14
14101357653,4
14247978755,14
15838151450,18
14116119548,16
15848174823,13
15006219109,14
15202777836,6
15825444854,16
14438113973,2
15979883302,19
15822371684,15
15961941355,7
14123596971,15
14212865782,0
14066164707,3
14329871067,8
14474208419,0
15578707940,14
15402586080,2
15623511885,3
15830752366,15
15925587672,15
13891888481,3
14416494425,18
15494311646,19
15303039825,4
15722961513,18
14224756352,19
15266718058,18
15415915489,4
15716552945,12
14217198552,15
15547756539,7
15786430051,13
15983701076,6
13906380299,2
15363111353,19
15697590129,13
15971076553,10
15897320400,19
15738715323,15
15837320509,14
15890064325,8
15180505971,19
15754218808,3
15575053242,19
16017631778,11
16013980629,14
14474209558,9
15793186700,12
15112628284,2
15886532276,3
15615449427,7
15734986451,7
15914485421,18
15933114005,7
14147095462,7
15385443656,10
15838175754,19
14470084276,1
15527775928,14
15279457361,0
14972976698,2
16005537958,10
14137377122,0
15481888960,16
15076276676,10
15174138661,15
15935241458,16
15926785423,18
15725654990,16
16014689721,3
16031425355,7
14077681416,16
14122191408,18
15161102626,13
16011306085,15
15589380116,3
15958342635,16
15253583310,10
15687609542,14
15753260074,2
16032774331,9
15727133334,14
15036782912,16
15782765501,16
14253745917,10
15726533882,12
15372028233,4
15749818164,8
15981657797,16
15734597903,4
15788410378,15
15905817442,3
15511824167,15
14002294578,17
15891765550,13
14220961510,19
15754729348,13
13829560139,18
14464255823,12
15764247005,15
15726533775,8
14492851722,15
14185735070,7
14485926856,7
15359338774,0
15969934477,8
13998811843,1
14080486893,18
14539638997,16
16031183525,0
14234205646,10
15801679691,10
14252405704,16
13831429013,14
14354571498,7
14105633919,4
15840752076,9
16018165664,10
15930561299,16
15935232946,9
14182119341,0
15875128354,0
15799529214,7
14441960739,14
15786407502,13
14134038514,2
16020001732,16
14209437141,8
15575381494,11
15877964412,18
16033178013,18
14167357112,6
14140547821,16
14067555913,1
15984901872,18
15772573525,3
14241926590,14
16008409020,7
15784412288,4
15846420899,0
14541780173,13
13878808569,3
15918470803,4
14210470694,0
16034037204,8
15415358314,19
15772061431,3
14067233003,3
14185319294,0
15938878574,16
16032800312,3
14003197410,2
14369175853,12
15541497752,18
15028558825,0
15102511720,9
14347989253,0
15259375460,10
14143146141,15
15999152582,16
15770566069,13
15795405941,18
15605013252,18
14129670133,0
15845339811,16
14335720984,3
14555866092,14
16017055548,19
15601435457,14
15719666353,1
15786391527,4
16000481022,19
15937595136,18
15801147022,13
15634807180,10
15908532027,15
15800471523,16
15478258721,4
15846626499,3
15669594849,18
14136165679,13
15992201083,0
16032153950,12
15293004605,18
15211362393,18
15525572140,14
15856885221,16
14750639961,3
14175208929,18
15911029224,12
15612065148,16
15773792697,3
14157942751,8
15868908233,9
15919318708,0
14490118884,8
15074266705,4
15573072771,18
15609003708,14
14160343233,7
15700425574,0
14042012679,19
15949281513,16
15791578567,13
16016827262,14
15746389850,0
15271924777,9
15947598590,12
15782581626,3
14238220650,8
15313326282,14
15673686712,16
15776691860,3
15938878779,13
15687681006,14
15715530512,16
15266852053,16
15885506115,7
14016967665,3
15356618877,16
15277504034,6
15746883567,4
15816101497,18
15949571127,0
13735140640,14
15889214251,13
15724272156,15
15773150288,9
15715601261,7
15716257486,2
15598913931,10
14207053331,4
15497126451,15
15751694527,0
14602680744,16
15810838095,3
15814233932,12
15959870265,10
14156719758,4
14432163335,15
15935552847,16
15993324136,3
15146930749,14
14143496749,17
15651663871,8
14225321265,1
15848474148,1
15962118789,2
15985901335,18
15822279351,18
15901766581,19
14422783430,15
15800719530,7
15811914621,1
15332704529,3
15245954548,18
15741227129,16
15688697860,7
14399887967,15
15929906775,19
15922306031,18
15284062711,16
16007073254,16
14492141062,9
14377182820,2
16009832604,2
14420106622,2
15798428678,2
14130239514,11
14433011503,0
14163772895,0
15771460950,1
15894443223,14
13948689136,16
15751227309,18
15792551706,12
15407626228,19
14209157579,18
14249492030,15
15414810034,16
15845553486,2
15932631454,18
13984173547,16
13944576546,15
14129108899,15
15921114508,19
15934814347,13
15726305498,19
15461753994,7
14377267050,0
15825444876,16
15775056029,6
15891213287,6
15765717066,10
15870667607,14
15499736258,1
13849650335,10
14229093734,7
15753414261,14
15568867318,16
15821721101,8
15353585109,14
14721113873,10
14146975612,2
15839209608,14
14159459177,4
15283485496,12
15726649028,15
14157108603,18
15785369476,14
14141901394,1
14782398640,7
15537418234,18
15751600601,14
13936214621,8
15918072162,14
14146069025,19
15573735367,12
15343408763,12
15790444384,14
15794641590,14
14166031734,4
15407370216,18
14491155831,17
14152592932,10
15077999317,7
16024466694,10
15780784564,5
15834142509,7
14200807854,13
15799931968,14
15665155068,16
15896833267,8
14459475775,19
14975985061,0
15789531370,18
15979428427,0
15668626406,18
15497183305,3
15949296001,18
15345770189,6
14118836578,18
15992900315,2
15788007111,0
15794318534,14
15630652664,3
13878078141,16
14043658808,14
14395423951,18
14449578484,0
14437602475,15
15898912436,0
15327265977,18
15918802149,13
14202636701,3
15712726737,3
15901420628,16
14254297970,5
14280080391,19
15272214434,13
14229450148,10
14265957597,4
15747716943,11
15389461280,2
15990419106,19
15808446261,19
15890540156,8
15987632893,19
15996433248,3
16004551043,0
15939150676,13
14404371912,3
15853065577,0
15863095259,7
16016338646,16
16010557151,18
14130453387,7
14159226098,10
14781943281,13
16009636999,18
14400454152,19
15879375405,13
15828291651,4
15660653611,7
14478017601,7
14741148401,10
14429657516,7
14204416899,3
16026383228,18
16009851509,18
14176504594,1
14994205430,9
15189537462,16
16025835865,14
15613009724,10
15231949095,16
14181308618,13
15986114241,14
15559225533,2
15980682394,19
15831909704,17
15285698589,2
15190636817,16
15694266237,2
15770736061,6
13840704870,3
15265909408,15
15845841333,19
15784229809,15
15873609128,12
14320222561,13
15915189711,14
14212571656,1
14129121994,13
15684050879,0
15651283000,16
15581618320,7
15639995317,3
15778072307,0
15526572383,0
16020021213,12
15529867210,3
15891446625,16
15380124462,2
15691504871,12
14218900402,15
14023823982,16
15887328232,2
15113199448,6
15401821669,16
15979581861,9
14248968660,10
15381992811,9
14087598157,16
14145133757,10
14990597021,1
15804844827,4
16032820606,15
15589314144,10
15393746816,14
15802168975,9
14475421631,0
14156177868,0
15645477731,4
15891600059,6
16023518269,8
16026306034,16
15744751189,0
15705593653,16
15719620550,4
15783871902,7
14759623976,16
15927609170,14
15640614354,3
15826528002,16
15511788173,18
15996341766,18
15969325246,13
14846970308,14
14613293848,10
16034339634,14
15825799889,16
14226071117,18
15452529660,4
14546320417,12
16018510159,10
15891633711,10
14144614044,14
15933788001,18
15313327272,3
15861769783,15
14446091934,10
16010748717,2
14797615222,18
14137228870,15
15722668420,14
15874054785,7
14222685935,2
16012496794,15
16006199786,11
15017010443,8
14154778093,19
14488833048,3
15687597744,15
15895017251,8
14019911178,7
13978150868,18
15775126068,16
14168272369,10
15770063638,16
13912228640,7
15824354630,17
14492120859,11
13848305861,12
15999766187,14
15703891407,16
15768829842,14
13769400717,18
15554511931,15
15715591368,13
15816894339,17
14677327401,8
15521997730,10
14202638658,12
15255378836,2
15313095798,3
15256672189,16
15927576296,4
16012353209,18
14209746628,3
15147386966,0
15896390648,4
15339897733,6
15801116565,5
15602365059,0
15527887391,16
15633701499,9
16006047176,0
14693472282,16
15248229502,0
15692085289,18
15487443927,10
14108750376,18
15578691309,15
15769989819,9
14192199052,3
15896689919,19
16025046202,10
15883964458,0
14492137674,14
16010702038,9
14183199694,4
15870542488,3
15018088600,9
15998739084,14
15878344736,1
14188413436,18
14389979309,12
15625806407,16
15816304144,19
14195776881,8
15270875868,2
15590835282,18
15922645937,14
14162755009,19
15714546876,16
15898119574,16
15262522957,4
15987256494,0
15498170166,4
15986106982,8
15062603244,18
15603749688,14
15516537708,9
15410969847,13
15700588678,18
15697071035,4
14741615207,0
14801615714,10
15231840495,2
14021774803,11
15525234410,14
15835247391,18
15770314272,3
13937155335,2
15919854835,12
15699694421,15
15344430004,18
15633247765,16
14704704364,7
15332942347,18
14139955051,18
14188612980,1
15413484833,8
14339725418,10
15512179365,6
15922443328,16
14161985189,15
15480665509,16
15777198902,15
15589670327,16
15807685241,14
15617698325,16
15823745904,12
15979810436,18
14082914525,7
14189799811,18
14198613509,1
14713414136,12
14425144608,2
15814861620,0
15856721356,14
15146455766,16
15858285420,16
14165218061,7
14437275703,9
14172277482,15
14229384386,1
14977151664,14
14255537948,3
15536776173,2
15218012441,18
15751323912,2
14149426852,13
15273209577,6
15063234996,2
14196897472,2
15852576569,16
15906331452,0
15840798176,0
16029737983,0
15635397302,2
15255525487,12
16035078041,14
15799937594,10
15936872322,4
14158474268,7
14159482906,0
14165109186,16
15734550001,18
14495157198,15
14401430898,8
14175374699,7
15875651772,10
14480605170,18
15997248762,7
15834540632,10
15742974664,3
14491741990,10
14127167186,7
15821321899,3
15076279326,7
15009882297,2
15441002508,14
14146116079,0
15184567664,19
14023594803,7
16013373545,16
15988769425,13
15447814728,14
15714233232,19
13949074320,18
15939096163,8
15437994864,14
15935481852,19
14343798221,1
14491377464,19
15992792457,11
15406280389,2
15716360541,16
14180847180,10
15833952436,16
15675258467,0
16003303542,0
15394789646,19
15630860638,7
15518730387,19
15356418609,3
15698762635,16
15766616572,14
14967913804,3
14601819177,1
13281185288,19
15733391737,4
15597285915,16
14205604235,7
14173049374,13
15273383881,12
14238841543,0
15789344645,16
14731012107,1
13948494569,13
15736584040,4
15493362460,19
15218164623,3
15993488916,4
15788025233,19
14858951932,4
16011046286,8
16001320033,19
14998126638,10
15992670444,7
15718386803,0
15852811633,14
15766017678,14
14192200441,14
15909701306,19
15732622541,0
15999155756,9
15365576042,7
14465681529,10
15713013713,11
15354557294,10
14423980629,16
14210611287,16
14261196693,8
13832573096,2
15786418067,10
15681672203,0
14420153485,14
15090800189,16
15905876844,10
15275429758,2
16026066489,0
15312977867,19
14237326577,10
15710581129,14
15784291624,2
14441269837,2
14137812113,16
15761128652,14
14025624359,2
15841722450,10
13221357138,4
14010278406,3
15728011766,16
14990748377,0
13853718532,0
14016378486,16
15232574792,19
15702281081,10
14214207251,14
14439237528,14
14160948583,10
15806590072,7
14478866798,13
14229701163,14
15771773659,18
15893105929,4
15815347672,17
14384750242,11
14200419346,5
15520542703,15
14182853250,15
15193825319,18
15702147573,11
15869537139,11
13969672351,18
15942969433,14
15515137170,16
15284065536,16
15532209921,14
14153069465,14
14458409525,17
15652340273,18
14176182615,19
14217321688,16
15389064922,10
15899628571,16
15239971384,7
15480061400,13
15934960274,0
14135325031,19
15702004655,15
15821786018,12
15421531214,8
14789020303,19
14147498281,1
14761910426,13
15705747005,16
15786447570,11
15826257052,18
15074266678,7
15286176000,19
15180777224,19
14158132842,0
15672652073,17
14447507154,7
14177346145,18
14354571497,19
15931237148,0
15231579028,13
16009246509,8
14155597558,19
15298514155,16
14143148156,18
14177083959,10
15904759506,3
15805379173,14
15815189862,1
14939335358,3
15921413391,12
15751727919,3
15614787521,14
15687610882,18
15870978434,10
15894041352,14
15700038945,16
15753998017,18
15681319541,2
15932238414,10
14262526433,10
15729210815,16
14440770332,12
15502530675,18
15877064926,19
14128346666,3
14196877606,10
15832481431,16
15808645656,19
16028705131,19
14612970217,4
15089551247,19
15634436421,9
15288489560,14
14805576876,18
15089820589,19
15231058604,10
15894827266,8
15414089023,7
16002661374,10
15482434783,4
15729684827,16
15995401260,14
14200238106,2
15923231841,10
15990708083,10
14478028723,10
14367289916,7
14420711308,0
15769042236,8
14485631657,8
15902802354,1
14861771624,2
14386027971,4
14233593610,10
15515026304,16
15249926690,14
14418950395,14
14433264898,10
15756687759,2
14147168177,8
15979402635,2
15999761995,14
15956391407,16
15807450062,4
14230467687,3
14166195169,10
15583063788,16
15586871491,3
15756230897,18
15927695165,4
14125159262,2
14256480485,15
15358979551,14
15827453287,10
15806728299,17
14674861506,13
15246012828,0
15652455259,10
15449493882,19
15816036868,0
15951202546,18
15819267471,19
15961941444,10
15630802856,11
14978690476,18
15208517259,9
15814956674,15
15427964598,14
14163786303,2
15843364493,0
15488693955,14
15161101916,10
16015657110,0
15624997654,19
14219329982,18
15255186391,18
15984793444,0
15817458842,16
15768710996,5
15226579753,2
14007245247,14
15994780051,4
15980314083,10
15835954024,12
15895941530,5
15870082045,14
15321761570,16
16029947632,12
16001026425,16
15734005394,16
15497110002,16
15197911818,14
14138812787,3
15796275389,18
14953173330,4
15438488151,10
13910599700,13
14010412252,16
15729742808,16
14382121696,18
15685752983,15
14451500200,3
14132017276,14
15805046106,18
15934520896,10
15926523969,2
15891820676,19
14290402628,0
14174088646,3
16026449615,8
15384932797,18
15397203061,7
15597063015,2
15923260167,2
13979941327,6
14157422686,18
15515358066,3
15493139683,6
15906951360,6
15964557257,8
16001818530,16
15554745621,14
15306084758,7
15657490577,19
15225970464,9
14478368919,1
15246846913,14
15220847945,14
14220125529,13
15925062737,14
15824529233,18
15916204850,18
15937743809,0
15888075299,0
15606586675,7
15394038568,2
15872931750,2
15878494350,10
15936167087,15
15730036421,14
14439117603,10
15825224719,13
14483201448,4
14339323343,5
15134229929,0
15314613373,2
14041100032,13
16025044464,18
15436188075,3
14217817745,10
15788423578,18
16005582210,1
15837301334,15
15896922306,18
15643022113,16
15727329839,15
15270763947,1
15569847513,18
15889536898,16
15600831585,18
15795894897,3
15625340757,14
15193825314,14
14166212474,9
16018339058,7
15922077382,8
15815476235,2
14074828184,19
15641627100,10
15515459412,4
15336540491,19
15770302550,9
14988705024,14
15700626902,14
15930462885,15
15727329436,9
14322071182,10
15986775254,3
15953546001,16
15661567209,4
13908518045,16
15635027733,10
15791661428,7
15707350854,16
15916392610,10
15782123853,14
15500222408,16
15751711844,8
15533840245,3
15675199924,13
14194493587,0
15985095719,16
14092009586,18
14368944546,13
14276715238,6
14124432807,2
15605052616,15
14200171044,18
14238009320,9
14468614526,2
15346215144,0
15995140262,16
15806285312,5
15259024020,15
14357487021,7
15797983812,19
15795424750,5
14911295610,4
14198023699,10
15730627718,4
15876245823,18
15875336134,10
15915589090,3
13860813052,18
14473340610,14
16015656943,0
14203445509,18
15480283696,4
15344182061,16
14153314803,18
15879805338,18
15706521792,3
15165124833,4
14769253680,1
14450059912,13
15094627986,10
15781998395,18
14934804239,4
15484454591,14
14473004606,6
15922967232,18
15079104292,0
14175393754,18
15965966366,2
13853718550,19
15622118750,18
16015759800,0
16015916334,17
15907885909,0
15388096382,10
14217837798,1
15028301464,9
15925570582,4
16011257443,16
14096859125,10
14819805583,10
14392549717,12
15501528086,10
16013047630,19
14413499877,13
15422052883,16
15822175800,16
15456871968,0
14517407262,19
15912606796,14
14358220585,17
14253151346,1
15246461894,4
15245461855,6
15332029133,7
15831909672,7
15627073682,4
14988475832,6
16006820857,16
15644849637,13
14669969232,4
15525135554,10
15831175653,18
14840841390,13
14170070483,3
14180694617,0
14138878936,18
15089819807,19
14639180586,18
14037255412,0
14073460235,2
14473322942,12
15966587825,14
14169097908,14
15543090360,14
13977865588,16
15669457988,14
16026280583,19
15733623116,3
15040417155,13
15871842786,6
14189247887,14
13865873355,4
15674134554,0
13886949262,10
15485739848,4
13718791060,4
14125080672,16
15331567351,13
14224023282,4
14156719603,4
14190268353,18
15272166853,17
16001845650,10
13938195942,7
15458213904,16
14435887448,16
15890735947,3
15784684199,14
14222717435,5
15777594943,3
14702235603,4
16028484596,3
15826248434,15
15031768217,10
15819732057,19
15876236704,14
15999632590,7
15805549035,16
14236321474,8
15278055898,18
15364775821,14
14551416363,10
15911670996,14
15835468430,16
15704737739,13
15982795449,4
15744938833,10
16010598854,3
15991461645,14
13997255300,14
15090007529,16
15781194528,14
16035004247,13
15888498465,8
14209792271,2
15792626808,18
15968236074,0
15883261147,0
14211921128,19
15992347829,5
15690877711,14
15780751198,14
15919013846,10
14202386200,18
15589087203,14
15423878077,18
15843088952,12
15891979282,10
15413507913,1
15926582289,18
15951118915,8
13927035198,13
15501896080,13
15944376049,9
15988903945,9
14146338870,8
15695330200,10
15355914375,9
15527951055,7
14015889354,10
15910118782,12
14443888541,12
14187851593,3
15324946070,16
15674149994,15
15976264178,2
15526576470,10
13987942109,8
15736099218,14
14242263133,14
14403319429,7
14139855812,15
15220174297,10
15829198846,0
14144181347,2
15318486675,2
15703060379,14
15627019073,18
14167144685,8
15279749041,19
14074107442,9
14111970817,9
15074135569,15
15481097816,14
16007979165,0
16018698506,7
15600768318,15
15705635211,4
15865523107,7
14139850998,18
15513877691,16
15331562628,10
14472999050,12
15780850642,16
15755575499,14
14107790788,15
15420718578,1
14195368991,1
14739171402,0
15655104017,16
15824712222,6
15247678249,2
14158308346,13
15343992736,0
15390301701,13
15969931050,18
16007448449,9
14422624371,3
15980432188,19
15715849278,19
14742299846,4
14112665578,0
14101183547,18
15913461163,14
15952958620,10
14224127274,7
15992829599,0
14730708556,0
15619792478,14
15562775313,19
15215226895,0
14148919710,7
14140695493,15
15836415767,16
15247182577,13
15042790673,16
15770710458,14
15796845418,8
15929509126,14
14933427447,10
15452964401,13
14150021463,16
15916588658,2
15240086573,18
14058949003,4
15121737125,4
15402027982,14
16008408986,12
16018168663,14
15898235840,5
14811796612,16
15961100313,3
15733666877,18
15999579143,9
14216440577,6
16014895033,18
14034950479,10
15958610528,0
16027100499,16
15896488004,18
15784472132,15
14098783618,9
15899471959,14
14215310421,4
15947147823,19
15424113406,12
14447648739,16
15734103405,14
15700362782,16
14262793934,10
15200638052,15
15946185383,0
15984849023,16
15850957692,14
15710234316,13
15927623768,10
15858237435,13
14155823682,0
15611986259,4
15779901024,13
14281174283,10
14148574637,8
14315449755,1
14109376450,16
14658777449,10
15892434798,7
14422664211,0
14210571579,5
14444776089,9
14148056048,4
15917819676,16
15731449791,16
14175194933,7
15947594101,9
15913238861,18
15870189597,2
15235077574,18
15418550566,13
15808959328,9
14203997216,7
15987908135,19
13893944192,15
15702134728,1
16014452636,15
14206850585,0
15317048719,14
16028547927,15
14079202920,2
13779288294,16
15719466700,16
15551990055,15
14392263915,4
15925960929,16
14094675400,14
14381208283,16
14468841581,0
14556833009,0
15869488946,16
15849714711,16
15508013966,3
15215810899,14
14405350387,18
15932305770,19
15939366275,16
15718352940,3
15904065079,1
14155818584,10
15456488997,3
14101725056,18
14379905370,18
15249654840,18
13830644039,3
15537553128,18
15795478517,8
15730501066,14
15519138092,13
15889078826,10
14467595888,14
15766732401,8
16028490824,10
14226670684,7
16009690090,0
15995840778,4
15264914420,7
14184665778,13
15282657324,10
15976648521,6
15974099633,9
15817940043,7
15997288613,4
16025476014,14
14155658168,0
15720052177,10
14267017476,4
15836791073,13
15497037172,6
15834099783,18
14168443428,11
15980138062,19
15821901390,0
15874369886,1
15360302224,15
15770087890,19
13765186471,2
15738765801,3
14210567830,15
15982743888,15
15243719828,10
15494647605,2
14736077498,10
15792286599,3
15090684723,18
14351321487,8
15695344712,7
15890734439,7
15559425045,16
15934083437,4
15715833713,7
15995853742,18
14168910739,10
15688669599,14
14219328003,4
14493462273,7
15273641306,10
14473284109,8
14451503942,7
15833848622,3
13912277124,14
15650394970,6
15658892960,19
15853990032,9
14206049038,4
14493171146,7
14345095596,12
15873872433,14
14170900065,8
14208323621,9
15596086355,14
15533840055,3
15095777771,2
14343972103,2
15835010781,16
14102131189,2
14196861014,19
14847019475,3
14102216670,0
15594267079,10
15835078199,19
14732290562,10
15785150616,10
15937480352,13
15668623172,10
15619484420,10
14076201677,18
15847295949,18
15878300833,3
14168185845,10
14339760464,2
15644676532,1
14152130237,16
14196101013,18
15175722804,10
15920059146,14
13916224721,14
15766220233,3
14003066202,12
15773002325,9
14484661628,13
15300453628,1
15806294015,8
14238901580,6
15403350197,10
16030487790,0
14522038596,0
15578920644,0
16015899172,10
14002127106,15
15211112412,0
15980495441,19
15953326698,3
16025875396,12
15708067156,0
15996576720,15
15407596647,0
15451701769,14
15916762345,18
15675469308,0
15664807105,13
14414997056,14
15471016619,10
15644783104,14
15846442544,16
14831348154,18
15831316763,19
14032789841,9
14388027361,3
14158124935,9
15716356982,7
15305175487,0
14321579586,13
15829261162,12
15666747685,14
13827252202,16
14187951868,9
15367511373,7
15592565168,1
16010288151,18
15282330094,7
15793802106,0
15397541794,12
15851641261,3
15911603023,14
15252223656,7
15785084764,3
15753049593,18
14480940598,7
14165878374,10
14199045938,6
15318304509,0
15977909952,18
14443358551,4
14158661715,14
15764306754,3
14245995231,2
14479511520,8
15874251146,15
14456339342,18
15782164848,1
16016483845,10
14669485592,7
15806855357,6
15309998283,4
15833367102,10
15980974295,8
14794316907,6
15514699070,13
15710789418,4
14199664683,2
16019507047,19
15869407776,2
14224858983,10
15480653554,0
16010374318,14
14192964638,1
15942220425,15
15895975448,2
15764669612,10
15792323879,8
16029564921,16
16032820679,16
15356917099,17
14424614400,9
15664679739,10
15246114092,4
15854246771,16
15228145759,15
15842793244,3
13774931081,0
14451819762,11
14485291082,8
15466483700,16
15495065114,14
15877854504,6
16026081760,8
15745140574,10
15980942408,3
15208058466,18
15993788428,16
14017101102,16
14797832111,14
15578707470,0
15872919020,9
16010283375,12
15596395661,0
13950883128,14
15290981469,16
15921029201,16
15778079168,16
15995040854,7
14683929376,15
14171672911,3
15625845388,10
14898308659,8
15768744442,10
15389669876,14
15877502177,3
14321507803,8
15263942154,3
15722277643,18
15617214269,14
14379641591,9
14478732853,13
15833361739,7
15846755037,1
15823197175,15
14213314853,19
15738423890,0
15964633962,3
15623232335,14
16009284131,0
14344241552,6
15729482242,2
15872054822,7
15992666102,0
15442770046,3
15097123690,9
15288489683,14
15773425029,16
14224489274,8
14178580629,8
13911357235,16
15089329940,0
14161918937,8
15833398379,16
15806719704,5
14167659443,0
15435200018,18
16030905849,16
14175215453,10
15894338797,12
15873543444,16
15994394406,19
15591375716,14
16034537511,0
14074041282,10
15837278677,16
15677789473,6
15764249851,2
15044566446,18
15242751386,19
15246585356,16
15724329039,19
14397391779,10
14274357336,16
15958355240,12
14177123483,10
15867097554,0
15622338133,0
15494931160,10
15725454948,16
15664016295,14
15634040442,3
14006615135,3
15699113239,0
15772351795,19
15659681527,8
14088061743,0
14215244212,18
15725019299,12
15605889722,2
14388760073,3
15772404715,14
15179782099,8
14149387436,17
15959490228,6
15982959929,19
14087727540,16
15908005849,18
14272359915,11
14895795523,7
13836517727,12
14416021282,8
15689127101,8
15484209592,8
14343972464,7
15718924171,12
14788508783,18
15774412854,19
15509514704,17
14224654627,16
15801075672,16
15923144134,19
14197561894,7
15713623569,10
15995487010,16
15781341399,10
14055433325,16
14413079646,19
14474414629,10
14384780306,9
14231715298,16
15939749091,18
14154329115,3
15944223053,2
14930688101,13
14610818568,18
14485290976,0
15810111346,13
15971105108,18
14488048611,15
15242868476,7
15448044100,0
15824807342,7
15880812586,14
15771775769,7
14547163120,16
15943235000,15
16015020465,16
14897511992,3
15630248231,2
15447355820,16
15803387265,13
16011236115,19
15906501747,16
15976252078,10
15888498519,13
15912223470,16
14575681898,10
15724266057,0
15939702394,6
15737868396,0
14188875706,14
15732440899,10
15735280520,3
14088219476,10
15619323228,3
15401821920,19
15731555680,12
14166840020,2
15595990126,2
15954191920,9
15736198148,7
16027512278,16
13995122309,0
16000082689,14
15481675497,9
15572833127,18
15223273256,14
14157578085,10
14054936540,6
15783185611,10
15978654899,14
15911049293,3
14249905348,2
15935155641,16
15368372104,14
15988251499,16
15975058062,18
15245365043,3
14011645835,13
15728461699,14
15073537281,7
15348286701,4
14211946732,18
14488798587,0
15515743561,8
14144605213,14
15854901778,2
15971122459,16
15842409097,3
15950572593,15
14123380758,7
15911139369,2
15193381777,13
15995234494,2
14967791709,18
15394813271,13
15605520201,17
15328841646,19
15691558975,13
14175142833,0
15893322269,8
15490778475,15
15666494663,8
14472196865,0
15430458449,10
15560981709,11
15321130709,7
15057932682,18
15732063673,14
15217192418,14
15964289350,3
15372249683,8
15926788630,18
14674399038,0
14219625956,0
15574493163,16
14124209142,9
15923062332,4
14140449629,13
16012154049,13
14333673446,15
14748878196,14
15652742234,8
14373973648,15
14420889662,13
14463090902,6
15934684766,16
14079383931,19
15635421963,16
14188865998,3
14042093911,16
14134555911,0
15716022357,1
15375455672,8
14489294369,13
14200972802,0
14238515214,9
15894701127,16
15578253182,0
15785459966,3
16031040084,13
16018316374,15
15880213980,14
15796116558,0
14133274950,16
14251810320,6
15333214183,16
15613699441,10
15750195439,6
16032598988,10
15615889404,13
15754754100,15
16032860720,18
13838826639,15
15792308898,6
14143322459,14
15628833991,4
15471327968,15
14166594135,8
15379178030,0
15814240552,13
14190368641,15
15985543011,1
15425163977,15
13934948999,0
14394485737,10
15817385835,16
16034385910,13
15308183845,12
15956069875,19
14196299986,0
15787974431,14
15545981043,8
14172351740,19
15923352648,19
15647815554,18
15078516077,8
15291101459,15
14844085387,18
15840484826,19
14122283495,1
15710551729,7
14680814587,7
15533916774,13
15952450903,16
15213666049,0
14096634013,10
15926520320,18
15830883612,12
14196121832,13
16000151857,16
14420510573,7
14195149275,16
14420253705,4
14103560810,19
15970060950,19
15942228416,14
15917570934,14
14448005146,1
15781774922,10
15540255780,15
15999723907,10
14422574524,13
15513979110,14
15986560699,18
15955228717,19
14782451945,9
14166350428,10
15712542670,14
13857785001,0
15783270214,7
15797213992,10
14479511065,13
14855570590,18
15765712756,15
15744447112,14
15687654479,4
14139880478,7
14471130972,13
14233064665,16
14487978128,16
15598712253,17
15515199258,1
14415398728,14
15907882471,0
15676082594,0
14575684415,0
15363341327,2
15983212868,2
15554551785,3
15956891724,9
15890738516,15
15524423765,0
14905409717,9
15889059206,4
15824926376,16
15668925479,13
14994494776,16
15319351297,15
14158675494,10
15634729230,14
15811692997,0
15239055726,8
15110443149,0
14299121093,18
15956475328,2
15172650751,0
14429150274,10
15607980184,14
15759853292,2
14435573050,7
14492681404,19
14200275013,7
15936436826,0
15625798876,14
15770689130,13
15746934486,2
15823694344,18
14321725959,10
14567001282,1
15541696146,6
14182806738,7
14457522880,19
14448987591,15
14166838373,13
15218185275,4
15917864115,11
15250573973,4
15748231060,2
15934211698,7
14225093994,0
15687611400,18
15269772118,19
15806019092,16
13943215701,1
16002101939,9
15821671893,18
15358967595,3
15354940464,14
15802789565,10
14486170924,10
15695782792,13
15906423889,14
15822634480,2
15656330005,3
14188583108,0
15694550068,15
15820135008,8
16024900808,8
14254992251,10
15921410480,0
15915589051,6
15497424867,16
15966774860,15
16004531722,7
15929189599,16
14255152096,2
15965038618,14
16034314465,0
15818968595,4
14214920625,8
15822601786,18
14445708272,0
15624752324,7
16012705605,0
15737465004,5
15993399042,18
15648472297,10
15784383186,5
15815472670,17
15746838792,16
15595837571,14
15597453662,14
15537761933,0
14194595887,10
14079209748,10
15258946052,2
14489214143,13
15996289423,19
15987569359,8
15970018852,14
14184744044,2
15806729222,14
13988340539,0
14228482048,18
14459056798,6
14145947455,0
15708249523,7
15543871001,18
15575992564,10
14258852141,14
15796273917,10
15883888796,12
15868849661,5
14310916236,18
15013038487,13
15822639738,17
15696907599,11
15175677811,7
15185940243,0
15134824265,2
15599633562,10
14214132634,10
14193729204,9
15375239683,10
15454042801,1
15393990001,4
15902597421,13
15421371043,4
15537580581,4
14930737222,19
15334885119,4
14359728073,14
15586464264,18
14182510898,7
14096928380,14
15374341086,8
15727515976,16
15205230682,11
15737322908,0
16033413739,9
15905596470,14
14159692665,7
15870076214,19
14019489586,8
14124471415,14
12682221682,14
15657707932,14
15904314382,19
15925927138,18
13755558630,0
15542848096,12
15776648268,3
15782879875,14
16023921875,2
14077895006,15
14481458029,14
15580114819,14
15179766689,8
15246526602,13
15802767481,14
16031256750,14
15931202545,14
15846763054,1
15231837380,8
14176216587,19
15797969974,9
15919463120,0
15923675359,16
15450362682,10
15274629987,16
15642405598,3
15907335432,14
15831380337,19
15732345321,14
15791076724,10
15530437004,0
14353502763,7
14442275872,18
15134694450,15
14224045233,10
15808570210,14
15840183923,1
15822130388,2
14146064338,19
13268907287,9
15923204059,10
15364656690,4
14123379154,7
15888129798,18
13967925224,18
15985591322,10
15718483411,19
16027088999,0
14135555429,14
15922173609,6
15789194750,14
15790245243,7
14247235064,7
15846327585,19
14144726062,14
15968542455,3
15770946841,14
14862607694,14
15663927917,14
15400175008,16
13779185182,18
14120946663,0
16027200570,14
14203237884,4
15571520643,18
15426760135,19
15737839308,12
14415778326,9
14365343565,10
16018225045,2
15637324573,14
14876246733,2
16003400783,0
15786391875,18
14096844772,18
16011397126,14
16033244595,18
15792308834,16
14986550012,0
14412341833,10
15054846601,14
15799718173,6
15688766187,4
15609891694,16
15753199350,16
16035169568,18
14085938621,15
16019738964,19
15557531033,0
15707678287,4
16032090865,18
16034073229,8
15809187914,14
15892638332,0
15250398981,13
14199541750,16
13850633525,14
15571297009,1
15914518018,16
15292665660,14
14189473399,12
15712352573,16
15885242205,12
15980403803,19
15884679856,0
15587447998,13
15512521663,3
14213171979,18
15949383204,4
15279631915,13
15918844646,14
15502521550,7
14114870494,6
15666201327,12
14007671609,6
15813854954,1
15793116506,2
15722667375,0
15838191684,2
14980738312,16
15420654319,1
14054693472,0
15755336575,13
15939726302,14
16011490070,14
15794223126,6
15831386655,15
14169092366,0
14896731049,2
14978972794,15
15690949538,19
14478450025,14
14450405273,12
15995159267,8
14384871185,13
14464502451,13
15706322008,4
14185842620,18
15348969400,9
15711900094,16
15947628120,15
15174220960,0
15855013464,18
15991108947,3
15807437773,2
14195526894,3
14406061114,4
15524618141,19
15720420505,4
14199561302,16
14853076891,19
15924892778,16
14912384232,8
15174520585,0
14127498268,1
15825304868,1
15697427239,18
14559975713,14
14151935690,9
14437952484,18
15823717306,14
15195854175,10
15811553534,4
15438132696,19
16001404835,7
15582012688,10
15102037962,2
15683709990,18
15776691896,8
15537580194,10
14479383116,4
15699016800,10
15234967440,16
15999439428,12
14365560304,0
14010329243,7
16035173643,7
15996225289,13
14194270468,0
14491155693,17
15185887831,19
14097740189,0
16012986314,4
16007946310,1
14245993472,14
14220018188,7
16014722322,14
14165124434,12
15836235332,10
15501630768,14
14588527148,7
15575178432,9
14037560304,1
15747991091,1
15802729948,16
15821895901,1
14174428682,12
15441512181,0
15174081650,18
16032721141,14
15748161119,19
14133193103,15
15921155071,15
15368146583,15
14020367496,5
15851603050,18
15602518789,0
14197671166,10
15364484257,14
15747463827,4
15282572127,14
14061056687,9
15784495760,19
14077680820,16
14490216302,7
15507851350,10
15578029781,3
14069399317,2
14164445989,18
16000334146,15
15693442365,10
16023716802,2
16007777628,8
14116628427,14
15814956983,15
15976931168,9
15727110531,18
15384986225,15
13785819154,15
15296068572,0
14467186432,16
14180850045,19
15219029267,7
14802449033,12
15829011489,14
14490595348,16
15150757050,16
15788113544,3
15976200364,16
14131055865,0
15754207691,18
15661737211,4
15888362036,0
15898121185,16
15599929148,14
14582473410,13
15303628500,4
15922338948,13
15572482230,0
13821647790,0
15079126603,12
14863524700,10
15371033704,1
15585506629,15
14137591263,9
15520539495,7
15847231929,2
15738725098,4
16000089945,14
14895548397,17
15673220594,5
15715787022,10
15727469844,9
15800087167,14
15849714082,19
15459175767,6
14945431999,14
16006086766,14
15696073459,12
15876454096,18
14473321314,7
14172332104,18
15146419035,12
15871746068,0
15999767537,19
15635680311,16
15775881065,9
15785424089,2
15733807069,11
14901607989,18
14319400548,0
15994551392,14
15832359117,2
15798524294,18
15569454946,16
14157312036,2
16024139764,12
15927410912,16
15936003156,14
14593922354,4
15276403498,3
15258695404,3
15711950041,13
15621050456,14
14142821079,15
15705070696,6
14411377656,3
14224045155,9
15729476555,5
15794406970,14
15618170619,6
14079110374,13
15287520185,10
15992907578,1
15693968461,17
15525915904,1
15316485449,7
15246831653,0
15633775913,18
15906971874,14
14759131077,4
15666111849,14
15415070668,0
15904645857,8
15881566473,16
14490169408,8
14284004385,19
14223735188,18
14154747929,18
15315820378,4
15647166495,1
14209203258,8
14141168630,9
16012128386,14
14180608028,19
15670175589,10
14170675687,10
15738083722,7
15476978672,16
14212357013,13
15254019134,11
15726941025,14
14565603288,16
13989951095,18
14492341064,1
14481567445,6
15983766459,7
15819187644,19
14490594512,0
15857482711,10
15998803286,16
15133546645,18
14449262569,10
14709934156,9
15974954310,10
16003557976,0
14400490841,8
14207482321,19
15558132799,16
15829147078,13
15547479174,2
14207923972,16
15697623308,18
14368948705,0
15836270044,16
15964224282,14
15849378491,0
14156144777,4
15473713579,2
14079028472,3
15796461071,5
14041185948,10
15802805617,0
14351791211,19
15770787162,13
15915069123,6
14233127863,0
15970963841,2
15912817611,14
15208359874,5
15745999015,18
15786294081,16
16033579656,14
14124945469,14
15247379709,2
15981778355,14
14106903634,6
14208276460,0
15709260774,18
15570326707,0
15952877765,10
15718291689,16
15908878348,13
16024466652,2
14112532382,0
15334857470,19
14104269549,3
14089796130,3
14256639397,13
15263460776,15
15351185748,2
14455517751,13
15219195263,2
15186689371,16
14217820551,2
13906238583,7
15699499528,16
15334807705,18
15739765774,10
15904630875,19
15995563631,14
15832760737,14
15613444827,8
14120753340,10
16031090685,19
15449494154,19
14954472907,18
14422753752,13
15993222595,14
15663880559,16
15088854530,0
14268843437,7
15799728943,1
15772036771,2
16011772710,2
15786491336,7
15760063682,13
14206527954,4
14218121011,12
14024381879,1
14362296384,2
15979676281,2
14221247236,2
15695339862,4
15395216453,12
15520205719,19
15768375274,10
14152932115,10
15365302106,3
14219951823,16
15716140522,3
14231176762,16
14493734556,9
14214706237,8
15977064430,14
13950000506,8
15264296164,0
15899253766,10
15824346487,2
15593865811,14
15999767673,12
15808507707,17
15743222820,8
15858743172,0
15703141522,13
14983094024,14
14121285596,7
15731414358,0
15766647811,18
14490540428,16
15991461623,16
15346963108,14
13843454546,13
15666610240,2
15359494172,14
13536360342,8
15886440123,18
15905175222,14
15727563664,0
15726297695,14
14631388232,1
14565603278,7
15913816560,16
15834028201,2
14275429342,7
14457910478,10
15330170913,19
14458798113,14
15057742238,10
16010939678,14
14404391606,19
14465899981,8
14095526398,7
16034238347,2
15882802781,15
15792318255,6
13945919991,7
15438259770,16
14195793978,0
14209158036,0
15751696748,17
16026894136,8
15729675407,14
15813839869,18
15214750647,14
15108366462,16
15821002839,0
15355450306,18
15393880644,18
14465372979,9
15897552230,8
14474471742,18
16007753414,14
15797568842,2
16034213930,17
15270242084,10
15715555503,10
14182009567,4
14575974883,7
15916355112,0
13536360414,7
15588626907,14
14035545153,18
15705587810,10
15934527822,5
15730421872,4
15928684634,2
15431213246,18
15447569630,19
15998828200,19
14267360224,0
15537418194,10
13850857062,19
15988081270,15
15668670333,4
14042359176,10
15979310807,9
15790110956,16
16001199850,14
15928763141,14
14098785751,3
15615720523,10
15281877727,14
15573391246,4
15421012838,14
15982442250,12
15834268701,3
14137156502,2
15564751954,10
14494139409,10
14158308316,2
14187950085,18
14420137871,17
13959175578,14
14129903588,5
15325052851,14
15380393861,18
15855931731,10
15999761695,14
15935496126,10
15621611352,1
15669570211,3
14096949056,7
15969250730,19
15908524575,16
15641938686,10
13936526022,8
14488025776,3
15930949290,18
14142393734,16
15888646517,10
15939039722,18
15192098190,9
14183822516,0
16015255317,0
15428101778,8
14485319376,12
16005818279,14
14189799040,18
15952217792,5
15233005196,10
15833087781,3
16015864806,5
15620972792,3
13755355902,9
15792854528,6
15833265792,12
15342510610,19
15262213698,16
14227823402,9
15356755567,16
15359057631,18
15392661933,16
14186402719,16
14620834617,16
14479511470,18
15804755748,16
14432167075,16
15647424529,14
15104064132,7
14110778645,9
14120041642,10
15219662775,10
14126786417,12
15919717573,0
15019042713,12
15288470733,14
13862020501,0
15822032974,16
15942712525,18
15698816737,8
15765960874,3
14214677061,14
14144130453,15
15956860396,0
14667871762,10
14898275066,0
14167924843,18
15133667139,3
15730417296,10
15980003195,7
14422562743,7
15915068186,12
14184744046,2
15803109638,16
15498188381,14
15896693387,0
15576570183,3
15826328472,0
15784960577,18
15989515183,13
14493171353,1
14020670985,15
14150592703,19
14160201968,14
14420383478,18
14196969945,2
15316471443,10
15688861003,14
14553474912,19
14838542453,14
15878221052,2
14012773813,2
15968932126,1
15887278697,18
15817487931,0
15749986756,2
16001535907,14
15846441476,0
15958377016,3
15931203457,14
15319228413,3
15700564475,19
16008095450,7
15978384232,18
14151965522,10
14179442715,0
15247634779,18
15422929033,5
15608310012,7
16028803271,0
16027339581,1
14726183822,16
14209345248,7
15890690413,16
15258685780,2
14665088081,10
14238515155,18
14054492544,18
15723760839,7
15655898410,19
15764472494,19
15803741230,2
14249879484,18
14448967113,16
14351115881,19
14226230966,8
15774714383,17
14138939415,19
14182026407,7
14400752616,14
16001590717,9
16012540291,19
15892898651,14
15736792979,16
15946281488,14
14077035417,17
14128675589,18
14486200339,14
15827872933,14
13952957655,3
15822327827,2
15392225385,0
14671107763,14
14262993556,16
15713589868,0
14878265741,19
15725606996,14
15824180000,17
15796018183,3
16003981833,16
15512516764,18
15723332991,8
15668091141,3
15785164187,0
15934504137,13
13826016470,1
14738571596,10
15157978453,5
14169593754,14
15139568565,16
15233654105,18
15794370049,5
14053900639,16
15903219835,16
15799951689,5
14112024206,7
14412039180,4
14126695725,0
15718257545,8
14198912401,14
14107212787,14
15826317330,17
15996343985,10
15618697787,10
15318304505,9
14198613720,16
15811021827,13
14166931497,18
16031915192,3
14438980073,14
14140268760,10
15038791157,8
15903431829,3
15596617434,1
14810889404,3
14163498787,16
15966421959,14
15984352934,10
15303985568,2
15986238923,13
15875021214,10
14778251271,7
14049225278,13
15602977784,7
14220418907,4
14485291012,7
15826438643,4
15623706561,7
15737066710,16
15790136239,16
15712236852,16
14933150673,14
15708158912,14
15410297734,3
14190100437,15
15287170520,10
15073735910,2
14207851238,16
14167403736,2
16032773626,2
15841627968,16
14470343103,18
15925738146,0
15378409179,0
15338218193,8
15705515749,10
15694892968,18
15541818772,15
15766536326,10
15394597528,0
15602928129,16
14442932961,19
14095894412,10
15800306032,16
14180668962,7
15901774766,16
14393578120,19
15802716333,15
15933592085,16
14196910710,3
15600149683,16
15785180077,7
15721060419,1
15188368443,19
15224946167,7
14474208361,1
14210642322,18
14214493843,0
15254107689,4
15438655837,15
16012881558,14
14271464662,5
14145881161,16
15202270599,18
14133346065,16
15734418463,7
15256804805,0
13743541075,7
14911844600,16
15168531185,4
15260880974,3
15784650001,19
15919464114,1
15791691473,18
15676530061,14
15715542177,2
14991624989,0
16029782460,18
15657058368,18
15790782237,18
15897665367,18
14211290535,14
14464078526,7
15677792098,3
14038666490,4
15786115025,11
15723098038,0
14273635380,2
15738689048,10
14197467021,10
14082855503,7
15883617332,7
15545048641,9
15357114899,16
14021386924,0
15870127496,2
16002819996,4
14473004225,9
14259770244,14
16032596910,14
14174723147,14
14082856050,17
15874631798,14
14085615853,16
14042621500,0
15245954609,12
14351345936,19
15641223496,19
14100878368,4
14139868714,19
15732357317,13
14088058312,5
15910151170,14
15152887048,7
15852192973,14
14215076361,0
15781792743,8
15394917085,18
14766144411,14
15766714383,19
14845065077,1
15420060626,9
15839330471,8
15891646773,14
15732257016,16
16032415429,16
15746362748,19
14184599463,18
15875954345,3
15391049071,10
14169781398,12
14205542007,16
15580819520,18
15896693249,10
14472079702,12
15390214724,16
15828446859,16
15656433449,0
14357482522,18
15347491235,10
15775856407,13
16012789360,14
15450279889,15
15102408576,4
15808627894,7
15952960659,4
14836803736,10
14854500017,18
15511638829,19
15738772918,19
14129617479,18
15891124250,16
16020974315,9
16029237513,7
14659151307,10
13718791073,0
15886996034,19
14429171707,18
15666050617,10
15277897485,10
15987746280,13
14859913456,10
15784737269,14
15831199435,16
15798858399,5
15829116019,11
14160535821,18
14484459184,2
15848355903,14
13774785779,18
14175036809,14
14158835364,14
14203930147,10
14455959404,8
15808350149,3
15730474446,3
15604687606,12
15316410792,7
15872385664,4
15520996863,0
15769035245,19
15655898406,0
15786900873,14
15763688659,18
14235015008,14
15908962317,13
14470536505,18
16016723987,14
16006026480,14
13841735419,10
14063925775,16
14359211234,12
15742374418,16
15989843869,19
15985327691,0
14578076972,8
15231181316,14
14142000102,0
15497047572,5
15790226444,9
14136115048,8
15865005554,19
14210739099,16
16003420560,13
15638618497,11
14201999113,3
15344141437,14
14152589126,16
15826280132,10
15866306430,10
15772233380,10
14429836884,2
15919951978,15
15660504319,10
15985940621,16
14449965780,15
15742149115,17
15510303055,10
15847322571,0
16029602894,10
15866469185,0
15771386292,18
14166493137,4
15498323734,10
14451953923,5
15320760206,0
15612526674,4
15924526882,14
15710084584,0
14213935446,12
15090330843,14
15952004332,2
15674567993,14
14236053878,18
14225600781,3
14265815151,2
14362241713,13
15947136436,16
15874291892,14
15685380889,4
14680691128,12
14183700038,14
15733391757,7
15730038628,17
15821849419,0
13837696163,16
15448208672,11
15925408082,18
16000156015,4
15784550986,1
15757636062,12
15834481861,16
15591033995,14
16017930657,18
14248100194,13
15809414757,13
15464372991,14
15711680102,9
13951295817,3
15558705652,1
14134685144,15
14424420040,7
14151668482,18
15939675336,0
15601818527,13
15982188293,0
15731687503,16
15821276824,3
15929407265,10
15535029471,14
15800190519,9
14218684680,13
14355386171,9
13995671114,16
14351082828,15
15638113378,2
15279451471,3
16025054415,10
15667742308,0
15834416414,14
15788793596,4
14593012708,10
15406133691,1
15222752466,18
16018528950,14
15958055581,0
14135004370,18
15748345168,0
15978472511,15
15970587453,14
16026685690,4
15904996284,16
14926396190,17
15696831930,15
15438636078,3
14119676557,19
14033016861,2
14552124247,8
15796018215,3
15727304216,19
14488014870,0
15825690785,16
14002294632,19
14131577009,1
15523864484,7
15818384403,18
15298247713,19
14467794202,7
15807676258,3
15808195725,18
14351571715,8
15749298360,13
15806923600,18
14170189047,1
14112711041,0
15219193087,16
15388457830,1
15906240129,8
15871046077,12
15979144990,2
15328983817,2
13980810555,2
14343972487,2
15937751029,14
14219791492,16
14709878468,14
14209936176,3
15183298121,8
15716366503,19
15312516864,9
15342507588,13
15732532889,4
15856069501,8
15762349076,17
15810564832,14
14136232043,0
15850792415,2
14770135403,16
14950422496,7
14204050129,7
14094552830,1
15751828865,15
15972061543,18
15994192271,3
15571825654,13
15806435934,10
13967349536,9
15547503950,8
14097915590,1
15861933088,15
15825552433,9
15578405842,1
15793283050,13
14522817661,0
15462722842,7
14396217546,0
15523373651,4
15768897867,0
15926556811,16
15590872852,12
14115037872,15
15981672713,3
15181068056,16
15261749969,19
15777801413,16
14208323678,15
15951251459,15
15546301049,0
15896806453,10
15996518287,3
15748159130,14
16024820324,14
15802006960,13
15758408958,10
14395041407,16
15609846781,13
15798899052,16
15805567651,16
15739949827,7
14193025312,7
15936552057,10
14464584822,12
16011783222,14
15905202678,18
14885773511,1
14472994605,7
14153935125,14
15901692006,19
16013047600,18
14157254517,10
15852772577,14
15639998014,8
16013149027,16
15768744657,2
15797167342,18
14196264458,18
14359172685,7
15292920239,18
15822281795,13
14375611700,9
15933816570,19
15836537351,18
15780750047,7
15841407185,16
16025283830,3
15807417453,16
14463111644,4
14850111002,16
15712233472,18
14085702077,15
15921965911,13
14031725249,14
15986861435,3
14216105065,16
15808959000,6
15971843881,14
15990326691,15
14177145604,4
15566894785,9
15664220120,0
14358681422,1
15157480796,8
16012152794,0
15936494408,10
15917864473,8
15821909037,2
15754919144,4
13918023496,8
15806037634,3
15434379173,0
14367188761,10
14199062507,7
15648058256,13
15790886366,19
13748195549,14
15819357621,14
15809544506,16
15806019603,0
14173241583,16
14377171043,7
16022882699,18
15863437653,3
14228829508,14
16030936474,3
15718365622,10
13956515865,18
15323131462,3
14222717461,2
15696518690,3
15545440328,12
14164311625,14
14482434394,6
15888780782,0
15403083663,16
14119494928,16
14165232909,14
15746899023,14
13962903812,10
15568802232,7
14381387296,8
15767724460,14
15966830742,11
15342509405,19
14406002883,10
15770974941,6
15703023150,14
16014905555,13
14102356333,15
14329870856,5
16009397155,16
14353222876,2
15787387758,14
14699170175,0
16013907763,18
15568102061,19
15769366767,6
15052299247,4
16008360308,0
14159335609,2
15318759505,19
14265942892,14
15982015358,7
15793245423,2
15942924565,7
15670611659,6
14848863715,15
15907137781,2
14169610191,15
15717746373,10
13968825715,18
15275685855,3
15837837471,5
15926604974,7
14190144798,7
15609481152,0
15928928181,17
14148544720,19
15637426993,2
15904515638,13
15968932343,18
15724386389,2
15893870433,11
15919039470,3
15701084875,7
15924204427,7
15664596696,10
15814383161,8
14423961103,9
14086093479,13
15786586085,9
15631248233,16
14246220092,3
15007459048,8
15817979613,13
14252491387,19
15332782806,13
14489294318,13
15712426259,4
14424611534,9
15077917547,18
16025195381,7
15999587453,19
15797569040,8
14192578579,9
14720278719,16
15119460089,16
15248335143,16
15831367509,10
15595889735,15
15128824379,10
15637537858,13
15643021944,14
13936175262,14
15980467932,18
15199024107,18
14171027386,4
15771924538,3
15912171278,16
14175622713,10
15409469835,13
14159653049,18
13947873014,3
15775195925,14
15996335820,0
15789393385,19
15902752390,5
15251417131,13
15927602845,2
15734000736,13
15327071406,10
15810353150,14
15716892900,8
16010964706,15
15775844216,6
15907979951,16
14224733653,0
15969005486,10
14441742934,2
15881543310,17
15911151985,14
15830791059,14
15766669416,4
15943402820,7
15610937275,14
15820596297,8
15801887603,16
14494001799,15
15948000233,8
15832836785,12
15768540604,0
15852548823,10
15806514087,5
13848877810,16
15576220347,13
14392077210,7
16024655733,2
14781682700,7
15129682658,3
15982850725,14
15148224203,4
15840484424,10
16007743876,15
13853869779,14
14136620337,0
15241350385,4
15915749736,1
15986796367,3
15164204261,14
15803702871,14
14202659088,0
14085952843,2
15699793838,9
15886754211,16
14415712313,2
15677820669,14
14022924476,12
15891068431,10
15808899894,16
15000816281,0
15929234235,17
15437157098,4
15779742385,9
14228382036,19
15887643676,19
14136451845,3
15702453498,19
15978874079,18
14471611523,9
15989921901,4
15618513430,4
15627908776,16
14348036144,15
15730475704,12
15364263542,14
15052155057,0
14136148691,8
15384754747,18
16011755724,14
14853906555,16
14615128453,13
15251536209,10
15714233660,16
15634266451,16
15957932075,10
15580011114,11
16013668521,10
14873625813,18
15201523236,10
14178855264,15
15724665381,13
15937624809,4
15056341903,13
15665363607,16
15932219866,10
14852640302,13
15962278836,14
15800775880,3
15731866499,18
15633481940,18
14061056693,8
15913482341,14
14676454153,16
14196376239,0
15620960599,13
14210209655,0
14199050589,10
13936525996,14
16008972652,10
15293054499,18
15432399579,19
14196518188,18
14377177919,3
15642530254,15
14921424320,16
15331932755,3
15782879633,16
15748358125,11
15776997658,9
14570758348,7
14098662320,18
14778085131,10
15724983965,16
15952048433,14
15309586358,2
14441268066,3
14103641971,7
15979432722,16
13980235301,16
15587173466,7
15910938211,15
15807699190,19
15573716453,16
14126112375,2
15942873971,16
13881828106,9
15470530260,5
14988183909,13
15174420706,14
15997342512,13
15837531485,10
15451126556,0
15634620427,1
14066876016,16
15005436872,4
15573151812,15
15877466677,19
15246785956,9
15809414372,12
14443495654,8
15907887321,0
15310309606,2
15733684815,0
15610805894,18
14443810526,19
14097283227,16
15992668221,14
15713310431,16
15017048962,13
15403836517,4
14072887106,4
15694547482,19
15887469723,3
16010930342,14
15929702953,7
15641407337,11
14224690642,2
15758022712,18
15296068561,8
14226200102,15
14943866197,0
15741915018,0
15808591729,7
15896137682,14
14396650373,14
14218611565,16
15797413766,15
14262951792,3
15165601043,12
14428031669,4
15554520412,0
16029050734,12
14223158895,1
15793122297,18
14439847506,10
15105265440,2
15765108995,7
15393887770,19
14219443343,14
15785599007,2
14724418324,15
14086043871,19
15824298819,14
16009033326,16
15730490724,10
15092302880,14
15606869332,0
14184707312,14
14226962128,4
14976882641,16
14106760872,18
15622588526,7
14421180990,19
14105826002,16
15497092570,13
15016833149,10
15419680095,13
14931374480,13
14213257243,0
14201291477,18
15096338312,10
15296027155,14
14222972600,10
14489294410,18
14691129528,4
15358898885,18
15900619684,2
14017873215,18
15747182075,1
15247495983,7
15919170657,10
15767767019,8
15934504343,0
14448341777,15
14909474626,2
14923737426,18
15387519803,19
13871938270,2
14219990591,0
14974329197,7
15715623993,16
15803927494,17
15783810401,8
13897488967,7
15342564574,16
15845191949,7
15732170657,3
16018523690,13
15807421676,18
15599726532,16
15826811560,16
15502104212,4
14359241272,14
14190691769,13
13963774301,14
14123704308,0
15912603525,10
15920414814,16
15719594050,10
16007018691,10
15700042393,10
15818585323,2
15910997282,14
16002141742,14
15257212653,18
14481249574,14
15817939919,14
14202882924,19
14153430382,16
14380342231,14
15805025693,14
14118796071,10
15972988292,18
14178840367,0
15978243207,15
13753019760,14
15500106928,14
15405810435,18
15284284140,9
15870817880,17
16003738335,9
15537140216,15
16027425326,0
14157309575,14
15821900296,15
14244582496,6
15674994579,18
14320703702,4
15689519937,10
15064528894,18
15922305338,0
15751655375,19
14410616855,8
14072749993,3
15830750377,19
15804030602,16
16006459366,7
15793464016,10
15537376324,7
14473432252,12
14189008481,2
15986994677,8
15846652758,16
15221744704,1
14681233823,0
15234324883,0
15760770939,13
14387041277,10
15998218948,19
15292750214,8
15423047355,14
15334475433,1
15904327456,13
15272054193,13
13976541811,0
15729006195,3
15903608367,10
16026015056,9
14423513893,8
15414810286,7
15770649147,9
15935203405,2
14222339231,9
15822804642,15
15759294617,14
15980418759,0
15363899380,16
15850394299,0
15890408451,0
15719323507,16
16030488382,2
14439020933,9
15328828942,9
14147095498,4
15925762938,3
15599112402,17
14598296649,13
15369030911,2
15976457610,0
15816391679,13
15738850056,16
15935108527,8
13997948822,10
15700335473,18
14973991739,13
14050464934,12
15715286760,18
14115458283,16
15918977231,10
15822638399,17
15683802918,0
14154894726,10
15805957839,16
15683708284,13
15929878562,18
15999631288,0
16010379850,18
16012857877,2
15749011045,19
14193308785,15
14631437994,18
14150041954,2
14183819273,16
15913311194,13
13980207485,0
15837289864,7
15761372625,13
14356412115,16
14199004812,1
15089046161,18
15733071714,12
14344844004,6
15909133195,19
15030888360,3
15588719284,14
15588955469,13
15909222062,2
15913413259,2
15823476975,5
14361874590,9
15745447033,18
14179044317,6
15428341524,2
15452179284,3
15833104628,10
15684855048,4
15976060213,10
15388076246,7
15872147716,5
15930160996,0
14878322799,0
14796389660,16
13984914130,9
15504908165,14
15542371930,0
14420319234,13
15775370140,1
15875364621,3
15940231085,2
16012178297,2
15835595257,0
15814844592,19
15368183231,3
16016591771,2
15232413732,8
15802695002,15
13943659268,19
15768508792,0
15898519861,14
14348117052,0
14951100635,18
14263496882,7
14237979354,19
15319149506,19
14971071891,8
15275746018,0
15445586058,18
14208517940,16
15490580555,16
14191019341,15
15772392785,2
14076615326,7
13840200699,6
14473000264,1
15304765058,14
16019775400,0
14237399644,8
15304820141,10
14200470898,4
15914249586,19
15950285962,0
16029575594,16
15334074753,10
15729030730,7
13808177085,19
15496269604,9
15234491912,10
15576222121,14
15582011112,0
15265273123,9
14584680416,4
14758808610,18
14984992493,14
15358908969,7
14172435553,17
15770375945,10
15745613538,16
15950716679,16
15393629639,14
15774114204,9
15932986287,13
15910219665,10
15776260573,17
15214499750,15
14107789874,18
15512705576,7
15734290335,0
15587138306,16
14347635159,19
14162705029,19
15720431106,7
15986461220,16
15873224512,2
15787932280,15
15409946092,9
15846705167,14
15037906200,12
14170758510,4
14141781044,1
15901787455,2
15542389554,3
13940023398,10
15419160950,12
15588819886,12
15677813149,2
15979844078,16
14229450537,9
14122080277,10
14156149176,19
15232519365,18
15591803690,1
13856340717,18
15828452348,3
15655158828,2
14147346662,14
15303374786,10
14001813898,10
15794740593,19
15667714817,16
15771409055,7
14478025961,6
15294757181,10
15171646410,0
15637314999,13
15974639791,4
15689464346,14
14058562727,4
15633941975,15
15964628917,1
15753068597,14
14201993677,16
15827290575,0
12769708011,8
14159850220,14
15620092724,2
13949093909,7
14458126939,13
15924304772,1
14863232191,18
14071649160,6
15897456225,13
13917316007,16
15922388438,8
15954666570,10
14089150318,18
16027151914,9
15765832522,16
15091230313,12
15089082336,10
14238695482,0
15701089798,15
15331957929,13
15697047971,8
15486918755,16
15739602016,19
14111819627,0
15610258677,19
15186716022,3
15979581921,14
15604723044,18
15236636039,2
15923254445,10
15891121760,18
15822618177,7
14055095523,10
15825644558,0
15856520990,0
15349063963,16
15784085800,18
15355190084,16
15407348039,16
14192909950,8
15221826805,14
15332765246,14
15940799701,10
15221373611,10
15146347414,16
15932324427,16
15868534855,15
14705017657,8
14150631190,13
14223696797,14
15235254975,16
15770980105,3
16008385291,2
15874072414,8
16025773765,9
15989182467,8
15612922898,10
16011338916,3
15132357989,18
15221879166,16
15994171373,16
15992166402,10
14203209695,10
15954948075,19
15768297249,6
15343408671,8
15952713998,10
14158508691,19
15088313340,12
16013631850,0
15411297843,2
14123854830,16
15819500563,10
13779288311,16
15954384727,16
15964028502,0
14023286446,10
15958700614,4
14254484816,18
15612702684,16
14136069262,3
14054641481,14
15562249432,9
15141259494,16
15719284039,13
14207749729,16
15870667387,16
16009690039,3
14178815714,14
15244642148,17
15760858744,7
15511487714,12
15811502722,15
15796926175,2
15385267393,18
14359207921,9
15972061640,11
15976535673,14
15747174421,14
14798549733,19
15244589037,5
15578089297,16
15238476893,14
16009676473,13
15865546731,15
14243899212,3
15891999807,14
15641373517,14
13923117686,4
15378120718,7
14451608461,6
14353211498,9
16032346354,18
15996178459,10
15749417024,0
15793551847,0
14320890089,15
14166840932,14
14096808159,16
14121554927,19
15793694205,4
14409738889,3
15702132710,9
15605413561,0
14214290053,3
15998390080,18
14070829329,19
14725211941,12
15319610096,18
15948148652,13
15562717246,3
15806981889,16
15206855322,7
15877138836,16
15936502467,8
14430932809,16
15833295641,3
14469917290,10
15849087764,19
15663927869,8
15891136167,2
15800678530,1
15958435425,14
16027328745,7
15189163531,4
15985377498,6
15882951934,4
15994145414,14
15927556107,18
14221985051,7
15178983471,1
14675711140,14
14886894819,7
15669894849,1
16011856705,7
14304820716,14
14141182413,12
15125276489,17
14429479853,1
13919378374,0
15922404092,16
14389440330,13
15486205839,19
14481579219,14
14195446062,7
15151514271,18
15293071481,16
15478209057,0
16022620595,7
15851194901,19
14139195644,7
14033406593,8
15785346809,16
15771391783,7
16034537386,3
15421205229,2
15637723208,13
14849997486,1
15541043470,17
15901412585,19
14554494986,7
14447860951,16
15427959398,10
15697761806,10
14225815216,10
14093888944,18
14208821551,15
13909719245,5
15671049292,14
15574935011,4
14478741032,17
14488254191,9
15290507427,13
15955101392,4
16032543489,7
15559924144,2
14207857907,14
15952852900,16
14199000058,7
14110133572,15
15193294787,15
14063320651,3
16000512032,14
13988385286,16
15071354734,19
14151309710,16
14011986906,15
14038507344,0
15699430374,18
15516613710,19
15874425823,10
14154357401,15
15789621824,4
14155643166,0
13817643764,10
16001944292,14
15581595021,10
14179683297,0
16032018752,16
15818698254,12
15703232262,15
14214106810,14
15665092663,10
14169868053,19
14815015540,0
13994217159,16
15319710221,15
14168773464,15
14167983581,19
14183710408,10
15704049752,14
16012052603,13
16014450229,15
15520287412,14
15839272874,8
15942997106,0
16007210040,18
14720465524,7
15601890065,13
15716022395,18
14481643138,5
14087094092,13
15416181921,17
15297854136,16
15356133059,14
16011959478,10
14483740142,13
12764214718,4
15897258313,10
15697625025,2
15755851989,7
15574814966,15
15973803134,19
15570881080,15
15630542498,18
14172625779,16
14446797145,17
15937624932,14
15742216759,16
15770974938,16
15780959611,3
14115182888,18
15353817095,16
14973171915,4
14081334822,13
15776955616,16
15590918795,3
15556011540,18
15202216310,16
15500125031,2
15998105981,18
16000334971,0
16008134807,10
14129580209,7
14742777887,8
15541559397,16
14163518451,9
15932735377,12
14394477869,2
15922360627,16
15819612561,18
15921834724,16
14073844023,4
15816499772,14
15239069485,7
14359213585,2
15621325674,19
15437605120,4
14273463684,15
14107671564,18
15675249307,6
15733278025,15
14547178968,10
15737690878,3
15874229105,10
15814857728,9
15996228998,13
14148791796,10
14192718730,10
15794094228,18
15958626134,14
16032071004,19
14132553189,16
15967895970,18
15545869144,2
16035182068,16
14048879056,0
16011029478,18
14197676352,8
15763833354,4
15468781470,3
13945814855,7
16008619673,10
15917752148,14
15092816855,8
13979509520,14
14141213296,7
15777185715,18
15831751642,16
15589856252,0
15849686349,19
14227592649,3
15249588090,4
15993709334,14
15889817661,3
14188579721,17
15877132893,14
15724420110,18
14969652468,10
16034434046,16
15913593146,14
15325292771,15
15598455061,14
15739516460,4
15933508864,16
14229781376,14
15716444503,2
15957290408,3
15897430223,4
14420316967,5
15887569825,15
15527288024,14
14691376325,8
13982323363,16
14208736476,15
15136712379,16
15809628308,18
15556787625,14
14246309340,7
15945562229,9
15729932389,14
15855066206,0
15564796757,4
15523094504,10
16000156066,12
15817408938,14
15917420509,10
15770302814,13
15707195359,15
15410464520,10
15811578821,18
15481140145,3
13888608991,19
14090058028,7
15803281944,12
15665391753,12
15576538898,18
14348036296,14
15815602469,2
15551838850,4
14091031390,13
15770276342,7
15795512951,14
13793985107,0
14740751983,1
15070131420,10
15877409639,3
14454664753,8
14222395212,10
14465540108,12
14462645913,18
15514126345,16
15928438635,14
15908217935,0
15513447617,16
14116899099,16
15508542330,3
15674567642,14
14369169955,3
15190190018,2
15926245000,2
16034547128,8
14262887282,0
14898234378,6
15831946932,14
15322949005,0
15000847502,8
15492409341,8
14001837335,3
14105778263,7
14240394266,0
14029872023,13
15591032549,16
16011806606,8
15725403993,16
15799051436,0
14423510378,8
16000005463,10
14420134302,14
15912037797,7
14420253321,10
14273072890,17
15857470274,15
15534025629,19
15302003385,12
14096488243,19
15702422624,8
15799906182,18
14478018219,8
15878316069,10
14137358099,4
15357534379,0
13808411151,16
14444121184,15
15807659081,5
15876179800,10
15889060768,16
14329815004,7
15745373515,13
15255796479,0
15900610845,3
15919212091,19
15847774161,4
15586908598,0
15423253780,9
15737074160,0
15097140497,13
15422339144,16
15395863739,3
15977495014,12
14480701714,13
15726601442,16
14480414494,8
13743337360,4
14472786321,2
13978150872,15
15533851177,0
16021728326,12
15928764168,3
14171015600,1
14472421531,12
14023303740,16
15708688529,10
15900610830,0
16021128628,16
14259440364,3
13943354953,19
15297928021,19
13948172950,16
14018412176,13
14209806933,2
15714092291,10
14939800763,14
14177147940,7
15253577924,16
15539972958,18
15919240554,15
15789911917,7
15636604553,15
14107137504,9
15992903288,11
14142517053,16
15766836231,8
14292390862,4
14218096439,16
15977921320,15
15924204483,18
14147986888,12
15875628686,10
15214225894,6
14386916449,0
15854409700,0
15826271437,0
15904971116,19
14343716225,4
15949660108,10
14116799446,19
14164075796,12
13783341597,19
15909885072,7
14150645964,19
16033201114,4
15526804144,12
14130607405,1
15669431173,0
15880182703,10
15599876365,7
15777122477,16
15815043156,19
15907898862,19
14416633867,12
15949654896,14
14216452584,8
14369685337,14
15943256097,18
15769887451,4
15887680629,18
14975698036,8
14173459807,13
15848505463,16
15537378061,3
14470469852,3
15518609324,4
15893734772,9
14157039157,4
15409673113,12
15088519970,16
15722678220,16
14344171721,17
13936517189,9
15998981454,0
14407820882,13
15337668569,16
14057071498,3
14486292487,6
15575921490,12
14385832806,10
15621158582,10
14182211303,3
16013218474,7
15946687311,4
14093740606,2
15244419597,1
14719839661,18
15768770140,7
15889101576,10
15185940179,7
15939033878,7
15715855597,9
15683586123,1
15314836570,6
15957506047,18
14190100338,7
15915595184,18
15966980769,7
13975083507,0
14210618361,19
14485936003,14
14055453829,4
14353286105,8
14999458049,3
15847601579,9
15620939320,16
15417554533,4
15729708659,16
15891007269,10
14989387856,19
14787628181,4
14632178167,11
15728447662,9
14121529436,4
15587939855,15
15665538973,12
16016789189,18
15985975234,4
15541785202,18
14403356179,18
16006466824,12
16003963322,1
15932815789,19
15893552092,14
15346278959,13
14148820159,3
14220675667,19
15543726703,16
14234895058,15
15822816557,1
15894355021,18
15328523198,4
15246890165,9
15337244300,11
15773849374,10
15366611692,18
14165547858,10
15078267133,16
15696923502,2
14141723873,3
15242942075,2
15903574227,14
16026046753,3
15681527522,0
15730985222,9
15681695238,2
14209309847,2
14447749290,15
15977361662,15
15597685774,18
14244770510,10
15947611303,16
16014909005,16
15190189996,16
14177782934,3
14155280922,4
15718964941,15
15227814875,19
15011023312,14
14748575573,7
14181432393,7
16030693731,16
15356893181,0
15803488730,8
16014547734,10
14073738990,14
15974004942,14
14196291070,12
14488254309,16
14169173351,14
14182092450,5
15772986107,0
15954953665,4
14204116807,14
15603185965,13
15829161686,0
15673160112,3
14915988701,3
15872389989,15
15896878718,7
14114500148,0
15729189247,14
15573828906,18
15930328344,2
15509596735,16
13828443088,6
15954157025,2
15660543496,10
15539209936,19
14475419522,10
15768939812,0
14387136114,1
14155694976,3
15094992299,16
15890333616,8
14167386826,2
15132787672,16
15438071897,16
14339324373,6
14426729283,4
14746761265,14
15932012641,7
14853906514,8
14736763495,3
15187036567,1
15421962061,4
14099793382,13
15845810397,18
15437503109,2
14250592466,2
16001743604,14
14848386893,0
15706750197,5
14911546735,16
16010220796,19
13915569206,3
15979995683,14
15018980260,3
15671965268,14
16006092136,18
15296787511,4
14218881939,10
15804219874,18
14128604945,18
14156919715,14
15748977027,18
14708232563,14
15786113008,0
15574205637,18
14161213394,10
15815488956,14
14719691341,8
15839635338,14
15765708902,13
16014910027,16
14404373861,12
16005060695,19
15833365175,5
14164731638,4
15790990181,7
15727579936,2
15825172385,8
14462649574,9
14154063298,14
14484414015,16
15888457030,3
15232481248,4
14138800291,18
15080087061,0
15746747479,4
15315969811,10
15783809029,19
16013040232,4
14166055245,0
15733464668,0
13994734124,14
15807695865,14
15743402729,18
15337490435,0
14085790203,10
16012240028,0
15728170945,18
16023483483,10
16029233509,16
16024429252,8
15250941432,16
15771775717,0
14158655839,1
14204012915,18
14195787417,13
15829190897,18
15106415207,14
14491586427,13
14721844223,0
16007778023,0
15452861467,4
15992812357,0
14081345763,8
15669431364,10
14156415124,14
15764740491,16
15924079824,7
14865738478,8
15958599939,0
15994114589,19
15733782953,14
15922537378,14
14448871970,15
15707358456,1
14456948551,10
14228244690,2
15685277095,0
15718514430,14
15098070052,12
15783180687,1
16017393330,14
15805575685,10
15944957354,14
15826767531,2
14158419122,8
15922400381,16
15857940607,3
15838792812,0
14137008131,15
15518216298,18
15188297279,7
15434536727,19
14705553575,10
15770888487,7
14472457887,13
14470090078,12
15898211013,16
14154928968,16
15384591503,18
14809980105,0
15769168790,3
15998697028,4
15802694824,14
14194013275,4
15855862871,18
14400454264,19
16032506683,19
14933021208,0
15513474982,0
14184724773,2
14273404465,16
15591708468,4
15505277174,13
14254409010,16
14118773605,13
15875950535,7
14129331183,16
15493252497,16
16013861211,16
15982807967,15
15683668554,10
15911186002,16
15348058344,10
15920115951,19
15798713986,14
14446647681,0
15907055982,9
15764882987,10
15661135915,19
15142107253,16
15348969569,4
14781743189,14
14444421292,17
13789792312,19
14141385795,3
15856335237,18
14525300645,15
14122206082,10
15582513817,12
15760117729,16
14102670058,13
14989831227,14
14552090337,15
15619600339,13
15771350375,13
15313077561,0
14696938689,13
14418245257,18
14155026069,4
13895794285,14
15717621294,0
14086784454,3
14144717069,10
15501192107,19
13988812734,0
16014894018,2
16006900121,12
14240032911,16
15971114351,9
15988758975,16
15110876824,18
14832448898,2
14860595680,7
14193982532,16
14209776322,13
15721503626,2
15729457059,0
15263655820,14
15801041434,10
15890133547,18
15829192606,12
15848113226,15
15208346332,0
15938664760,3
14550343739,0
15764406149,0
15004897527,15
14170661905,2
14859113779,0
15901173811,14
15740449718,8
15714901146,8
15921267610,4
15877294643,16
15898912278,9
15538434257,13
15905603316,16
14148994469,0
15546251208,2
16018887549,16
15796023458,10
16007626149,10
15711588315,14
16004534557,0
15786104825,16
15187749327,5
15972378774,18
15906764246,3
15717423885,3
14422533293,17
15753021858,15
15054939697,2
15102142325,15
14141528517,5
15994078953,3
15054809968,8
15576809628,16
14212122022,9
15981942452,3
16006200177,4
15775622664,16
16018938972,1
15819895532,13
14185465638,16
14244790038,8
14033771359,3
15685905661,7
14115182949,0
14190430758,2
15912295478,0
15922410513,16
14847303582,1
15831821116,15
14994845038,14
15981662902,8
14747356290,8
15997770787,15
14250410817,8
15891643067,13
15572824920,13
14473208900,0
15780195210,13
15816715303,16
14491155979,13
15618848648,14
15480622255,0
15977323487,15
14007086996,16
15787818458,16
15109210390,18
15999819664,0
15874120920,0
16014044419,8
15406281695,16
15665422526,7
15932735311,13
15723882445,12
15250371308,14
14204739544,14
15755024207,18
15428524864,13
14210209683,19
15475298081,10
15807020056,18
15691564106,7
14480673094,18
15357826371,16
14752172235,14
15729733541,10
14158289343,12
14238675690,19
15256497619,8
15984003084,15
14455111423,12
16021706289,19
15706129014,7
15976543946,10
15922324401,11
14896670838,14
14453762357,9
15515210788,1
15431343064,12
15933933994,0
15190865155,14
15449640755,16
15786664564,3
15731448001,4
15938673350,14
14135888234,0
14419844088,19
14420690758,10
15788112715,1
15921581199,16
15783045980,3
14167697920,0
15804157695,5
15684741838,10
15902517334,15
14230266077,6
14548794486,10
14869623840,2
14421690882,19
15999626850,19
15318389613,15
15926779083,10
14137169386,16
14140198556,19
15291425416,13
15782216789,16
15481361994,10
15277072694,19
15893608654,14
15667143019,14
15934348704,0
14124625788,7
14495162731,15
15768896558,15
15994237945,17
15808608209,15
15720330365,15
16002277121,5
15518370407,16
14109712079,12
16030004771,0
15639290988,14
14223151284,2
15125016559,19
14228199808,15
14132495758,18
15840477034,9
15374671073,10
15281411526,14
14164575068,2
15817484723,2
15701001396,3
14079935856,13
14178001355,10
16015673305,7
15820710462,16
15944659594,12
15771124457,7
16018165530,6
15730299251,0
14488019001,4
15856522203,0
16016780516,18
14203334631,14
15332174912,10
15960684971,10
14253268227,7
15708443381,12
14445162069,18
15884779935,11
15970985933,9
14132022538,0
14225600856,16
14216924908,0
15874636521,14
16024820750,15
15786114941,10
15842232055,10
15332760219,13
14244451195,18
15612472914,5
14369074190,2
15529860707,16
15752458970,2
14344171248,5
14139997101,7
15795536093,3
15918574596,7
15912895643,1
14226417043,14
14485089990,13
15727714778,14
14164337687,16
14786488654,13
14197545295,15
15785138740,0
14135315433,0
14433806682,15
15731020243,10
15989845746,18
13655755362,15
14111238592,0
15790000501,18
14238384006,10
15773034321,16
14226192910,0
14063341782,2
15884668993,2
14175636054,18
14147080173,15
15547310394,0
14174072182,14
15713764465,2
13988744668,2
14187751890,19
15847295955,4
15908819199,14
16000207067,15
15059208206,18
14141947166,19
14359280758,12
15834012365,16
15317171575,13
15810660054,9
15830003647,2
14447839687,12
15426629041,16
14217182792,8
14661876558,7
16000140522,13
15936333911,16
15793889794,14
16014953018,10
15530829589,7
14416196557,15
15911009976,15
15734008315,0
15819232111,13
15878740379,15
15248398400,18
14183829073,16
15718544843,14
15805998045,2
16014321431,9
15670214958,4
15360920918,10
15821695726,14
14805353159,15
14191372458,0
15945222345,12
15423194893,3
14139089354,19
14206715415,16
15282701568,16
14192980329,1
15998559050,13
14882884841,15
15821053028,4
15905378750,3
15728494231,16
14120547609,0
14222675346,6
14445419007,14
14379262548,8
13875005035,12
14217610175,14
15823745213,9
16016686720,4
15844239277,14
16014835877,14
15262701689,14
14256028122,0
16013270992,16
13993573674,8
15774398695,18
15991176161,19
15737868982,10
15094628181,13
14010995928,16
15604874671,4
14169263591,8
15992817930,14
15667862805,14
15637415887,7
15799051428,3
14488254180,16
15939967737,0
15427964009,19
15801196773,0
14183699770,16
14217870208,14
15373236595,2
14914613579,0
15632584981,10
14214208703,9
15868497916,15
15772403434,4
13996043589,7
15782226807,2
14148741988,19
13937155179,16
15890093125,14
16006918487,18
15588954961,16
14158557596,8
15572150597,9
16012906835,9
14129229513,14
15337924961,4
15800708039,5
15718353644,8
15540223609,15
15621992436,15
15791099726,3
14468614531,7
15834257972,0
15222812348,18
15526073980,2
14216103087,14
15873239733,15
15698651132,14
14619204733,12
14198543985,9
15851666077,16
15795535747,18
15365509673,5
15841725887,4
16023083340,16
15801075721,14
15591779419,2
13929399969,0
15253700896,14
16018047875,8
15737321804,8
15802522557,1
15654268710,2
14599826016,16
15874959991,7
15978506730,18
14113248082,14
15277633363,10
15544930845,18
15906951350,12
15820794986,2
14226919761,12
15986022223,7
15929399865,18
15323562961,14
15930197166,4
15736178951,13
14720679522,2
14172970943,10
16027207740,8
14159825637,10
15904326748,16
15737187631,18
15512935101,7
14224163321,5
14124717869,19
15251395898,7
15236809273,16
14120458931,16
15802505967,14
15122578252,17
15724823044,16
15858926534,10
16012389231,14
15942145009,16
14420427735,19
15965362543,0
14471978323,18
15829915054,4
15781917041,4
15551353443,10
16011563811,7
14122570679,10
14495159391,15
15887971119,16
14163514108,16
14001986735,13
15464342668,16
16014044513,0
15742632591,16
15972279618,16
14116851500,2
14380271072,16
15893340918,2
15347256464,9
14023593569,3
14112604346,15
15573827023,8
15927329811,19
15932099619,7
15776284931,10
15910370776,4
15401665931,2
15884353081,0
15303261285,13
15570719604,16
13942699687,13
14167907004,9
15579224942,19
15976726248,3
15786099739,14
15395535823,0
15737480016,16
16032335681,15
15008688976,4
15622511762,16
15113765388,17
14136253289,14
15766048606,5
15424980637,14
14157053062,18
15789606376,14
15111936865,4
15840191290,2
14012724211,16
15994599079,8
14184801117,0
14464528484,5
15393719115,0
15419104421,4
15746515984,17
15793211073,0
14480397910,18
14120493870,3
15968687649,14
15797579530,5
15908982630,9
14953950810,8
14193005184,11
14237976544,4
15982805178,4
15869858388,19
15622658333,14
14182270328,10
15765958813,15
14141558100,0
15764421690,10
14974379438,2
15979645691,19
15842820271,14
16000269954,10
15699312288,15
14384783419,16
15830197826,14
15246163272,9
15602158380,0
15384933125,19
14460283449,5
15915691468,0
15885233383,3
15086998177,10
15995293322,13
15423311845,10
13769401830,0
13947371830,18
14199533587,4
14990690087,3
15910945805,2
15903197015,14
15278352664,13
15877838667,7
14192746620,19
15257554859,14
15905757014,0
14387592753,3
15812869161,10
15782215821,8
15791771087,7
15752561845,3
15429218055,10
15802425435,8
15358931084,16
15540397204,18
15729254490,14
15753198892,13
14369675223,1
15853007975,14
14074818627,19
15795546497,14
15979400642,12
16016843440,15
13995050598,16
15463604815,14
15876294974,8
15967144479,10
15833260392,10
14450356990,6
15826107574,4
14223387862,0
14209804257,18
15884996067,2
15770607000,9
15914103469,3
15807422356,5
15804857829,10
15839870413,9
15560770537,14
14231719257,14
14236601525,3
15243687909,16
15697071573,8
14188257223,16
15811911462,15
13754436421,1
15765083460,1
15976738990,9
15725181130,3
13966458899,9
15969005334,15
14144941423,14
15515550639,5
15926580082,13
15266384753,15
14026546281,14
15303041595,15
15175677867,10
14752183856,10
15788919478,6
15428263013,4
14202805594,14
15938850244,10
15139150023,4
15789379338,6
15876153482,16
14254303840,16
15685202961,1
15336179839,16
14417381994,8
14256384437,7
15919436206,16
15549647699,0
15503361157,1
15726655587,7
14197627372,14
15920940397,16
14221949037,15
15626151792,14
15987902303,14
14147874214,8
15610400109,7
14133766099,1
16010808317,19
15832233064,5
13913562868,18
14960312716,16
14134635723,2
14905141318,10
15644589037,12
13998276821,14
14219792831,16
15982859459,4
14233762272,16
15289511309,1
15785642050,13
15842771198,7
15788113083,14
15758185725,18
14013258847,19
15149102106,6
14340959208,7
15727097529,10
15339534425,10
15839330776,10
14389624531,7
13827252032,13
14083862024,3
13846963946,9
15806600438,0
15753781410,12
16003981703,2
15980432053,9
14385242937,13
15423044634,10
15992712641,18
15188417104,12
15889109513,2
15987023689,2
15907349225,14
15337795105,9
14952427905,15
15774651938,16
15206394231,1
15824306893,12
16022984159,9
15937436433,0
15795097184,10
15504407683,14
15863296178,14
14480414543,6
16018935606,8
15890426198,4
14480414556,18
15609998712,0
16028802932,8
15496486620,18
15731701965,8
15889534317,0
15827554202,16
15596758803,8
15936784875,1
15753102764,18
15870797767,16
14291673995,4
14329869109,3
14150212138,19
15601126738,15
15825557293,16
15922867878,18
14419836859,12
16034214038,4
15036250226,16
15638260716,18
14014436794,0
14142348429,0
14909473113,15
14146375944,0
14139918937,18
14163423695,14
15736239414,5
14411236887,8
14952784942,16
15956092816,2
15997845694,16
15790135299,7
14140788330,0
14794923518,9
15477040599,10
14044599889,2
15643736669,19
15538609792,18
15891817212,16
14781685123,10
13993715270,7
15248745079,8
15956539118,1
15822545356,7
15979268579,7
16000060720,14
15341689809,19
14216396738,18
15997746206,12
13946203822,10
13933145272,10
15782340099,4
16021704687,16
15483717514,0
16007931697,14
15980027037,16
15154600429,17
15326410127,10
15993914662,16
15773002596,13
14146116048,19
14190740341,10
15320909189,13
13740824834,0
15378804885,10
16029078384,13
16009332587,9
15807315564,13
14134685202,10
15937686481,16
15905513104,2
15728868347,16
14582881719,19
14031143232,18
15132812145,9
15193831782,14
15913920594,8
13878730061,19
15496540612,3
15977130135,19
15271787758,18
15868155855,18
15997718030,14
15860803325,9
15590494080,14
15732152936,14
15966085463,16
15541335935,17
16026710523,16
16018935490,15
15286910963,4
15506709862,7
14015442943,10
14557348583,10
15447187793,1
16009811969,3
16006872897,12
15587803136,18
15890587227,0
14139872064,15
15749691991,0
15449640810,16
15395230293,16
15272109019,14
14445774583,2
14178558231,18
15998093946,16
16033466526,0
15800962971,0
15483422309,3
14442825748,4
13796865755,16
14073857670,4
14177498300,18
15957102261,9
15983001033,7
14843220024,16
14150271930,0
14215062679,2
15925114252,19
15782278031,19
15311213442,16
15872929426,14
15804914439,18
15695933692,19
16006574964,4
15740389386,18
15883493529,10
15771120284,18
15958831915,16
15442177694,13
15993568266,2
16030338199,9
14077235841,18
15259134152,18
14088255258,13
15951127952,16
14199707289,19
14447271046,18
15867173112,0
14815223814,0
15024094644,4
15925773798,16
14474370593,10
15909760543,18
15893937505,10
15816036928,16
15986231829,16
15166815838,4
14213339698,2
15926479172,18
15220025904,3
16013815394,2
15766145150,0
13881899237,18
14442756977,13
15975836077,6
14121979514,7
15986173636,18
15236854297,0
15670061566,0
14149130875,10
14155764638,12
15638632146,18
14232426159,7
15820639112,7
15869359558,4
15944584485,1
15738045072,18
15956539670,8
15806205354,6
15601770711,13
15648560937,0
16004169065,10
15364026450,16
14128631926,0
15880352136,17
15792219702,18
14146110469,3
16011882666,17
15560855731,0
14420722377,1
15560982996,11
15945454463,14
14253750172,0
14176830616,14
15592236874,18
15252295457,7
14151110649,10
15742386981,0
14206536495,0
14494611414,10
15700266278,16
15792551567,9
14471218479,2
15805547258,3
14042671053,15
15718773550,9
16022857190,10
14131677758,8
15391431902,16
16018593841,7
13751794294,2
15603072037,19
15244714306,12
15564717834,19
15611775681,12
15733984868,0
15819187787,19
15785157900,0
15839034812,14
14225468850,12
16032153185,13
15684736917,1
14264852431,14
14369642640,0
14121285507,13
14954635681,3
14046219695,2
15871062902,9
15909066790,16
15759330998,0
15761591067,8
15481090901,7
14409779558,10
15790361814,9
15479254017,16
16006594275,4
15571877519,0
15833951823,18
14475607894,15
15731007851,7
15887069143,10
14187453837,1
15339554129,18
15103896886,0
15286768842,4
14137366583,7
15995112069,16
15696143937,16
15863345768,15
14473343029,7
14495298407,12
15902408834,10
15155361984,7
15585792472,13
15711642003,12
15904733543,2
15007499731,8
15922933288,18
15911227526,14
14440927843,8
15993903790,18
15176322358,16
13971605672,17
14443833778,13
13365341234,7
14388473203,14
15273233221,4
15828990917,10
15311224492,16
14231098094,14
15991508296,18
14353281215,0
14130878360,2
15209666909,0
14210800038,16
15798037563,7
15949342895,14
14278341328,18
15813387676,18
14384690436,12
15874888789,18
15432008702,18
14816222739,14
16012479720,15
14705312233,13
14236033635,16
15944464902,0
15988435538,18
15578047130,18
15825487869,2
15881488935,16
14203011120,8
15356599915,6
14188400564,14
15891187396,10
15533093573,4
14413500075,12
16031790184,14
15871554719,16
15239120025,15
15207740098,4
15782279102,3
15801794352,3
15714421073,0
15277952700,1
15474329648,18
15731842978,8
15862117176,16
15836669856,18
14202710184,18
13915964009,4
15797558142,17
15797214181,18
15632902045,3
15944955090,14
14351715301,8
15443585568,4
15495381863,3
14209207303,19
15876484023,10
15630587827,4
14195331844,2
15802601040,17
13972214516,7
15940539148,4
15991290957,0
14711047161,7
15894137790,14
16000005020,3
15407600256,14
15354015367,16
15431591612,18
16022622479,3
15620980166,13
15921404929,3
14380257835,3
14345095587,15
15985934509,2
15092545339,14
15889726318,4
15814799549,0
14204164158,5
14418245512,18
15776285639,10
13912228325,4
14000163960,16
14208330960,16
14219058853,16
14766923571,14
14854717475,14
15740441851,9
15200865515,7
15945446293,18
15946533005,14
14201999121,10
14060709029,13
15947328733,14
15764058418,3
14943718296,4
15656198014,16
16032651236,16
15463010101,13
15785626926,18
15356232767,1
14162817691,3
15835674075,16
15157145024,3
14219653838,14
16022848860,13
15599854528,3
15817757759,19
14221862939,9
14132163816,19
13857701970,14
15108267888,9
15898119089,14
14178181337,3
15341437351,1
15430733576,13
16018494917,14
15991457505,14
15726522118,16
14360497856,11
15777801404,14
15980391959,19
16007597545,19
13712468537,18
14323906396,1
15134348719,9
15774082899,10
15634620824,16
16023341743,0
16032193642,14
15994475947,14
14014693714,14
15899242071,3
16013971220,10
14119966849,4
15420622863,18
15446133496,1
15778267681,16
15248234801,15
14435102258,14
15430880544,16
15689196925,18
13839220654,14
15705380986,16
14168179684,3
15171646054,4
15948178117,19
14859352428,4
16032773762,2
15580397145,18
15577163381,10
14320231571,13
15895113653,14
15430733519,10
15326416970,16
13887639492,18
14910645191,13
15256922613,2
14189443032,19
15449251802,0
15560770630,4
16018092266,18
14195672921,2
15800739540,18
15367737348,18
14202427604,2
14201056824,14
16014819059,7
15781774704,13
14064697398,2
15389462148,2
15854349491,19
15995587589,14
13944231428,18
15568512206,11
14380258065,0
15929495917,15
15919647355,10
15943339153,0
15838004633,13
15710234257,4
15187831730,14
14438170543,12
15540625334,8
16010337933,1
15596027956,10
15243499129,10
14012016858,3
14114950172,3
14222643387,2
14878455476,13
14157616945,10
15521791652,14
15665976897,4
15993370063,16
15758668734,16
16029928524,1
14470565363,8
14479205630,15
15347384153,7
15924185126,10
15827818846,10
16011456565,3
15752707957,14
14731950119,14
15827818870,0
15535326172,14
15228799909,0
15444767704,18
14126217563,2
14327275598,17
14978690591,10
15899565590,0
15738789605,14
14741537644,9
15251417169,14
15799399686,10
14181449245,16
15782323795,2
15801351355,13
14924727090,14
15731235622,13
15889049613,4
15683777680,14
16008398658,6
15331643382,7
15934673783,16
15998694996,7
15839297134,14
15272139328,19
15720989635,1
14394572693,13
15384445901,13
14424108653,16
15958583718,15
16029752534,16
15922979202,16
15312554185,18
13758516923,13
14363899842,2
15975440703,14
13991202692,1
15257224842,14
15422801705,14
14147146420,18
14225592489,14
14236349318,0
14126933412,3
15402027946,16
15323836636,4
15832112439,12
15444977620,2
15496608322,10
15139497652,9
15438846410,7
14783978936,0
14287238674,16
15971750494,14
14448636672,8
15684146322,6
14112149461,1
15666646730,3
15100841890,8
14069439485,4
15826832909,7
15519901039,12
15171500786,16
15525135736,12
14133427194,7
15839529486,19
14210028540,15
16023464710,16
15996493786,18
13755292623,15
15955307110,19
14437384701,18
14417410117,14
15996786714,16
15106049399,18
14157292698,13
15781337514,14
14420298605,7
15688111231,7
14173285260,18
15586732304,0
16035169546,16
15587446354,10
14348034887,10
15818587606,10
15981858611,19
13883722454,16
15354263713,14
15794345417,16
14495139577,19
15707409263,14
14092521189,9
15820050057,16
15465308101,19
14017292856,0
14368220621,3
14010402541,2
14259636295,0
15791685153,10
14410778632,15
14617780120,16
15798702646,19
14439272309,9
15231277769,16
15894642000,16
15623641080,14
15671645240,10
15601749225,14
15723379856,7
15936450796,5
14115632885,7
14229236506,0
15515139178,8
15994422670,2
16018143094,14
14446458105,4
16030924402,16
15829801672,19
14428051907,16
15419313854,2
15092295371,16
15936295180,3
15635556588,5
15185020880,18
15733464709,17
15401349009,14
15748702312,14
14919281925,14
15329622073,4
15766806985,19
15736596200,16
15656242825,5
14472243491,2
15871230729,16
15802973387,4
15275183012,10
15723582161,18
15811530319,10
14160887265,0
15742196571,13
15980974352,18
15959519138,2
15935237315,10
15347404401,19
13810404788,2
15848356569,3
15061644599,14
15589400784,14
15515387165,18
15725923610,1
14207705710,16
14448947592,9
15221373286,0
14054506704,8
15594937844,4
15359473379,14
14002934325,15
15922647370,0
15718393021,19
14647403725,19
14483073030,11
15793005933,12
15537923108,0
14478764210,8
14884116718,19
14494607666,18
15793768791,14
15720109000,14
13969672429,19
15802593318,18
15768664326,16
15754743688,14
15762544075,14
15767784736,2
15969386960,2
14205537185,19
15595838322,15
15391432793,0
15938289362,4
15667493119,19
15775951346,7
15586645182,3
16032806752,12
15563791498,19
14472240235,4
15868517111,10
15448609134,14
15874007579,0
15595343147,0
15827186340,16
15820875830,14
15872312956,13
15878956423,7
15237028175,10
14905716776,14
15709203718,15
15817917981,14
15904967594,14
15787315628,13
15922429921,12
14154942275,14
15261618007,12
15767614052,2
16029090452,19
14147564454,19
15890723686,10
16012063526,9
15617388964,13
15906552517,8
15893542741,0
16027436660,9
15883483145,14
15951138450,7
15522550129,13
15908897609,10
13885417039,16
15527759513,14
15826239720,14
15979645560,19
15690936061,4
15783521903,16
16034367639,8
15539443777,10
15801709934,0
14188456499,19
15370180956,16
15554093674,19
15869134230,13
15702697191,16
15652170312,6
15590711638,8
15935249652,11
14210818144,14
15917804074,16
15675588851,15
15590522316,0
16011456185,8
15979545704,16
15785467911,14
14181503572,18
16004120242,16
14044042739,15
16030399119,18
15621288175,2
15885083083,14
14390746294,14
15560980515,11
15957450043,0
15608309499,10
13928206164,13
15701537822,4
14143250554,3
15493228184,8
14141676077,1
15664402644,18
14175395213,18
14433806246,8
14869455370,4
15933075534,9
15969405388,0
14131111297,14
14448327985,7
14090846250,18
15768011163,9
15592147081,13
14445553163,14
13895193158,2
14161145149,2
15802836895,18
14470060227,10
15515085603,14
14153468453,13
15041399286,14
15235791614,13
15520230585,3
15755489949,13
14488307401,19
15804810081,16
14462639312,9
16009639032,18
15672630487,7
15086362688,2
13992717012,10
14324702020,3
15891767979,14
14130459633,2
16017771042,2
14897216470,13
14347458033,15
14083678506,2
14199417852,3
13969876457,10
15720038672,0
16005624721,12
15552438630,4
15277569337,12
15830618383,14
15874006700,13
14189443035,19
15416536513,10
15845031717,13
13979671073,18
15997260572,14
15572281782,7
15235771743,13
15838633842,8
14405261244,2
13920597528,14
14173132508,18
14985409843,17
15978886206,9
14870188067,12
14198593153,10
15835604718,8
13831160140,16
15856696427,19
14236178274,3
15573483062,10
15601669414,7
15821693557,14
15100528892,2
14447271442,7
15903564676,3
15623819735,0
15984521502,15
15791072813,16
15666867673,18
15912038178,3
15246307383,14
15797663486,5
14673543428,10
14844962216,13
15921265879,13
15905284123,3
13962419448,18
15799876776,2
15268798252,1
15773848427,18
14143340466,19
15970428320,16
15822370160,10
15851035720,4
15934944369,19
15845252032,0
15559741674,6
15793119381,16
14236059269,14
15841469531,13
15751688895,0
15220240567,3
14198310816,3
16014493579,18
15687676598,14
15633075083,8
15747370134,15
14400791325,4
15976745306,19
14344171505,18
15824711193,16
15303671249,19
15764756207,16
15192099252,14
15899253731,7
16014662613,3
15597157616,16
15725024554,9
16001372944,3
14369187356,13
14140341778,16
14250585732,19
15792844781,18
15958580666,0
14192272105,10
15184514562,16
15253888508,0
16012043249,10
14246552655,10
14127342555,7
14600303268,16
15660650349,18
15235462069,18
15362028428,10
14115419881,7
15838730122,4
15402360735,10
15696488661,8
15731320965,0
15962134840,4
14173277668,14
15789175232,13
16033113965,14
14258852497,15
15769812893,18
14083000491,4
15418214705,13
14200328795,17
14199274417,13
15903328824,18
14451917983,16
15783185659,16
15714217920,7
15953458280,1
15889185085,10
15698992643,5
16001258359,10
13955302375,16
15560654267,10
15877561468,15
14177123643,18
15779320985,16
15772060084,7
15098509018,13
14203982078,14
15567171696,7
15303671533,14
15727117565,14
14172507346,10
15405554318,8
15994192258,8
16031667826,9
14276165663,13
16001987792,10
15596393063,12
14174723541,2
14141271751,3
14187125139,16
15191428764,3
16008553191,9
15879260116,18
15920704015,10
15939372328,2
15482216153,12
15716550876,19
13942986579,3
15952002495,3
15150897696,16
15832611348,2
15986962486,14
15975836124,10
15620931938,0
15522416712,10
15369109735,19
15934656316,14
14438125578,0
15952420021,16
15927382217,12
15796426096,7
15250506516,13
16015683324,13
14257853875,0
16022908170,15
15947703295,8
15986217499,16
15729474382,19
15238412749,19
15458123325,12
15293068123,19
14180931020,2
15609754057,8
15229837285,14
16018367393,14
14297836294,3
15808890715,1
15942358105,2
15895926981,7
15816148260,18
14187505990,2
15994229997,19
15947476811,14
15306197598,10
13981479168,16
14476293344,7
15939040138,1
15984794810,18
14279252992,13
15429734439,7
14396177225,12
15691052872,19
15819009203,18
16024416880,9
14168288809,2
15681207206,4
14029064721,2
14490320695,3
14140622530,14
15566704250,2
15567755426,3
14401796864,1
15301804336,0
15741384955,16
14470089573,18
15733228565,14
15880307952,2
15826659105,2
15813386288,18
15943597158,5
15982368139,10
15722546069,14
15730505969,18
15616887784,10
14232185767,16
15996627286,18
15880489639,16
15709874078,16
15871448760,18
14819662962,16
14605538486,7
14853212577,0
14473221788,16
14473005012,9
14204345451,14
15616387072,12
15852617396,16
15728427603,3
15579060433,18
15778691579,14
15542796879,7
14103287810,14
14093940546,16
15796957784,14
15565237130,13
15275219208,16
14108570576,0
16032846517,13
16008600887,0
14470074391,3
15230255929,13
15954743133,8
15768700709,7
14421814341,15
15751321224,9
14103552473,0
15234942131,19
15783916265,11
14143341205,13
14224957369,18
14202014276,10
15592361156,14
14682815187,10
15875024472,16
14473316785,0
15670955326,6
15988889035,14
14718339025,18
15933322676,2
15399371351,18
14479511681,13
14405984655,14
14321618015,16
14180988296,0
16027953086,15
15533451182,16
15842273519,0
15956515069,15
14351095461,14
14485306084,5
14481357842,2
15806431063,19
14909048948,10
15704349288,14
14009160210,13
15995234410,10
15880768058,0
13887639250,4
15947755202,2
15510299938,18
15786219901,10
14129716623,14
15773724679,14
13991397962,8
15999391116,4
15713378593,13
15595711894,16
14119686629,14
15097865539,0
14905739189,14
15768949043,16
14677324710,0
15877971369,4
15321791967,16
16025787131,4
14042872809,16
16032506470,19
15979265947,15
16010009212,1
14456717602,0
14115290831,0
15804808914,12
14019578242,14
15212488129,3
14474428288,19
15199581263,14
14922175863,11
15699373449,19
15731866358,5
15976745199,14
14212779065,8
13993715672,2
14137047727,19
15858855844,8
15334878223,7
15577667244,0
15953661138,16
15612474300,14
14218855396,18
14149904655,7
13773410950,2
14440502057,15
15887545530,14
14449212772,16
14480605981,1
15995824410,2
15343059913,4
15870978475,10
14988140597,0
15790346042,2
15680277314,10
16034832878,12
15805174024,10
15393232200,0
14154943430,15
15222772405,12
14130515382,14
15721334348,17
15592881407,13
14402334994,18
15774511618,16
16032189971,16
14164064434,3
14206113737,16
15552661209,16
15930293924,14
15773177551,2
14017420674,8
14977146944,12
15746387820,0
15736206606,7
14000808525,13
15747125030,14
15551285723,1
14386027975,4
15908450466,2
15829288459,2
14045811351,9
15667657246,14
15699309943,15
14231552079,4
15979308143,18
14188598774,15
14212638323,3
15596012267,18
14826741420,14
15987793722,16
14819175600,13
15940364401,3
15565612345,12
15509492737,6
14464538248,9
15912043661,12
16032261954,15
15603998701,18
14324999561,2
15808676305,0
15363040342,17
15926275384,7
15820711650,16
15695564051,10
14249905346,0
15510794554,9
15840145388,15
14056126669,18
14450336001,4
15570167083,16
15970233935,18
15929218640,10
14142320988,18
15836028156,19
14155697676,9
15697790073,14
14481213037,3
14489778095,14
14364808861,7
14359211493,1
14951964542,0
14245154140,14
14347708217,14
15999408304,0
15741773190,10
15575785304,19
14463320514,14
15680777971,19
15783300191,10
16011856713,18
15739767738,13
15773983084,4
16004216279,2
15925298747,7
14087891982,15
15313546642,4
14089296474,0
15370227761,8
14183764601,8
15734650820,12
14388027293,3
14571660866,14
15027803817,10
15898666593,18
14152895367,16
14792782473,18
16001513758,7
15617246751,15
15519379758,19
13994135126,1
15822711995,18
15589273699,0
15843089017,14
15731414497,15
14002478319,3
15771524354,16
15625340769,14
14242313669,16
16019007095,0
15772503667,3
15887175418,17
14975133817,18
15734851443,16
15840770325,15
16013312856,18
15243641583,3
15427718668,4
15283732908,4
15986549518,16
14035333074,8
15758185958,18
14278015860,16
15834397971,19
14604441991,1
15586387319,4
14244787137,15
14549407016,18
15996360436,7
15270908669,16
15779721320,16
14190398714,15
15921826518,16
15670324518,14
15968392149,3
15672800379,8
15801285758,4
15809429271,18
15110673878,7
15930460771,2
15806006658,15
14342282256,8
13991023693,1
15743016205,7
15734009087,16
15736453290,11
15151280471,10
14141813340,8
15399742125,10
15606194698,4
14438891041,10
15743482653,6
15773572922,7
15805379012,14
14190200876,18
16016048250,16
15360567405,16
14359214460,1
15821740941,18
15787659990,11
15752029194,16
15289968869,4
15785584123,17
14980772103,7
15962546171,15
15578404677,14
15948314185,7
14493850925,13
15717325438,16
15213141119,10
15728403471,2
13984129183,8
15696061493,7
14850111013,14
15593950563,9
15551869063,14
14984663128,1
15534976289,12
15891529499,16
15418279791,16
13536360286,3
14124418803,8
15772115485,10
15978309736,16
14748805556,2
14920761023,18
15520972789,5
15438194385,14
15886348031,14
15147163398,10
14210657457,10
15539278726,10
15836744662,9
14412233232,14
15791922381,10
14903186082,6
14140089514,10
15609756803,14
15891873977,16
15943508097,8
14175382959,16
15970016709,14
15999628255,16
14252469829,0
16019092404,16
15833191673,16
15757682552,16
15829839400,16
15088883828,10
14160938647,13
16012012364,7
14877025342,3
15635103756,16
15925355096,4
15968517680,14
14429915414,14
15810907638,14
15587088736,10
14096635344,8
15599557026,4
14851113391,2
15738973903,18
14451796114,2
14680693680,19
15063841413,18
14226670724,8
13780436631,7
15586912165,16
14380048241,4
15982374272,14
15931121502,13
14481627438,19
15909701285,19
15149124631,2
15808779872,5
15913263314,16
15609184219,14
15429344802,3
15414699556,14
15893831747,18
14154542377,16
15784414191,15
15907852015,15
14251078305,14
14234357687,13
15596665304,12
15766731887,16
15666415358,10
14172183143,18
15988606791,14
15357690544,0
14345322877,13
15806426892,15
13988015282,16
15262018605,16
15445586441,1
15638240378,11
15666611051,16
15591782931,16
15523092587,16
15596896672,0
14160155996,0
15690929561,14
15397564775,18
15922447714,0
14898358303,7
15385090865,7
16030908640,16
16018730658,13
15880308239,0
14490440469,8
14650894485,0
16016549380,9
14143144796,7
15619509232,19
15932546880,7
16007946619,2
14089227477,18
15364687549,14
14273447770,10
15839011030,14
15778475052,0
15434533981,14
13750344595,7
15625775630,2
14491155803,0
15407648606,3
15962767255,0
14445155345,15
14448033619,10
14282117847,0
15642602918,18
14735199629,19
15797959151,16
15786157216,12
16025262879,10
14966095371,5
14126837555,18
15682830750,18
15774934352,16
14310004737,3
15337671118,8
14194976293,7
15779900132,3
15895095972,7
14444121043,19
15216153465,7
15541821606,16
14485351411,18
15942069980,4
15905717472,8
15620954938,14
15829233598,16
14935223628,0
14124876380,16
15615338998,7
15372223545,0
14237783379,12
15547808920,18
14152592826,2
15098512771,16
15852548128,16
15993286832,10
16001387027,0
15905758369,19
15726900196,0
15133942845,0
14206303028,3
15838559749,18
14138665247,14
14491155974,17
15845398459,10
14817179642,13
15942983484,18
15714858997,14
15943990954,7
15569517392,16
14042898589,16
15636795946,16
14948912861,2
14173575735,14
15884353205,14
15269972124,9
14422708413,18
14676415937,0
14136281113,10
15058526564,7
15867338411,10
14994515519,10
15786154212,8
14169694457,3
15515286938,16
14437626525,15
15747463828,4
14964148284,2
15286553754,1
14188440127,10
13965352673,10
15801386828,2
15793401754,0
15981010204,9
15972099567,2
14315148895,10
15785466524,0
15873811415,3
15320384728,18
15327393292,1
13926021347,16
15286141547,10
13847926195,11
15424922189,2
15831274503,7
15944813832,14
15906001904,12
15522667357,16
14396274722,13
15619734336,3
14153055992,15
15944376053,17
15844019926,0
16023518558,9
14986326823,16
15315277934,1
14109375529,7
15511266275,16
14177921715,7
15415604893,19
14189152665,10
16002562936,7
15861342875,15
16017515719,15
15811734243,9
15709342746,16
14478767687,3
15250113280,10
15895684962,2
15404696894,18
16009444579,7
14880723938,8
15855738734,18
15805031246,1
16022860409,14
15998448389,8
15798000592,2
15944849189,2
13963712967,0
15853678003,4
15858703283,16
15981439230,3
13986191226,2
15190698042,16
16032865031,4
15821841550,7
15674692500,7
15806051542,19
14326710539,19
15816432700,10
14167695507,16
15984494692,19
14096949057,7
15311242420,18
14470685241,3
14193897200,3
14206140698,10
15821370259,0
15237653236,9
15861019055,13
13997110921,0
14421173702,17
14960748786,7
14770736654,15
14228692721,19
15922442953,13
15620763116,4
15627908905,14
16009149162,18
14935087610,18
14844479582,10
16033252207,0
15819746613,18
15536508033,14
15819827198,4
15361933405,10
14222255962,15
15710508236,18
15319327061,9
14379905371,19
15996143152,0
15422113825,18
14215277380,16
15583600384,10
15879980315,14
15454282503,2
15803689180,0
14749796852,2
15590502296,5
15102127963,16
15592571998,3
14049708444,19
15787484009,15
15940232345,2
14175510733,16
15881337351,6
15987950327,18
14202673393,14
15429858306,4
14447117105,19
15590846178,4
14978462428,4
15993704184,13
15664530614,6
15883496444,14
15768259487,0
15791732401,10
14464468160,19
15902488578,8
14170100502,0
14177033280,13
15869304807,19
15518609312,9
15996648162,3
15135162408,13
15788758625,0
15915096514,4
15778408389,14
15995286115,16
14148096712,0
13920597762,14
14190724425,18
15433479939,14
15949903280,18
14297836288,9
16009190585,14
14233139707,12
15393747224,9
14192983434,15
15839700589,18
15684953823,2
14522811550,9
14749310200,14
15719584300,18
16005401383,16
15937003484,19
14856986813,10
15390956789,19
14448933735,14
15980435646,0
14935958414,3
14175836940,18
15939472808,10
14103561513,9
15531039898,16
15276538351,12
14991864314,0
16031276428,10
14066370001,8
13986893396,7
14762888271,3
15987615986,3
15251926054,0
15239146782,0
15683331860,16
15699809912,18
14701870369,14
15857129677,4
14320543430,2
15998984265,10
15351323214,16
15734028698,0
14158849557,16
14187968843,0
15831380541,7
16011304624,18
14424668967,16
14107132691,0
13988340446,18
15278072309,16
15826328400,15
15730599476,10
15785163971,18
14404497843,2
15700966228,14
15995401772,0
15576784461,15
15978268222,10
15713623518,19
15256590346,3
15412436202,16
14112580911,19
14187467050,16
15804968931,19
15744971088,7
15581600831,16
15181633060,10
15937741473,6
15945682672,0
15800190529,1
14215647025,11
14211519323,4
15787506798,19
15919757413,7
15825229915,16
15598982886,13
13836002237,19
14932703038,10
15275129956,7
14163635270,5
14402664076,4
15315212423,15
14738763888,1
14150351551,10
14236033544,16
15372894973,14
14763137295,8
15421678783,0
14124279539,10
15593725853,14
15812853219,10
15991443555,15
15934704262,19
15249269383,3
15863756617,16
16012224518,16
15971076585,14
14164390205,14
15589086554,0
15605648841,16
15784653902,1
16020021242,17
14197015811,0
15892753410,15
14034399029,4
15799728560,0
15731806435,16
15803254277,5
15314613370,3
15386829018,8
15791362609,18
15388500556,13
14855715020,2
15889174635,0
15082567047,4
15774639946,1
14156685380,6
15012810717,0
15223414773,6
14210800014,13
15650005337,14
15905135870,4
14483730498,3
14192767597,15
15428688669,10
14202974873,0
15481139573,3
15136800209,4
15906977428,4
14464438587,13
16032623083,4
14343794210,14
15481487228,9
15736239423,8
14143967775,7
15902259859,4
15296155585,2
15784508675,0
16021727838,10
15763749723,14
14472028943,10
14190617804,9
15766085013,14
15573575162,17
15989596396,3
14457012828,12
15558033474,4
15961652909,0
15602394320,16
16003893917,14
14404463329,19
15926783118,16
14772126232,13
14195440270,0
14108169767,2
15895436659,19
15398153289,13
15848929875,18
16028705580,14
15393679224,14
14447825786,16
14245707038,8
14151679750,14
14206103516,16
15888572413,14
14168049307,10
14696538510,10
15414568801,5
14568889147,2
14445792449,9
16025077461,8
16024779434,14
14380745254,9
14189709694,19
14364807908,0
15786430033,12
15740937043,18
15816932480,16
15935949791,13
14740408675,18
14351686282,19
15906500105,19
14870295620,7
14781646586,0
14106391192,17
14200273057,13
15535847868,16
15207761825,1
15618287473,2
16000151833,14
15892510955,4
15973458360,15
13770220656,14
16018321159,19
15898522581,18
14023303439,16
14482499229,4
15815263135,14
15786432356,4
15354825153,10
15743391054,0
14415852194,5
15173547715,16
14440770407,2
14412044848,2
14280542493,4
15229855472,16
15801567056,1
15876340291,14
15832316726,16
14996271351,2
14246462272,16
16012781651,3
15670692536,5
15909887314,18
14026485729,18
15765312837,12
15870832139,0
14211319424,0
14424121025,14
15841467717,4
15813435340,13
14181885493,18
15191368007,9
15768939703,18
15726701144,0
15774636324,12
15840476683,19
15745960025,10
15802170152,16
15278060694,7
15980364059,19
13794229007,14
16018360266,16
15772066565,2
14165067144,4
14490495612,18
15666892967,15
15048689687,10
15278784664,14
14359560836,4
15951381793,8
15908507924,9
15436988079,7
15726941656,9
14473243839,14
15574967273,0
14166406147,19
15715401021,18
15789760001,18
15787509143,19
14495377885,9
14158166634,0
14370291347,17
15370726301,7
15795739773,16
14400756374,4
14491489713,7
14138644092,4
15877548850,0
15231280698,13
15940445264,13
15935526907,14
15832123114,13
14405220353,4
16022804609,16
15722687200,10
15379530635,9
14465913909,10
15136684945,15
15422006902,3
15991457602,16
15922034991,5
15994601414,10
15828902609,2
15974524254,9
15895970243,10
15273303867,2
15356692188,14
15000826910,4
14163025600,3
14706874788,15
14451906097,7
14162633052,15
15190663824,10
15401478779,15
15983776084,16
15451696058,1
14077646754,16
14138800666,2
14441569915,14
14298664613,4
14393105705,3
14343797887,19
15802596507,0
15391152638,14
14455829154,19
14342057565,8
14157943491,14
14478410907,8
14422799479,7
15673656074,3
14047641500,3
15796245442,12
15298247598,18
14715332063,0
15618756382,16
15525190917,14
15878087323,14
15665293289,7
15748709071,19
15912174700,14
15756503939,16
15808762348,13
15929866375,6
14120616392,4
15713603219,16
13739763543,18
15850538827,16
14272056961,1
15879635377,16
14060611438,10
14239723023,13
15543808263,2
14912369906,8
15574406888,0
15718648673,10
15767623089,15
15798200052,16
15753489180,15
14487626260,13
14023015296,16
15767037504,16
15995840436,13
15732356325,16
15770902213,11
14188497931,0
14153958360,4
14153342323,15
15701387247,1
14936625772,3
15541184097,14
14107612945,19
15667582753,16
15395773847,1
14953173384,18
15758756199,0
15792638830,4
14428315822,13
14987393587,14
15508764109,16
15796474430,5
15553624853,13
15887624842,14
15446382246,2
15425961797,14
16014829917,14
15062791619,18
15933508707,16
14233470507,14
15194068631,17
14463387095,15
16034393541,2
15979374762,17
15831379994,13
15666735979,10
14197484917,1
14491162695,10
15903824835,12
15917818910,16
14744069967,19
15726669840,15
14059529733,12
15807140436,7
15326417513,16
15817873647,12
16030301288,14
13860810183,0
14483246150,1
16009334104,13
15819498121,3
15166373001,18
15676049335,13
15392705751,16
14238315324,4
15978803451,3
14674781680,4
14124877370,14
14220537203,0
14210094255,0
15296753947,0
15634844629,0
15829383865,14
15728274271,2
14435886760,14
15248625870,19
14438639190,16
15996150674,19
15890241413,7
15912221336,14
15220963266,18
14126042657,10
15521797091,14
15792402679,0
15655839078,18
15620326503,15
15842569320,14
15919178813,13
14223975638,16
15323129666,19
15629844081,3
14008915311,0
15846515131,8
16026249336,16
14451499173,9
14142029562,18
15747745525,8
14350083473,7
15715804647,12
14359182162,5
15805259767,10
15516892702,16
14377179845,3
15088313353,12
14223387682,2
14057313216,10
15929137991,4
15293004721,3
15655772729,13
13872536579,15
15746483966,7
15977891181,14
15891106789,0
13958051228,14
14188439163,16
14302708752,2
15995902401,14
16006149589,13
15879708443,4
15595172449,14
14475484342,10
13784255366,18
14199462420,14
14748310123,3
14179317954,0
15474138132,2
14097388752,18
15934423223,18
15975142675,10
15912174690,18
15070457068,0
13750847515,2
15938077155,6
15931013710,2
15940805021,16
15877844756,14
15983773864,15
14380515579,4
14200495835,1
15604814915,4
14992358487,16
14142090661,10
14051247894,19
15955594824,1
15392873654,16
14058396345,18
14250886602,9
15767513432,16
14238366949,19
13928460666,7
15787968959,19
15931566431,0
15994600840,0
14179625984,16
14442556392,15
15894426826,13
15871746040,18
15261711915,0
14433761544,0
16024923111,16
15977245132,0
15883491771,16
14203011102,2
15750945334,16
16012377292,1
14971603158,0
15786207718,7
15587137744,18
15989854410,4
15281770194,14
14207507798,12
13807705460,9
14196045525,19
14219904269,18
15263809681,3
14355485490,15
14264487521,7
15681408209,18
15615445499,18
15918791980,13
15825529046,15
15270242098,4
15806923829,15
15089046179,9
14234779944,12
14589751450,0
15356349038,13
13963774435,16
15885303263,8
16006104377,14
14178681196,3
15517040791,16
15742323666,18
15909867093,0
14493120280,7
14075892930,16
15825643725,10
15755573651,11
14216796575,19
13981299466,10
15735644263,10
15865898892,7
14192232764,3
14215062860,7
15787732762,11
15820012204,2
15885152575,0
15912231520,14
15799103865,16
14844479590,13
15608071705,4
15797769663,7
14929959586,7
16031825663,14
15953644696,19
16027277049,3
14093962984,18
13997304614,13
14404496254,3
14087806515,17
15704449490,12
14237609681,0
15920942632,3
15821955208,13
15903416652,14
15575284492,6
14188877343,1
14216713779,7
15615240097,10
14167127839,9
13929691035,15
15428101780,7
16019932751,14
14318004894,14
15244036083,0
15797939077,3
16017275570,14
15689882665,3
14420397956,13
15916361963,7
15094775325,15
15945100937,12
14130894923,0
15440781579,4
14192267505,16
15669682219,19
15805173868,2
15513028822,4
15801415635,17
15793578859,16
15804620041,5
14142025582,14
15314555647,8
14493120874,16
15696923226,3
15993681603,9
15937210789,14
15230060892,6
15682412415,16
16025836146,16
14174511059,16
15258771855,2
14435879740,6
15730735469,12
15896695046,1
14918661416,4
14143266258,5
15391049021,18
15934991056,0
14133202990,19
15280440963,18
14365342932,6
15558638037,9
15980418089,13
15919013842,0
14197931617,2
15356148711,19
15792670278,14
15392059435,14
15666051129,3
15764689740,12
13218905692,19
14076198779,0
15764237499,7
16028629886,0
14339325184,2
15929228613,10
15942616006,14
15864620253,14
13758394792,14
15247466945,6
15857900319,14
14330393156,0
14168639071,10
14351817816,7
15799595545,5
16014633400,19
15952046053,16
15603071536,16
15832233332,18
15595343362,18
14153457017,14
14422720341,19
15786021216,14
15953002315,16
15257733739,17
15978189455,18
15411892675,4
15758619351,19
14236321466,7
15619679635,13
15160267296,6
16024155726,16
15943432148,10
14146981043,14
15841410182,16
15921875496,4
16029801482,10
15945729708,14
14459496888,7
15905943069,0
14012050851,17
14214510929,16
14196000409,12
15597214407,4
15731937199,10
15980416618,13
15786831965,10
15805375139,19
15132378605,18
15399942197,8
15717746421,8
15909891569,19
14127287234,5
15165257741,16
14195284297,16
15787696181,7
15583558627,2
14826676428,3
15787859901,16
14357961216,3
15962181246,7
15909607864,8
14680009039,10
15819730315,19
14377426563,7
15776890251,18
14168159707,14
15988163024,19
14969712546,10
16033186297,8
15821979683,7
14997374558,9
15775168490,12
16011186809,19
16019328131,13
15843417863,18
14228759803,18
16011379856,10
14416002517,10
15586911873,17
15685826692,3
15451664600,14
15361047945,0
16017555715,15
15425314827,18
14481726575,10
15552449405,18
15988245717,13
14594766798,10
14386638301,14
15569502826,17
15205593470,2
16034186780,3
15361352022,18
14193333601,18
14149150142,16
15759659683,14
15874356860,18
14422569253,10
15394846799,5
15945580564,16
13734304167,16
15739655800,10
14151312736,0
14726680742,15
15754229539,9
15980407423,10
15285826917,18
15546714830,11
14473295772,1
16025906911,13
15709923996,14
15998984235,10
14112024306,18
14173219801,13
15280471389,10
16018440340,12
15835501357,4
15615720504,18
14227750946,19
15738083034,2
15400127031,16
14530869165,5
14632673439,1
15775058296,14
14247000073,15
15921965556,13
15749411230,18
14100251660,16
15624707359,7
15731320673,1
15969482911,2
15451875065,16
15523581303,10
15095600187,0
15586565763,10
15246964824,13
14280851025,16
15719391733,1
15908143989,0
15823037961,2
15560984489,11
15828158814,11
15390842289,3
14226522182,10
14068539733,8
15298223956,18
15715884708,2
14099571731,13
15185971911,0
14317473463,14
16010720663,4
15705380918,12
14073933463,12
15746482923,7
15765748156,14
14248009162,0
15983409478,2
15316128300,18
13929308800,0
14437344697,4
13260977556,12
15888153304,14
15999587251,9
15798547557,10
15771688895,16
15575800518,13
14757311699,0
15163306128,14
15509313367,18
15809485019,18
14446797053,18
15870598338,8
14006424224,7
15719326135,16
15771338827,10
13980414701,18
13856106026,16
15620021710,3
15836281908,16
15956164526,13
15986005035,4
15513170841,2
14321614084,16
15784442967,2
15387924306,18
14181246874,0
14143327991,13
15786458630,3
16006213269,16
14462885177,4
15545255398,0
15802051638,19
15782399741,19
15938776591,11
15686883101,4
14199228931,4
14696484473,0
15899370437,7
15998827914,10
15462981862,0
16034785872,2
14435092989,14
15942073207,3
14776267938,18
15247376755,8
15665094031,2
16003460386,3
15890185351,17
14188457400,19
15960371315,3
15824346466,9
15987918946,7
15797075939,5
15623065135,14
16008619319,12
15506318728,19
14139889282,18
15977372574,16
14450155579,0
15873147795,14
15493227590,18
13989648884,13
14375611686,18
15619807740,12
15540236007,14
15867680266,18
14665089804,10
13918836543,5
15933182811,15
14320897145,10
15791097181,9
15298764816,10
15937327192,13
14261329065,19
15808564979,14
14451836429,10
14158261970,2
14019911562,0
14442175076,14
14859920853,1
15701007990,10
15315480146,19
15480283452,7
15966869082,1
15911602904,19
15965254766,9
15815644450,9
15780005956,14
15633076195,13
15670758685,8
15626390037,16
16016782151,16
15941439336,13
15630652862,19
15825212896,10
13999221219,19
15182525430,16
15366072472,4
15096340825,9
14143065829,13
15108070671,18
14464931692,18
15715541706,16
15315694649,9
15133685920,0
15686263410,5
15547363568,18
15600488102,1
15058575587,3
15199536325,14
15805479877,10
14817179771,0
15758340563,14
15772235091,18
16014013316,7
15759834895,10
15843237694,5
15727470783,2
15979121390,10
15596937946,9
15859042903,3
14491720786,1
13963062428,15
14149669742,12
16016181064,14
16007457018,10
15700969997,16
15891162323,0
15943611606,18
15824365845,5
14381138995,12
15279487157,0
14945683672,14
14225508084,7
15472561741,2
15722291230,15
14434082021,3
14480481174,13
14086801024,13
14937026987,18
14598753748,10
14134510640,10
15865954909,4
15801459762,5
15909496562,2
15758344361,15
15770334213,14
15246004765,16
15911116374,9
15636609094,10
14171525380,10
15718352464,14
15600672531,0
14167671414,0
14438304255,16
15635762107,7
15905872037,13
15835212305,18
14156512065,18
15675710102,3
15571887873,4
14159111236,14
15403663867,8
15821416374,7
15736129446,16
14052839127,0
15149947411,16
14264483422,7
14200604932,14
15888549139,4
15775872863,2
14852133368,13
16031101371,18
15848215576,16
13932709535,2
15430923835,10
14190270128,14
14078273507,14
13965238981,10
15536556233,15
15828470576,16
16006153677,4
15786438578,7
15787484412,10
14342815310,10
15089399897,18
14264726885,14
14932957740,18
14538989044,0
15887641830,13
14137206462,10
14021410108,14
15767899811,16
15446273030,0
15994075388,18
15318558884,13
15637110258,7
15900619719,0
14471983328,0
15621434924,4
15589139896,9
15693168168,0
14181370302,14
14481930833,15
14164587835,16
16030670614,19
16000624903,18
15578514099,11
14832428902,7
13884425683,19
14042168842,14
15722534775,16
14631523675,4
15863758423,16
15993530522,8
14190774698,13
14197574610,14
15907899897,13
15301971273,7
15085312454,1
15572281865,8
15827659100,2
16015902687,2
14086252825,4
14473209797,14
15062602913,4
14185899538,13
15894556148,2
15375390595,3
15696698897,0
15301744977,14
14120842279,4
15940800239,16
13775928548,16
15892145815,16
15999648118,10
15738720186,16
16032415288,17
14178091728,16
15805941388,0
14623617657,8
15732998418,19
15482587474,8
15816087802,14
16024277239,4
15919942827,14
15346525401,14
15341327701,0
14209401620,18
14285946646,19
15994825366,15
15784507412,0
14485950637,18
15353828235,15
14146081690,16
15759705631,15
15602067373,17
15422889423,1
15881974472,3
15993378885,14
15408079678,10
16033582939,3
14226469763,6
15623374618,18
15992594018,11
14101657672,7
15451883312,16
15870462986,14
15967923613,0
13989009847,18
15609415290,15
14420129000,3
15317581683,3
14797034245,15
15946928567,14
14202154285,13
15571169842,16
15980737389,0
14157016361,18
15620955619,9
15523095093,1
15365349241,4
14601113574,0
15588195149,11
15420658736,7
14034338287,16
16033223454,7
14905409791,8
15279119307,10
15904994671,16
15707718200,14
15247345332,17
15876434775,0
15813739665,10
14265697074,14
15487831678,7
14310769717,3
15380849823,18
15882826371,3
15893369158,15
14491720827,0
15803724262,15
13980676154,4
15372840396,7
14422583945,13
14380218614,12
15606590892,17
14595214011,7
15788788413,19
15837534763,10
15751691796,7
14277637750,18
15875859803,8
14261548249,4
15263828181,4
15948518956,1
15839925575,8
14038569924,16
15782928648,14
15954364530,18
14194558943,3
15604703156,16
15884355930,4
15819576252,4
15849727543,4
14394990844,19
15113557491,8
14086608567,12
15819556220,0
15773437731,18
14063762847,8
15629992441,0
15751388139,16
15699309920,15
13918702098,4
14933427448,16
15860064281,0
15605564159,16
14478026791,0
15742313114,15
14091963665,19
14095023354,2
13950486481,4
14219955824,2
15775015362,14
15820031232,12
14145650864,16
15088006580,9
14220581461,2
15821901048,7
15261563178,14
15971559196,16
14182121556,10
15838221039,6
15980478767,19
16018710029,16
15570050511,8
14941817062,18
14205216536,15
15992851153,3
15712112092,16
15798714035,13
15599112610,2
14242961659,13
14944155657,18
15803969379,5
15969981926,14
15923204155,3
16007992983,19
14262155132,18
14187414065,16
15731938327,18
15908359495,4
15707401743,16
15127375928,0
15778475211,3
15574318520,19
15912040086,16
15781517416,18
15111266153,10
15610404960,10
15800440897,0
15420808398,9
14152826455,11
14195776813,10
15646776429,4
15773699773,9
16018534463,8
15730422736,16
15935314662,0
15395773537,1
15582967728,16
14125412699,2
15428921524,3
16027301612,2
15787938368,0
14197482189,4
15292667649,7
15889966621,16
14938961672,18
14344171593,4
15252965296,19
15801708436,16
15930949330,18
16018443610,9
14905138261,15
15989821225,9
15528466248,12
15807438214,10
15586663186,10
15534306436,14
15940907770,4
14069015420,3
14235995935,8
13978376785,0
15336238838,19
15790354481,9
14765745408,1
15603185948,7
14215149348,19
15530553646,12
15608353104,4
15893949306,4
15621738997,9
16033034157,4
15789014871,14
14144278372,0
14472148157,2
14113618996,18
15386905783,16
14585070274,2
15757330498,11
14743353448,8
16008579890,13
15530950466,8
14326710517,10
15971626624,0
15771670390,9
15591184153,2
15651003637,3
15797358433,4
15955176753,10
15700168763,10
15622683975,1
15962764588,10
14197007004,4
15721021305,3
15164574185,14
14064677476,16
15786583986,1
15835254184,12
15487831577,18
15906575723,4
14459246432,2
15919962236,17
15812194165,14
14218579999,0
14252491623,9
14317718220,2
15726238910,2
14249735284,1
15772523213,12
14192919151,2
15879558194,13
14438023543,4
15949391098,0
15996484969,7
15445362810,1
16030339360,12
15927087980,7
15943519588,0
15962589748,9
14149381852,2
16002975295,18
14029285349,18
14053896345,14
16013249263,8
15197182739,3
15843344519,0
15923336195,2
15822823147,4
15389069628,0
15255460717,19
15874129212,18
15429620331,15
14969712544,0
15624366222,2
14186619926,3
13931612126,10
15944924958,9
15328828957,9
15775990996,10
13988074937,7
15645314365,10
14355872970,19
14754600760,2
14252369196,16
15172359542,16
15580365630,0
15440955708,7
13987470837,16
14650662969,3
15264996670,4
16013057444,14
14154063316,14
15225434784,2
15196300548,18
15919285894,7
15713696766,11
14869814931,7
15772112304,16
15747851543,11
14235339306,12
14805353583,18
14178936583,7
15908793699,7
15921429524,4
15002745073,3
15800179168,10
15685439503,18
14988576211,14
14997597306,19
15525498291,17
15188024682,7
14272486841,18
14420137532,7
14172303198,16
15726855646,0
15936078262,7
14158024600,16
15826019605,14
14019902743,17
15615817453,2
15943532278,3
14936400742,16
15885466507,10
15765245154,19
15586238400,4
15477084530,4
15975395115,17
15247191197,15
13981587094,14
15903147900,0
14204012912,0
15292448368,19
14196949675,7
14446139057,15
15361697684,19
15276453711,18
15716444490,18
14283989775,0
15462289558,2
14002351998,10
15275950157,14
14187908670,12
15895189311,0
14245268157,15
15293034614,0
15293912008,18
15767603351,7
15729933073,3
14329870596,3
15753111709,0
15847774689,0
15388051045,14
15350931750,2
15344140767,15
14437631149,16
15827230449,4
15736587912,11
15991112511,1
15731044783,5
15754743618,5
14493734777,10
15954498348,0
15929683911,16
12814750670,2
14679431830,16
16012581149,15
15074155946,3
15986666467,14
14218568496,16
14031611132,15
14085938591,15
14265898472,10
14635571077,1
15903593502,12
16012007357,9
15829162210,0
15761128693,3
15925470277,18
15868165792,15
15221302277,9
15989300495,7
14005818295,17
15769613357,16
15866828656,14
15843217441,18
15983829825,15
15975979106,4
15057932260,5
15695559117,2
14151771650,15
14165190210,11
16026507874,19
15751689102,2
15733229633,6
14407501777,4
15818763324,16
16028973782,12
15834100084,10
15522948636,8
15751717842,12
15676748157,6
15395125853,16
14088656078,14
13954235416,8
14306664969,4
15435200088,8
15534048950,2
13947872427,16
14208337578,18
15714867496,1
14127382019,8
15660274372,18
16011375027,13
15803729203,16
15634268800,2
13942976870,18
16025608136,19
15545814257,3
15710360199,14
15798703862,12
15789796593,15
15957222646,18
14208744662,7
15637360161,16
14139350668,12
15700828117,8
14022435243,14
14249979293,10
15931237136,18
14207235473,14
15764746113,16
13996781333,4
15675055366,16
14185858137,18
14234529136,1
15575202040,14
15796926158,7
14200912789,2
14189513044,18
14201745650,18
15937700595,0
15733240080,16
16010453334,16
15328841759,19
14422379883,1
15929234401,16
15494533163,18
14198194167,2
16025558802,14
15395154984,18
14090929188,15
13582318026,9
14802261077,15
15400499164,2
15824369342,19
14944405698,10
14131113943,14
14255620762,15
15536501194,11
15976207975,8
14379253713,3
14369645037,0
14460283273,6
14135997400,10
14158508584,9
15921405074,7
14365342913,13
16018419562,14
15766720495,4
14458910591,19
14146684032,19
14472311730,2
15795336228,5
16000511839,14
15766868959,18
15873796048,14
15815102020,10
15997289108,10
14453801964,16
15594552738,0
15997762427,10
15959212120,14
15938668130,13
14125605358,6
14204107916,10
15822864375,19
15919962170,3
15317171855,0
15975948000,5
14166449334,16
15875126331,10
15829813027,18
15817411531,13
14033283908,18
14229033972,14
15289993385,10
14623617479,15
14215029625,2
15894246134,14
15928683018,7
15359591939,3
15555826438,18
15507892759,14
13981250699,0
14047310408,8
15959294169,4
15592833807,11
15891814813,15
15764240227,3
15225276116,19
14137126600,14
14433824094,19
15130035642,2
14656639058,18
15933091164,16
16014837211,3
15805430432,5
15593431232,18
15915091503,8
15798779364,14
15163786989,2
15997561688,19
15804914474,10
15277953204,9
14847782597,14
15732776088,10
15807166102,18
16024064374,16
14224649785,10
15418716706,7
15790816409,1
14319043218,18
15004570148,16
15574966361,16
14443810386,0
14448878112,4
15637192116,13
14826932655,4
15714869552,14
15615589938,19
14024354879,7
15942231140,16
14479647122,16
14169425311,8
15541464585,12
15946244435,1
14010096625,14
15757612879,7
15273889599,7
14043049262,9
15403605610,15
14435340772,17
15565973183,0
15476247658,4
16018807495,14
14741747013,14
16032274455,15
15822358989,7
14189954604,18
16018083893,8
15749189678,14
15005688804,19
14403620987,12
15823033300,16
14050477739,7
15319278888,0
15601530601,9
13780436851,12
15970819615,13
14164013366,12
15665168780,1
14979615635,14
13759564576,2
15847599056,18
14219056094,18
15925565887,8
14439084984,0
15861932711,4
14155599634,0
13998578492,7
14225508081,19
14130103726,13
13811844678,2
14191493450,8
14067853038,10
15743412168,16
14284109607,18
14463387776,14
15870774729,8
15714809663,14
16011959651,2
14153644713,14
14426729139,15
14114828570,2
14207187630,19
15770379114,16
15323234441,14
15736270381,10
15781999781,2
15998745676,0
14135127455,14
15589461932,10
14578077046,7
15727281554,3
13823999844,10
15824939857,12
15581599139,19
15723333001,4
15539328680,0
15824178161,15
15946289663,7
15919319879,14
15714253233,14
14188687146,13
15615043929,2
16017659530,7
15090684636,15
15991815921,10
14403857304,16
14435340733,18
15710831179,9
14126271263,14
14217610161,7
14445773129,16
15994600242,19
15985872839,7
15756329071,0
14191466950,4
15875089625,3
15655259490,16
15789119551,16
14862028011,6
15987191813,16
15843062473,18
14945811001,1
15871045966,14
15769775751,4
15243236698,18
16008123682,5
14456675671,14
15623096720,2
15816488487,16
15667696774,4
14200015829,3
14214735319,7
15617449529,2
16010331340,10
15908864345,1
14183947225,7
15978422407,14
15143324789,5
14263128493,3
15798318159,14
15425348093,16
15833174908,10
14898420891,12
15711767712,8
15876967398,14
15314319907,7
14135499343,19
15504910117,16
15853586922,4
15600000857,18
15318667733,0
14847000391,7
14439666909,15
15870774731,2
15724341212,10
14189300170,2
14055839285,0
15717060378,14
15919840585,0
14344241505,10
14807771087,8
13755631148,15
15610411767,16
15920125865,4
15818400141,17
15442194367,15
14188996716,7
15997252262,7
14353286289,4
15845404147,14
14024346239,15
15824357003,8
15850381296,13
14178308293,16
15862711591,0
15896689450,13
15399419108,0
14670299759,14
14672741837,19
15608929928,4
15714103738,10
14101183922,10
15441978437,16
15806150731,10
14109367339,16
15921120207,19
14618587255,15
14495151598,7
15772228875,8
15587086904,1
16014838277,7
16016389769,14
15954082709,0
15742852225,13
14602697646,15
15184933734,18
15870454518,10
15883466298,19
14183098517,14
15780853529,3
15811419556,0
14205152147,18
15538513922,7
14471980555,12
15927554786,16
15732064180,14
15940824501,12
15222933866,1
15869407818,1
15798511043,4
14219611848,13
15889069058,14
14018327603,0
14103617681,10
15333218559,19
15478306328,11
15734597849,10
14413499324,9
16013166785,8
15222138540,12
15510300205,10
15391863502,3
15998442050,4
15623634552,18
15306523471,18
15801244594,8
15610805905,7
16011254823,10
14591468205,0
15266593264,10
13761570196,10
15362834012,14
15889672877,14
14493387668,13
14200741841,18
15908948723,14
15597118861,18
15250487502,4
14218691569,19
15864276590,0
16013845103,0
15772355075,14
15802593390,15
15628905581,10
14845850707,3
15739941114,16
15829958379,0
15586908820,2
14169276030,9
15780854973,16
14147673665,7
15000676946,15
14860247531,17
14189393819,0
14102278496,1
15221764595,1
14130679385,10
15888556566,3
13955653878,0
15080087418,8
15810828936,12
15998390041,12
15976553511,2
14677288275,10
14775076997,10
14205048784,0
14465899091,4
15732015905,18
14132645772,6
14687477435,4
15875386119,15
14199772995,14
14865730900,2
15808611496,13
15946172982,16
15454563027,19
15925502511,16
14233762300,14
15757558168,0
15603658345,0
14202135360,2
15447809210,3
15715200493,0
14137228308,3
14139918858,18
15591808111,0
15747175727,19
15676103202,16
13832357813,18
15984901816,0
15879718639,18
15708534725,19
14150170793,19
15973264713,8
15434442684,18
15007499730,7
14114180095,12
14379905459,14
14130243552,4
14162252010,12
15964028468,10
15581513800,3
14147253058,7
15872188686,16
15178433954,18
14173751157,14
15946459181,14
14987518663,1
15088519291,14
15730115898,18
15888759366,3
14202862394,16
15962193155,2
13999115038,9
15589670127,0
14887637484,4
15829394613,10
15785476053,14
15874636462,16
15874891984,14
15507588953,0
15188972956,16
15701084770,8
15244794630,14
13970881818,0
15311213223,7
14257858198,10
14412237082,7
15800001760,6
15231567124,4
15592550489,12
14345583136,17
15373904662,14
15614504707,13
15142613585,7
15875954234,4
16016934546,15
16012091534,16
15974153478,2
15800054891,16
14226558800,14
15908416279,19
14420125741,15
15912042356,18
14267972931,18
16012231866,2
15477040348,19
15888645329,2
15733066306,2
15610591787,19
15726605514,1
15546899906,16
14129540112,0
15319718383,3
15141732827,0
15674419658,10
15354667302,14
15288673129,13
13710517288,14
15596488642,18
15929250216,0
15746293358,15
15403353308,18
14324091984,2
14494624779,2
15754188429,12
15958039082,9
14461511891,14
15640407823,1
15261715316,3
15277955161,4
15597634696,1
15906954028,8
15413860130,16
14199623612,4
16015888290,13
15706176130,12
15572101489,1
15905606251,12
15834228862,16
15452799569,15
15630838242,4
15727659920,18
15500258565,16
15671186701,2
15594821517,14
15137986055,6
15026861753,18
14465453029,3
14082844404,3
14435418972,12
15848667626,8
14111705736,1
15439910220,8
14999701755,14
14208702123,11
14451076643,8
15538556176,14
13582319210,10
14348027992,7
16025336668,15
15522092912,14
14380098492,11
15922941287,14
15742323780,10
15795534114,18
14845912405,0
15591120065,14
15838192532,16
15229245352,4
14257048936,8
14174351806,8
15284978292,3
15394718092,19
15830629462,16
14200604926,3
14478358258,14
15724107574,2
15907928325,0
14227444341,0
14390530547,13
14532198376,16
15766552251,7
15211112407,8
15975421628,14
15902818868,14
15777197700,18
15606745673,18
15784063552,7
13836808536,19
15208361005,0
15962636004,8
14439687194,14
15510198420,18
15615817585,10
13582318537,18
15862342832,15
14909697612,10
13945992993,14
15914353889,15
15263462345,0
15681842126,7
15985654892,0
14368949823,9
14447860063,16
14344241602,1
16009251957,4
14936583626,16
15790071006,19
15237120417,16
15586645243,2
16032137319,3
14388752566,1
15793674850,0
15743521434,9
14404577506,6
15320532154,4
15943512294,3
15768962954,8
15602753364,2
15592400079,19
14159392204,8
15986129316,16
15659583753,16
14219550006,14
15000796285,16
15543510318,16
15948626983,7
15795097820,14
15249976038,0
15273211249,18
15426491001,6
15846294094,18
16012919997,10
15996410402,12
15730574069,19
15714546007,4
15844579342,10
15392248745,3
15949092563,6
16024784849,7
14136770872,19
15105063650,18
15539491403,14
14472208192,4
14134650433,13
14138974337,10
14233767773,10
15905735665,6
15816853411,16
15999761823,0
15769794269,10
15979224550,13
15830209418,16
15517767529,10
15798968812,8
15844855724,16
14131140831,2
15734853929,2
15710096905,13
15989581248,14
15478307976,10
15640426220,6
15936230505,12
16009911577,3
14339657145,1
15826022626,16
15852307706,14
15101783829,10
15814696661,8
15765849078,18
16030409277,17
14002624918,10
14119118249,16
15619600340,14
14187826994,10
15718168130,1
14491385081,0
14202889717,8
16009137937,13
15492462337,3
15631245106,0
15082345236,19
15896683632,12
15319689351,14
15848887511,1
15837384077,13
15882151597,9
15826089517,19
14107009466,1
14211290438,0
15979158189,1
15724791146,3
13975890917,16
15787314399,12
15833051734,18
14199360317,19
15529850771,14
15802538342,4
15595836717,14
15702777863,3
14137438505,18
15303442330,18
14152713985,1
15732487358,16
14492276756,1
15550171662,19
15918949829,0
15973458261,0
15732661718,3
13983006536,12
14679947846,0
15273303933,9
15984787488,4
14770745400,13
15789561279,0
14492620606,19
15756624235,10
15595536906,19
15985272608,16
15259736346,1
15776659032,12
15288003617,0
15868164414,9
15726224561,13
15896683587,10
14190965335,14
15700093940,9
14491372393,13
15985919699,5
14045628656,16
15275864054,2
15906877505,5
15806384673,18
15622174562,16
14187851375,0
14143380361,18
14095319496,10
15745319210,7
14155630872,9
15923366005,16
15592884401,16
15729701893,10
15926506939,10
15670996160,10
15773804360,0
15071328101,16
15480618755,12
15507420059,2
15460323275,5
15806303906,17
16030380159,8
15560368376,0
15691407496,10
15193913260,14
14407501924,18
14440611883,3
13818338171,7
14345283042,4
14189590412,7
15720011745,15
14191355452,18
15206694242,15
15470519410,7
14398902126,0
13977009117,18
14290654890,18
16012355666,16
15833361985,18
14472175312,3
15497657472,18
14997846942,18
15572561518,12
14951466562,14
15702776872,14
14168291004,2
15815276847,4
14164060934,9
15890723164,1
14169171784,2
14897376632,4
14351229229,14
15613980370,14
14929127417,16
14258854466,1
15647261098,14
14450355029,6
14140622313,10
14291203480,18
15478779624,2
15779446196,10
15782354612,16
15894764540,2
15845282451,2
15822772484,12
14175195243,10
14211918388,0
14810773637,10
16012012399,9
15341581841,7
15639290980,14
15719377673,12
15940829382,3
15944983981,14
15605277970,0
15874532482,6
15816126997,12
14251801281,7
14809428782,18
14632673402,10
14904564650,10
14464535468,9
15542848132,9
15726053845,2
15990676647,2
14187196754,3
15913602409,19
15277213630,14
15173195896,16
15872528627,14
15867097752,1
15497840854,16
15955662245,13
14202503804,2
15802252405,18
15370687838,14
14195329749,0
14105607303,4
13832793851,19
15806209647,14
15732395113,16
14135252682,9
15355527470,18
15892462932,7
14218474087,3
14678912109,18
14144321944,3
15779964155,16
15440138601,16
13949073386,8
14819091230,14
15576889157,12
15751691699,18
15700969951,10
15314853231,18
15868164713,16
15669278983,4
16009305830,16
15805999389,0
14233210017,10
14202542990,2
14481987650,0
14192887646,3
14141756800,12
15815185015,6
14664503774,2
16030256422,2
15827345289,19
15831455234,4
14476189023,2
15976545706,10
15016673228,16
15936630417,15
15904316447,13
14492266657,8
15819508630,2
14369163713,3
14473284433,2
14165192891,0
15432475602,1
15130067174,14
14154979629,15
14230785298,14
14157422775,4
15602903638,1
15360707153,15
15904602799,16
15668560219,16
14189247222,16
14934380017,0
14159489179,18
14260332329,1
13831377369,15
15628028301,11
15851351045,3
15674692621,2
16015822571,0
14108517272,13
15889466608,10
14129303430,5
15303436359,4
15948770232,13
14341178190,12
15720185895,8
15999888426,15
15437032693,14
15927442087,13
16009797175,2
14623818492,16
15848869882,18
15945621919,8
15247667863,16
15995706829,13
15940002388,1
14472122582,18
14467543888,18
14453106055,15
14092957894,3
14441637012,2
15784152612,2
15312877033,18
15997811875,18
15589689655,10
14137293547,3
15934308894,16
15508477154,17
14226857143,8
15829266426,7
14007553992,19
15515913978,6
15801105404,1
15886162227,16
15747993614,19
14132627881,0
15787354690,8
13844254637,18
14280936748,16
15490990320,16
15603640541,3
15738460416,12
15970790936,2
15991018341,15
15770297980,16
15805719757,5
15930525597,18
15264611815,0
15454569135,3
15939079993,16
15667261749,1
14481245246,8
15779253107,1
15970344429,10
15844982347,18
15149101881,7
15798810850,18
15929540038,14
14172306908,15
14166629779,18
15872242185,3
14489294469,0
14143517211,2
15569457528,16
15030938725,10
14131217631,8
14366599765,19
14485585207,13
15927410758,8
15936680016,0
15733938651,10
15981928974,19
14137756312,2
15900820466,15
16030399286,16
14180795081,16
15729462592,10
15631529274,16
14455207034,9
14206050628,0
14118361892,16
15928471799,9
16027585110,16
15444372097,19
14197591658,12
15917219293,3
15732962002,5
15835239589,12
15804819096,3
15579562221,0
14192535238,10
15793297386,0
15937335642,0
15821413900,15
14234149617,18
15294080185,4
14829192617,13
14112729903,14
15998512639,14
15839892364,8
14925783750,10
15276065935,0
14073153523,15
14813752010,0
15977076908,0
15956077693,6
14445346084,14
14493119725,16
15977045098,18
15798644327,16
15937751561,6
13946202115,13
14792782445,8
15559231461,9
15919700452,14
15263313217,18
14206049044,2
15331311183,0
15899444453,3
14883243106,10
14394176933,17
15343515206,10
15952764289,0
14197306932,3
14218889607,16
13951292314,11
13966765136,3
14492255149,2
13881463393,0
14167438596,8
15740502687,2
15675766724,9
15664735681,10
14175481713,2
15927439983,6
14867083864,18
15983769442,16
15586088515,14
16033180121,16
14422583773,2
15743816227,16
16015570826,14
15398305890,18
15301393638,10
15890798571,12
15742197171,10
15909710715,16
15992591820,14
15791762324,14
15926732573,3
14024836876,0
14140730710,18
16008171676,7
14437495432,0
15725179209,10
15772281173,8
15995277395,10
14232403257,15
15726900125,4
15165071688,9
15277438571,12
14127174781,18
15767456597,19
15932967875,16
15417596496,0
15825690740,10
15910977014,8
15260884384,14
14396290087,16
15993681581,9
15753648042,19
14403699964,15
15649253652,16
14672074621,16
15622662282,17
15984718753,4
14395863259,6
14741616540,14
14087311123,10
16026442815,19
15269519219,10
15628218645,4
14781943313,8
15580280992,18
15590581754,5
15529046576,9
15498102945,16
15544171168,14
14472871216,6
14211952674,7
15994651055,9
15768684587,13
14170817583,3
15797503386,6
15299261019,19
15194170719,2
15797028403,13
15769596170,2
15402360556,8
15306523576,18
15629875239,15
15578482550,16
14160540031,12
15611152029,10
15568333311,14
15508548399,8
15963482877,3
15939981559,0
16009570327,1
15945580543,14
15698261609,4
14450155978,18
14115465561,7
15329233720,18
15685824542,7
15906609872,16
14202427050,0
14205546172,12
14220887160,16
15945373034,18
14744269059,13
14289976002,12
15731938365,10
15551519394,2
15821976935,3
13976830253,16
14531100005,13
15878388103,4
14324091824,5
15791646637,12
14226624693,16
15746057484,14
13841595983,19
15698020179,3
14856875037,8
14147506441,10
14196830668,9
15774584801,9
15945090040,16
14131562484,7
14114414397,4
14150086498,3
14137253444,18
15980552883,19
14137952116,16
15889773757,16
15081668313,2
15962764317,1
14410995335,16
15809421050,0
15173195790,1
15624918615,17
14176777644,7
14420122960,3
13820461221,18
14253151449,19
13786341174,13
15837287502,14
15698665319,16
14107009640,14
15705926681,19
14965915102,14
15988854717,0
13934862366,5
15470552417,18
14124774681,0
15798344881,8
14198409645,7
15452861483,18
15683667869,2
15549167853,0
15404045058,7
14004308845,3
15619734547,2
14129521109,4
14769624108,16
14446379683,16
13874707943,14
15699979198,16
14387041335,12
14121246104,14
14863133522,10
15509597938,4
16028784378,14
15909212308,4
14166177251,8
14106713400,19
15890338799,14
13971259973,4
14250250370,4
15890242847,0
15351115248,16
14013570090,18
14448477201,9
15757199804,14
14135545641,19
15266819487,10
16030411342,3
15433776051,2
15832103937,16
14178684074,19
15976143092,3
15734216159,3
15625030889,7
15807617479,19
15787508924,18
14144687436,19
14001917272,0
15795544840,0
15515581100,16
15806899196,16
15846421016,0
15681352562,10
15860746217,4
15814857934,14
14949934660,8
15630376967,19
15258756739,18
15343057473,4
14141728638,8
14998154803,14
15790086617,8
15662865803,16
15522452338,4
15000338203,7
15215830106,16
14189629730,16
13987106497,18
15963941145,8
14224733890,19
16012944722,16
15721014373,19
15784328715,17
15402228063,12
15582929584,14
16031755172,10
15891402447,10
15708537409,4
15777936133,16
14172583120,9
15117462186,13
15492093209,16
16002474623,1
14209482622,8
14206397026,19
14253268150,18
14451816997,19
15421205189,4
15749962453,16
15778268665,15
15880249871,0
15575308441,7
14201252587,14
15945881606,14
15785306630,8
15357114924,18
15977686761,2
14676859178,18
15737060008,16
15711687167,4
15900232216,18
14106963405,18
16008298952,12
14082983565,2
15564195207,18
14320543591,4
14449760889,14
14182783737,2
15796947750,5
14027229533,10
15704719625,1
14180857702,8
14013698704,16
15824040924,7
15739975077,0
15819120255,10
15942924468,8
15825212290,3
15989459768,14
15359468494,1
14470352520,7
14199088422,10
14079732703,14
14490119127,7
13785153059,1
15573072630,9
15680121925,16
14244230353,16
15801710785,0
15781799353,4
15138474999,13
15583551174,16
15896801885,0
15743391019,18
15640734926,18
14339783273,10
15878429704,4
15633994206,19
14170384401,16
14627789835,2
16024655397,4
15714018749,13
15444280951,10
15712226820,14
15933807127,18
15824881379,13
16017912589,16
15263282216,16
14116751165,7
14237824877,8
15359158986,3
15784836792,18
15954328601,12
14169081278,10
15431587148,19
14350069643,8
14444996043,2
15873810804,19
15974631063,18
15674994760,8
14391980802,15
14159778287,2
14538615592,16
14145995828,16
14470697434,3
14817351327,3
14153457264,0
14530429214,3
15725906516,10
15924534966,4
15751692031,15
15560979399,11
15507471726,11
14130427134,0
15818504229,2
13822718092,10
15403774414,19
14230445912,4
16027006213,0
14598965657,13
14620211736,12
14923663204,14
15568325182,12
14200418672,14
15675315553,9
14488454522,12
16012919815,14
15899347824,8
15712963735,19
14392076740,0
15147526193,9
14074136596,1
14649092498,18
15798830278,18
14088516077,18
14366604015,10
15793321082,5
15667908489,14
15837440034,16
14433326989,2
14187804744,8
15829947660,19
13988291079,0
15590842396,16
15924490052,1
14126270906,19
14743483788,14
14216622456,0
13991203000,13
15868039264,3
15589314711,0
15368146540,14
14096493879,14
15937663668,18
14069412808,4
15936096322,0
14238152930,18
16013426390,12
15786607664,15
15736198621,9
16008739650,9
15935041249,16
15209354828,19
14381004352,7
14474209557,12
14418672434,13
15923128063,9
14276812144,0
15272210648,10
14480414559,10
15736588684,18
15980548298,7
14127754406,3
14443876328,16
13949195337,4
15626743348,3
14489294429,0
15789717921,16
14396095631,18
15870026558,0
15604211909,14
15868223994,16
15664531975,2
15272166766,14
14017707864,8
15685773342,3
14235948086,0
15828682250,0
15894062971,15
15707399594,19
14068481119,8
15879291199,0
13790933820,14
15252553952,16
14150184290,7
15230277902,14
15152810636,14
15913867767,0
14916203299,16
14166539240,10
15827207334,2
16026047031,9
16015425046,14
15448834766,2
15759893694,7
14857107589,1
15006221662,15
15592175052,16
15562701333,2
14355866931,15
15834766056,4
14131639770,19
14158475468,0
15971393057,14
16031100134,12
15684006839,14
14128241304,12
15620262673,14
15675182996,10
15909268793,18
15953038364,10
15088877173,2
15711540041,16
14270985381,0
14220463413,16
15822131154,5
15379828098,18
14245948086,0
15928444123,10
15600626501,10
14159361891,18
15773192314,10
15395230294,14
15832421260,0
14478745178,16
15950267685,14
14853089472,14
15343322247,3
14208802095,1
15518252043,12
15028558213,3
15520541306,9
15978834283,13
14141860468,18
15808310465,14
14143022662,16
16031186546,19
14098088317,7
15852359532,3
13811845168,15
14178181286,16
15647260138,8
15787554350,16
14657878697,16
15525416524,16
15215383124,19
15976538718,8
16012305277,16
15682412445,14
15893174166,7
15069013111,8
15792516593,16
15834709059,14
15829801456,15
15848520230,16
15697099735,3
14858356289,0
14482496641,12
15303590676,10
14108273958,2
14283962943,10
15576102259,0
14069009185,0
14474946608,12
14095023024,16
15606073417,14
15511883425,13
14207824165,19
14342279228,5
15422996893,10
14065570448,3
15648058363,3
16011268514,4
15824653722,10
14221637581,14
14208096248,0
16032240718,3
14173197007,13
15876063550,15
13839227863,0
15912307852,11
14182738383,10
13114856983,0
15571059653,1
15088519132,13
15891092459,17
15768789122,0
16021925102,10
14949419501,15
14204739556,13
15764041383,16
14140918758,16
14363770044,9
16011344956,19
15861863863,18
15071344169,0
15403405253,10
14103336860,19
14148820065,10
14190381322,19
15384236489,1
15631903131,10
15268370598,0
14140965782,14
15818517582,6
15419948085,18
14196833939,13
15950540994,2
15638260701,8
15751182901,2
15935220018,8
14166755273,14
15940709568,16
15292285574,16
15671809628,0
14730498292,8
14472267491,4
15848773616,10
15387891383,1
15600886550,19
14406369438,0
14411072748,8
15607242894,16
15832331978,0
15674153727,16
13999513504,7
15580676606,18
14909279828,4
15926711744,3
15870748559,6
15589782859,4
15014011041,14
15712078049,14
15937376449,13
15946172766,14
15719289788,16
15822496313,18
15266557931,14
14129528885,19
15893285145,3
16031759187,14
15788173933,7
15390172293,18
16008376938,14
14102492296,7
15925763554,14
16018335420,14
15779919553,8
14223410959,0
15343515159,12
15422052263,16
14137868195,14
15976745038,0
15929174490,3
15920189383,18
15767790838,14
14472130333,9
16012177590,4
15373420647,2
15893478239,0
13698317932,14
14978808566,14
14437242383,13
15890540117,8
14489995221,6
15763353034,18
14135941629,9
15732481493,18
15769337708,14
15784051989,19
15288673086,7
15803464107,6
15873673246,0
15402111884,18
14114829838,9
13787913268,13
15473715945,11
14031033455,8
15909974163,14
13873188997,4
15381128786,14
15443049921,0
14481457287,4
14062112790,7
15828061152,4
15971892250,11
14341135721,8
15999657352,17
15729146160,19
16011889115,3
15410584110,2
16031731178,16
15983855255,19
14073537096,16
15820950883,17
15798602493,1
14132164428,1
14179880551,3
14444907349,2
16031215890,8
14263833858,14
15801370852,18
15767603569,18
16032718002,8
15742222231,6
16029674960,16
14039386886,16
14439006826,10
14943755980,15
15562634265,18
15835342503,10
15602581334,10
15946887545,16
15323133400,16
14219741717,2
15438159448,10
15595685670,16
15623467301,0
14137809990,13
15785411085,10
15907358512,8
15437766879,19
15511720283,0
15999682360,16
13989490035,7
15982342753,12
14911349896,14
15620980250,16
15833517774,11
15987748235,13
15957260624,7
14158334744,7
14319043165,18
15831391723,14
15944267588,10
15878333284,16
14224859336,8
15330759876,2
14591468168,11
14066228864,16
15937468980,7
14454664553,19
15795140550,8
14088135514,4
15590723460,14
15992851983,16
14137348929,18
15165630393,15
15790926767,10
14803640514,16
15672264658,10
14440770213,10
14895242953,16
15079152770,3
15494128158,16
14148056125,3
15808158095,0
15885152578,4
14139657809,3
15984652903,2
13897111224,18
15820243772,7
14456708375,3
15963486443,16
15983700676,16
15991989773,17
15572649455,11
15989630846,3
15451884024,16
15819140457,14
15786685434,3
15384498473,16
15384878105,10
14048872572,3
13759970515,10
15177161891,13
15506687210,10
14990755111,4
14488122885,19
15711997271,0
15767506164,15
13899431148,10
15264914358,2
14936701694,6
16023611893,19
14076615155,8
15989265272,18
15623634366,18
14219859779,3
15370109815,7
15709162100,16
15422776023,9
15828019178,7
14935958329,3
14426227651,4
15722535667,17
14095921090,14
15794853152,12
16009634693,7
14449578054,0
14263064242,5
15732068136,14
15948626267,18
15272625408,12
13808776708,16
15291104469,19
15906957087,6
15994841098,0
14495158955,15
15971598456,2
15914338884,16
14052868585,1
15713281755,19
15726327060,13
14330391702,2
15743816108,3
15543726792,16
14489323742,9
14099050470,18
16009911926,12
14467690400,13
15246163788,14
15391020583,16
15890460149,16
15476737830,11
14052460552,2
13967388173,10
14216143823,13
14817119393,10
14971603178,4
15677790172,11
15689590360,6
14602713132,8
13923116911,1
16004534626,17
14391980708,2
15783245894,7
15289734554,4
15640911293,0
15992865073,19
15967956874,16
14187011933,18
14223411768,2
14602335057,19
15224622782,13
15806210999,5
15645723829,14
15231559343,8
16001258387,15
15723375836,14
14168225842,19
15526437719,16
15616311982,1
14197730497,4
15997810678,8
14387139607,4
14472334877,1
15822646983,18
15986133260,10
15738686842,16
14705970222,14
15391740364,7
15836719027,16
15209301381,19
15739416655,8
14169993053,18
15980351118,18
15646776430,4
15805559709,4
15600899090,0
15137695173,0
14485979494,19
15252584737,6
15718353428,4
15963640961,14
14413885343,13
15537102346,10
15981968455,18
15576538402,9
14155253640,12
15338673438,4
15718363885,12
14058562728,6
15736799116,16
15839870357,19
15836399412,14
15978069260,0
15578708020,2
16001591020,13
15511489299,3
15055859504,8
14411378397,0
15186447667,3
15608495728,10
15240780669,14
15240148841,3
15772686940,13
15987478465,10
14451608387,3
15919495480,16
16012231900,2
15996438998,0
15829182290,8
14251472387,1
16027014001,4
14943290627,3
14299328890,16
15825825389,18
15803592161,10
14132727672,12
16023218614,3
15236796709,16
14126888516,19
14359389686,18
15985880095,0
15891820593,9
14166832739,16
15852364222,18
15832432135,16
16011258351,0
14472329269,4
13738392613,17
15634534265,10
14000150951,14
15988949719,9
14485064966,19
15999907054,12
15549374935,14
15927441710,7
15878087307,18
15757488226,16
15466110438,7
15463604833,16
15590585615,8
15928996823,10
15847348725,18
14377179289,2
15618632114,18
15702375542,15
15747265563,14
14996578906,8
15978157673,19
15875821015,16
15925554533,10
15589645474,10
16014008320,10
15824725425,10
15060659967,1
14029765968,18
14386915571,15
14033599664,3
15742275527,0
15317599578,3
15872310903,7
15460051267,14
15817467170,15
15349059059,16
15794320556,14
14363841447,13
14247676052,16
15773112478,13
15957102274,0
15183544640,8
15574748234,12
15952083491,14
14227578062,1
15747912722,4
15881508318,8
15569868932,12
15419358345,16
14910373859,10
15809130194,18
15570009868,18
15426572938,4
15937389409,15
16012986790,3
14126549312,14
15809293329,10
15824755842,16
14237297273,2
14042816180,7
14175861146,7
15829955702,16
15947154801,16
15441013790,3
15895973121,4
15994526176,16
15513622101,19
15964737274,4
15418738300,2
15078245747,13
15992150900,14
15439510329,4
14482513189,2
14117233595,18
15614504444,18
13956079430,16
15718393059,3
14865037078,10
14265272583,18
15875728047,16
15666867814,4
15937789179,3
15819828756,15
14229154916,3
14364810763,14
15216908389,16
15613443863,16
15874173487,14
14157003956,10
15483790913,7
14597775818,16
13927440889,18
14179594922,1
14159778350,10
15814240929,19
14215312401,8
14740124395,19
15832422822,9
14301653674,7
14943273009,7
14825765462,18
14185021749,18
15270763943,4
15751797092,2
14711983769,14
14389438479,16
14072578189,10
14424651607,16
14413885582,4
15789116454,10
14195526877,7
15054940282,10
14141834897,18
15415877597,2
15355485283,16
15571983473,1
14162932399,14
15643117955,18
16014908678,14
15837286758,10
15792647714,0
15476748987,16
16004874894,2
14095445095,5
15787515749,10
14352370917,18
15583453397,16
15963482940,0
15801998064,15
15775690504,8
15535187936,15
14172347189,9
14708041300,10
15891562640,16
14303359685,3
14132293683,4
15545015056,3
15891152278,9
15925611852,14
15116179509,1
14184130570,16
15383646508,19
15703650455,7
15814800522,10
14204428613,4
15836769735,8
16000570927,0
15197906363,13
15157146582,4
15613465060,16
15077946819,2
14447528716,8
14150146423,1
15615491728,15
14485318836,10
15971461794,10
15647165906,3
15932813331,5
14192251212,9
16034173845,16
15445546439,7
14495401883,16
15775959218,19
14257067580,15
15674060606,15
15878490933,14
15797935110,16
15732911436,3
14617666186,4
15778778716,16
15949915234,15
15872674337,16
14784604660,2
15370270569,18
14488017196,8
14228265917,10
16033227811,18
14205684566,5
15523464526,10
15841749486,2
15717288334,2
14420573724,13
15957937484,9
13966266420,2
15418323136,16
14159878918,10
14224886305,14
15928675805,8
15030922244,14
15083608430,15
16027716069,18
15686008203,0
15890133394,19
15716551240,16
15921831245,2
15805069668,10
15177197822,9
15822699502,0
15658740161,3
14135020370,4
15799482208,16
15571632142,16
13847162098,19
15004561613,16
16016207774,8
14707083206,15
15246012708,18
16024169423,7
14049663627,14
14108306518,2
15303157294,2
15772040833,0
15756229026,1
14054605851,7
15235791661,16
14158129728,14
14421773312,19
15364688407,0
15944216779,0
15912440336,1
15666591536,12
16031920236,15
15827931543,3
15627123292,18
15908819349,14
15780958932,7
15864620083,14
15807441584,3
15964984512,2
16034753614,19
15731515764,1
15971368159,4
15908970217,8
15947404632,18
15787354806,19
14301641683,2
15926588612,10
15432884112,14
14142435313,10
16025195849,12
15733341432,18
15589029289,15
15226094055,0
14219710479,2
15687511473,10
15250060929,16
12822116700,2
15592780419,0
15871132533,8
15890213051,16
14609756230,14
14994786988,14
15933113801,18
14187746528,9
14471259960,2
14438171446,7
15807761589,18
15981479580,12
14566780015,14
15972900690,8
14187702528,16
15621953295,18
15978519029,2
14493057922,7
14142544080,18
15323158730,18
15789593432,16
15589139812,14
15919434713,10
14847848967,7
15803768934,2
15640566452,15
14052839157,18
15498079914,10
15845547738,16
14022786223,10
15284229567,3
15410940399,4
15571716379,7
14401741309,10
15671359483,18
15305037836,19
14070433496,16
16008562199,17
14435325147,0
15973200004,8
15391103731,2
15765753733,15
14033611777,7
15692303594,18
15843332114,13
15656534222,12
15322020611,0
15502537563,14
15986740640,14
15631278735,8
14208592667,4
15976284345,2
15082345450,11
15714286328,18
15993211833,10
15800574549,0
14157748792,4
15267901499,6
15279488161,2
15809396790,0
15772077030,8
14418903035,14
15722063515,12
15743826721,0
15628833026,18
14176498728,2
15863532466,0
15954157867,2
15096332831,10
14743964118,18
14481241943,2
14099487325,16
15076023718,19
14129425754,8
15684856931,2
15619552755,18
14368220623,3
15432007883,14
14059910152,16
14130050665,8
15851588369,13
15775909673,9
15761575645,19
15889534314,18
15443155945,16
15444142824,16
13914922485,18
13975267771,10
15516375694,16
13942994931,10
15712372403,1
13775928552,8
14128752995,1
14224024126,16
15812098462,8
15345086984,7
15683731059,6
15826009224,0
14221882513,18
15746465969,10
15146554252,16
14441597143,0
15727176296,10
15802249557,4
15824681210,17
15226093846,4
14576155737,18
15958079129,4
15190689707,0
15636604591,18
15109263157,3
15916719322,1
15785496598,14
14231096686,14
15583385747,8
16013413583,18
15745375584,16
14488032637,14
15928390795,4
15308186668,19
15785686172,8
15270007701,19
14529623132,1
15824146462,14
14896733971,19
14122191410,18
15831521576,1
15635041225,14
14832482779,13
14224986506,19
15602582994,19
15814585461,15
15829011510,14
15096419568,16
15998797532,14
15689050069,16
14200697397,15
16017125361,0
14179068840,8
14116183690,12
15782252366,14
16000094027,8
14253647291,3
16008855098,16
14003087585,1
15593101847,14
14942996871,6
15463010080,16
14431456963,12
15713030246,8
14435775414,14
15420598185,13
14326710506,19
15782094341,7
14434739191,4
15683328476,10
15738687120,3
15964217003,7
15222355105,13
15998532730,13
15768360449,18
14194685489,4
15374341067,0
15136673357,19
14221365532,3
15731721914,3
15983705867,14
14093633579,14
16005280500,10
15815082280,9
15837823276,16
15790155979,4
15722362469,18
14471297575,18
15526081145,0
15739639523,10
15448078362,11
15791771068,18
15938542802,10
14231087084,1
13977817052,0
15318082065,19
15803172993,15
14765388675,15
15803927782,6
15016718104,2
14155550146,9
14282056112,18
15970449502,0
15717203757,19
14185858163,3
14212371822,10
15904807042,16
15928491611,0
14214904529,7
15947141288,3
14343796058,19
15620262508,16
15766595542,9
15785213576,7
15987046071,13
14488272165,19
14555532612,7
14613439812,18
14490026571,8
15957370482,19
14156360847,10
15921409410,14
15347343721,10
14480696477,8
15791076390,13
15984830634,16
15209334691,11
15630471889,14
15709551689,16
15944713741,18
15689792177,8
15991196549,3
14203652420,9
13965513340,7
14752166689,8
14214131417,17
14044002305,14
15705936073,14
14262555721,13
15075290913,19
16008881631,14
15710502544,7
15946088113,18
15537573002,0
14733148635,14
14146231110,0
15887287714,16
16009088088,18
14916211054,8
15821364222,12
15951757346,18
14195833797,18
16015889341,13
14121502936,8
14149268693,17
15766131080,18
14846798683,10
14245268254,15
15995407980,16
15932870716,16
15786129725,8
14381102192,4
15566486852,14
15807676742,4
15228876264,1
15109721822,15
15270967337,2
14251535474,7
15730066079,8
15070132361,0
15115962541,7
15924824456,2
15787738240,16
14137272633,12
14257232347,8
15444546393,0
15576577114,18
14031725018,2
14219029861,4
15897033086,16
16014874654,8
14200387310,18
15160246922,1
15784684088,15
15947257918,19
14150126485,14
15775195686,14
15980417366,2
14165123566,9
14156233697,10
15808901807,5
14487074686,15
15903913067,13
15314243624,7
14884916098,18
14428622902,14
15721765283,6
14148299269,4
15712580741,1
15987306037,3
15770646259,13
15908260143,7
15801384463,5
15877853020,3
15992900365,16
15775177525,15
14078677782,7
14178936600,19
15771208620,14
14472293200,10
14422765896,4
15782222267,6
14155709558,9
14267559335,18
15314610319,14
15877064760,18
14130317926,3
15825317202,19
15802900277,7
14748833873,16
15684661444,2
15782094880,4
15574991868,16
15998220767,0
15707480118,14
15771480766,19
15757409457,18
15924541559,10
15786114546,12
14601473541,19
15983002460,16
14031108652,19
15401983888,16
15985159595,14
15737690654,7
15615350328,14
14150052907,13
15940685636,3
15999115371,3
15405626689,0
15395564013,2
14066020158,14
15719538637,19
15369915637,10
15372323483,10
15775955632,12
15787906592,9
16009875998,10
15701393336,10
15819478339,0
15175585484,2
15913931595,13
14177479419,12
15891178645,0
14997395153,10
15999693719,16
15972339524,0
14078677238,13
15880524168,16
15396881488,5
14219418216,18
14213605409,10
14135484030,14
15802517452,18
15385511727,3
15361521057,16
14079809662,14
15785717632,0
15774766380,15
15284518266,10
15693295879,10
16014908184,3
15260866518,4
14188398154,5
15096348097,9
15978163565,4
15813352651,15
15100841888,7
15490945589,0
14218881641,7
13948745377,14
14474208402,1
14190530329,10
15613739211,18
14202139321,0
14161575650,19
15753414187,18
15854860496,16
15163189405,0
14380745162,12
14196926168,10
15854576217,3
15849581477,0
16023357372,18
15921226189,4
15984829930,19
14599521174,1
14653780990,16
15948327716,0
14125074860,1
14867617449,16
13983835336,11
15677789995,19
14731086066,19
15444520123,10
16009299364,0
15249055318,19
14190017057,6
14212173337,2
15508940032,15
15260532299,15
14033839806,10
15845554498,10
16009371332,10
15591535197,2
14488122873,19
15572986151,10
15698628369,14
15035822660,4
15904288107,13
15217096370,16
15219697838,19
14384779882,7
15966184877,16
14951172140,14
15939163178,14
15985004585,9
13536364313,15
14200172785,7
15470552107,18
15237768009,0
14202325197,9
15912507823,4
14651055112,13
14122497298,18
14182443775,3
14379999489,4
15807919954,4
14809980157,3
14138631503,13
16003831184,16
13834423246,19
14065928598,10
14435317513,2
14192281302,3
15944596352,14
15874518935,14
14862755045,12
14470075178,13
15976152478,9
15812329078,14
15949915332,15
15418614195,1
16005178991,14
15809304777,10
15921535576,14
14987393800,0
15454552709,16
13848909138,0
15275637167,3
13331498293,19
14489212993,8
15320900325,11
14026845649,4
15571630703,14
15186438435,4
15721625374,19
14225594762,9
15679198177,1
15913417793,15
15343301415,16
15404044161,3
13782852490,10
15203655643,4
15800884897,16
13779155500,4
14463746822,15
14484113687,18
15922962749,18
15944432485,14
14385242956,8
14678911297,16
15948849636,2
14486979076,16
15539403271,0
15817220528,18
14360738513,7
15590799201,10
15893359515,0
16011459049,0
14180277729,9
14486720910,16
15784376420,16
15177827923,13
14119868791,14
14078266641,9
15992762195,2
14970498316,18
14472133461,5
14207975798,4
14945624870,16
14248943896,16
14810796054,4
15918342365,6
15619556559,14
15999025718,13
14215500067,14
15660592367,4
14238603396,13
15623055978,14
15448080417,3
15739812567,9
15831391025,16
14676247466,18
15782351533,16
15436172535,10
15243292594,15
15988108975,14
15619500705,17
15992232667,2
14890855338,2
14350587078,18
15552816992,10
14255790725,16
15342886916,16
15696437286,19
15716772097,10
14383350600,15
14193036507,19
14246425935,7
14365342995,7
14556762383,18
15391994057,0
15711832791,17
15540235979,3
14941053426,8
15843170432,16
15928910789,15
15769894209,6
14462347614,18
15737938181,9
15672352776,0
15969233489,19
16020082564,12
15249434411,17
16009867920,13
15423688854,4
15736164335,16
15899762419,13
15209490801,10
15904460507,10
15855907065,12
15311833629,3
15383086510,3
15912299153,12
15176453473,0
15870128290,3
14064648994,14
15888006769,2
13998644271,16
15315692967,4
14102895888,10
16009829232,10
15976538150,3
15819420865,15
15760369518,16
15770803893,12
13820681574,3
14216399401,10
14185465587,14
15718461369,18
13582316057,15
14215495819,15
14483072655,8
15511995120,16
15506709873,18
14080483916,0
15328527819,16
13990803958,14
15791305607,4
15388079289,6
13993572821,18
14358681435,6
14314816725,10
15700351602,15
14749168172,19
15803263738,7
15704449364,1
15852501363,2
14083565223,5
15766128774,19
14254936193,14
14175195076,15
15802327915,12
15766594166,6
14020426176,19
14000820328,18
14148293207,18
14219003809,7
15304646174,7
15645301390,4
14168660268,1
15725654870,15
14273432342,14
15986134136,17
15736789824,18
15769775750,0
14137600858,14
15988831751,15
15234427271,17
15922878491,13
15010824372,18
15448412235,3
14156756564,2
15804968820,19
15807484593,10
15770879409,14
15837993373,7
15983862246,4
15985189133,16
14171003582,16
15487218104,2
16028875418,16
15921600979,0
13975895465,15
15928928189,13
15822229815,2
14339322827,18
14121529748,2
15782754991,6
15237753710,18
14478410919,8
15989461079,14
15802284810,5
15390214955,10
16014604468,3
16014512142,12
15790175998,15
14975776990,14
15682536679,16
15920167224,9
15952049285,7
14494864207,15
15494788222,4
16002700795,4
15153184836,18
14240458773,10
14436248110,1
15629291614,14
15146029098,3
14825763430,0
15932546877,0
15394812863,15
14146926041,14
14170622644,6
14218932756,16
15586275129,16
16025331182,19
15889600502,16
14221346834,7
15625593985,6
15831386294,16
15551864348,18
15700975869,13
15995979594,12
15818657546,17
15941874979,8
15358078394,7
14646635603,14
15786633095,14
15799854680,10
14147146068,8
14101928795,10
15573716470,16
15946155707,10
14605538411,0
15865764895,14
14192774902,0
15831690340,11
15811923661,15
15987256281,1
15103866205,14
15392721772,15
14412144595,13
14571691762,0
15358962584,14
14217060952,14
16013036218,10
15552714301,16
15251417367,13
16015319203,10
15774647622,16
15632000103,9
15891249642,10
14084453577,13
16015916363,7
14146119690,14
14753004246,10
15582888160,13
15741031970,0
14895758978,6
14194699609,16
15956323993,8
15812869152,15
14189842001,14
15840533098,18
15590384973,9
15890213421,16
14032326191,2
15986672788,16
14026727261,15
15420649081,0
15594495644,14
15779243311,9
15160249371,5
15833562713,15
16018710039,16
15408040969,7
15992032951,10
15237565444,18
15996327198,16
15032110168,7
15137995221,5
15787303342,0
15784433696,8
15661567625,14
13948646416,19
14472900020,8
14103524598,15
15759743686,19
14171195661,18
16016663767,2
15099983229,9
15766391444,10
14053769351,10
14152080107,19
15941028695,19
15574747149,15
15379391358,19
15084581130,7
15646005924,14
15507586536,0
14270688500,4
15714090055,18
15725917502,19
15935063777,15
15696482290,15
15594794682,0
14926158742,13
15379629975,16
14157050909,13
15758355337,13
13810404612,13
15605117190,18
14366600659,5
15925367320,13
14729484036,3
15743406667,18
14420613706,8
16010751189,14
14830541891,3
14220951921,14
15874893547,19
14446982245,1
14914330612,14
15786580761,1
15785047137,0
15664367087,19
14226089858,3
15229245518,10
15920416262,10
15787345388,19
14343582427,7
15821371163,12
14129303156,2
15812965057,13
14086036640,14
14437501549,12
14153576167,2
14212467026,18
15860863455,10
14434887414,19
15819441873,14
15771208595,19
15623542074,18
14354665198,19
15444284277,2
15466368719,4
14441079294,12
14187981949,14
15784309955,3
15955686502,3
15788188034,3
15441879841,16
16034484041,0
15631307978,3
15877398400,14
15848837438,7
15619473722,4
14237977002,4
14450297375,14
15859937691,14
15780196984,9
15663161864,9
15821704503,14
15773014851,18
15710282941,18
14176421763,10
14748833854,16
15833681138,4
15600032646,19
15883293514,10
14883243071,15
15787484802,10
15829299302,16
15803579815,16
15362309462,2
15922876488,4
15181436431,18
16000595447,4
14743892549,3
15764871414,7
15524833727,8
14821463063,18
14431696748,2
15741013015,8
14451608459,5
15174069669,18
14185976214,11
15430156376,3
15311224456,10
15764883043,15
15589907748,8
15706176813,10
14208737004,4
14100588871,4
13582317695,0
14143911317,4
15589368477,1
15888703375,14
14155575204,2
14464156441,10
15929543063,10
14490815286,14
15846364062,14
14093383294,7
14807238733,10
15985909092,16
14180691201,2
14093888984,3
15679554616,15
14129934950,2
15711797985,3
13789792764,15
15802587700,10
15823693823,14
14428480932,18
15634069351,1
15564758191,2
15818310800,3
13845755138,4
15912246254,16
16034886535,0
14198582662,7
15592660248,18
15704150740,7
16011503528,7
15130882789,10
15907133936,15
14485290783,8
14224326415,10
15742275177,3
15389586951,4
15611782276,4
13805458073,4
15276536975,3
15359468131,8
14063362117,6
15916920074,14
14131854501,18
15823131825,4
15980544473,8
14978554745,10
15586871380,10
15616811472,2
14701816574,0
14426729429,0
15615449019,10
14333257368,10
15426182344,2
15677183230,14
14103632475,18
16008471893,10
15868532844,15
15905737793,10
15523950180,11
15994144338,10
15716754833,13
14752160842,4
15883618343,10
15278761903,15
16011768693,0
14904598424,10
13987049008,16
15805385915,0
14550539240,16
16001685951,15
15719289810,14
13976745436,10
15369928202,18
15888062376,1
14385832881,3
15786509312,17
15660449438,6
15508314336,10
14988012008,15
15973061878,2
14174661038,4
14148279128,19
15974403401,9
15967043277,0
15903540640,3
15831092880,14
15813873953,1
14151191884,10
15760191619,12
15994349353,2
14373980581,13
15533851168,2
14357392835,3
14140487138,14
15729856748,16
15674192043,16
15702725856,14
15801196761,19
15169406201,2
15921934467,16
14381208289,16
14119301380,10
13851594768,12
14207907511,14
14485600655,9
15790154928,4
15956539919,18
14898278631,4
15696908755,1
15234012620,2
15588429583,13
15304792627,7
15478209272,14
14567704519,13
15665501013,7
15212215156,7
15266099907,5
15832286544,0
14020548625,16
14121022683,14
15007440105,0
13582318284,10
14187627858,10
15789973735,14
15790914450,4
14896208832,15
14552968384,0
15606125767,7
15609695631,0
14169512825,16
16026004837,16
15460323290,7
15912040833,18
15991985067,0
14938514123,16
15458940567,3
14453317272,8
15563286165,7
15284746373,18
15259916487,14
15748402452,13
15868057775,3
14899748019,3
15996253654,7
14023596836,18
15769676395,16
14424124100,18
15971858518,2
14202880851,14
14274393857,18
14044081568,15
14931484982,16
15351154265,14
15948394776,0
15620030077,13
15099161174,14
15980321774,2
15836879303,0
14112135314,14
14185587137,18
14472133058,4
15878750693,4
15196606534,9
14406399702,19
14070167713,2
15704834552,9
15961987160,7
14719431567,3
14198983144,7
15958291768,15
14473367560,19
15834720334,0
15751692319,18
15985974983,0
15600478669,2
15816979477,10
14228481999,8
15640934153,3
15981580232,2
15765351592,14
14846840278,6
14494139420,14
15871300014,15
14420636351,14
15745748773,18
14790758688,7
14494870488,14
15894138075,10
13873909617,14
15643325841,7
16025233443,15
15954672555,15
14227634594,2
14489700399,18
15011504086,12
15886574913,16
15073091071,4
14229318647,16
15702183866,11
14192926197,18
15553716905,16
15832123230,1
14169555127,9
14481925687,0
15856883598,3
14146191005,16
15762220509,9
15864116306,16
15985159248,3
14166991663,0
15157642023,18
15613428148,18
14484689276,7
15450644687,18
14446797131,2
14191255943,2
15784653933,2
14281546254,19
15415877176,2
15822638458,0
14798629947,17
15821120593,7
15842509180,16
15739659959,14
14197894527,15
15000284287,12
16014811931,10
14150271747,10
15822259058,18
15870955110,18
15905190287,4
15666993286,8
15870883491,18
15303374691,8
15876715307,18
14382831823,14
15666500417,16
15756623271,3
15983730268,3
14853390772,18
14330389442,2
15815643864,19
14130836852,14
15979651917,19
14415921685,9
14278344187,13
15673670175,10
15521241361,0
15740559801,4
14941268452,10
15627071746,9
15629646843,15
14896656667,18
14208339553,0
15913487885,0
14755780297,4
14945687429,14
15985365533,0
15954747787,19
15736252871,14
15850717681,10
15527101542,9
15988969340,14
15714547481,10
15432679790,2
15437033853,0
15481697365,9
14212636850,2
15634791647,0
14219653855,7
15784044292,19
15828043546,19
14222076378,14
15573155919,8
15965782765,19
15196889870,7
16008783637,2
16015308999,16
15821759320,16
15732661693,18
14940486471,10
15670518244,19
15869133110,18
15974403430,0
15964653919,3
15726985134,14
14132221726,10
14192535818,2
14083862019,1
15909845390,10
15782372608,0
15962766264,16
15359187950,18
14224845095,0
15524019642,18
16007339913,14
14971823690,18
16026976553,10
15860273394,3
15694621145,3
15407902085,7
15984829162,8
15953599165,9
15594182252,13
14147687999,2
15665538615,7
15846747065,16
14149085777,19
14427027323,1
15881266016,16
14233593604,18
15650855746,16
15608462364,0
14447806191,17
15819014651,13
15560366706,4
14193615050,14
13886843613,8
14458652388,18
15716449529,8
15754929790,10
14471302631,2
15620025720,2
15623855973,14
15544166760,8
15434678978,10
15917571052,14
16018414440,12
15760850680,3
15716552768,9
13786518779,0
15394677554,2
15734138091,15
14172047840,0
14376460093,0
14819871646,8
16012256585,13
14204095669,3
16031256543,7
14213815843,16
15580113341,10
15991143751,18
14400586951,12
15970138552,0
15589686809,3
15697776322,14
14177370151,10
15831638998,14
16010009168,9
14209269656,0
15802912549,0
14752175909,15
14196004534,2
14919766372,7
14942746944,3
15801349991,15
16015899028,16
14186891687,0
14160737077,16
15999934199,9
15598983800,10
15829176447,10
15726617874,10
14896559589,0
15790833425,12
14029271163,4
15799596880,4
14189922335,0
15228921192,9
14108892189,14
15361516643,17
14272737081,0
15772639945,4
14351805876,4
15913314255,14
15964555554,0
14342820359,2
14394554109,0
15245562875,12
14445067094,15
16022505641,15
14176589853,0
15996131723,16
15697546503,1
15817519894,8
14036602494,13
15768800960,14
15606915307,14
14051769014,14
14050597278,4
15811516675,19
14345574612,4
15492534971,19
15905512973,5
14401105994,14
14582768647,9
14403314502,14
14168389446,3
14119376213,16
14485610219,13
14229835528,4
15601912605,14
15775143393,16
14273638383,0
15902851394,0
15382665623,15
15463035397,18
15568064638,2
15609184962,14
15590213202,18
14112680425,0
14493119821,17
15937624635,19
15448867868,19
16028306951,3
15603468319,14
15922179236,2
15306084337,2
15100614326,3
14145219176,13
15733231002,16
15980682449,19
14166910664,7
15266124444,16
15948327672,4
14137241320,13
14764005310,14
14206318129,9
15386607292,15
14233638169,16
15649088230,18
16012647606,16
15916015261,2
15121985927,14
15689037109,10
15730425184,16
14687533110,14
15901784059,12
15060275233,10
14282380264,18
15976542350,4
14138101806,18
14459217888,13
15852575085,16
15388457657,15
14428770203,16
15753525260,16
15770291402,2
15342187651,1
16001523206,18
15081160085,19
15590982173,12
15797360624,6
15950149496,12
14086800725,16
15970344425,2
14094322644,8
14422843010,6
14350737012,16
15974328540,9
15590286801,8
15782454952,15
15594201851,19
14006185274,16
15806055381,5
15723912195,10
14112823151,7
15087109786,15
14181947977,2
14435573045,0
14136301536,10
15443651238,10
15941187600,16
15944722063,16
14420364864,4
15280656417,16
15992726762,10
15949325678,13
14473297338,2
15832039105,18
15690658360,18
15929182546,3
15903535235,18
15621275130,18
15833043472,14
14824746618,10
15036779119,16
15968288727,0
15131280083,16
15246445894,16
15603643385,4
14856093598,14
15982698051,16
15922422127,16
14141723889,3
15484876511,14
15355505840,18
14165702899,7
14934763294,16
15704740218,18
15568512209,3
15525922573,10
15883617407,10
15801321288,6
15802130392,2
15768072436,0
14031696672,18
15519901133,16
14366005889,5
15918700811,4
14190070148,4
15919692076,16
15401353268,0
14873625734,0
15481555480,9
14141138702,16
15945605600,16
14043853892,18
14164066798,2
15445493107,16
15386607334,18
14128158903,16
15455710803,2
15630589770,18
15551465779,19
15772002441,4
15440332862,17
15985940622,10
15667396404,10
15731937515,18
15212600397,14
16023993246,12
14151592835,16
15590585027,3
15892370951,19
14130103423,13
15852292734,2
15461016054,16
15741129291,0
14140337631,18
15918382185,3
14439227979,13
15775906543,18
15481546922,10
14199374605,14
15824672815,2
14098354366,14
15741915331,2
14415257589,17
15724950022,12
15990506743,7
15830806155,18
15777355317,7
15255409920,19
14083960912,16
16006322184,12
15968959623,6
14491720802,0
14133526978,18
14448294693,10
14089659580,16
14921303268,0
15456396168,2
15030216465,2
15391067305,14
15625920902,0
14138640628,9
15803721885,14
14354822859,9
15736797162,13
14228743396,14
15995991956,14
15981301038,8
15407623260,2
15222363125,9
15660466580,14
14019404763,13
15774899925,2
15537313641,4
15885064383,14
15822601765,2
15572851884,4
15955047329,10
15985835927,8
15474797990,16
15737554783,15
15764929536,16
15561573647,2
15361567545,17
14668944071,15
14157007423,14
15187957079,7
15606691931,10
15627709930,10
15759173946,0
15635107773,19
14217758297,2
15944124410,16
14471105705,9
15774403219,15
14180457334,3
15916749366,14
15427984340,0
16004702955,18
15184114040,0
13716215586,18
14238993279,18
14244187968,14
15774283981,7
15734101079,16
14187102201,16
15096418119,14
14492745954,19
15880964520,0
15493854227,16
15978069322,18
14272407789,19
15829099797,19
15790479795,17
15824755742,8
15242188921,14
14108570969,9
15918673921,5
15318667790,3
15936866517,7
14345033840,7
15921173189,3
14140233861,6
15824713702,7
14154355817,3
15770811988,3
15927413820,19
15267438935,18
14165719510,9
14416644121,18
14351806079,4
14792630725,18
15794228810,19
14210585909,15
16024392676,18
16033041599,0
14966393917,14
14424123942,9
15735437196,8
15974971758,16
15870955190,8
13823546824,16
15696709288,18
15106540068,14
15934097777,10
15920413484,10
15831488356,3
14229565484,16
15709161364,4
15068187863,1
14771580308,7
13832361646,14
15726023465,18
15581011114,14
15121737560,18
14471277660,12
14470476234,14
15729701948,16
15829857239,14
15605314154,4
14160615925,15
15513678898,10
15697534199,2
15730470723,16
15767992473,19
15740524349,19
15979736023,3
15927380258,7
14129190580,14
16023025771,3
15893371433,17
15766426141,13
15421003412,4
15266381000,19
15712071377,14
14196864369,18
15725455293,9
14225093965,0
15960095729,3
15358784757,2
15877177244,14
14252590306,12
15570125783,12
16007666331,19
15799120365,18
15371139974,0
15820129324,7
15427217973,14
16032953185,4
14380270807,8
15892394703,8
14152474425,2
14212558534,4
15544181255,1
14071955998,18
14471314558,0
15801146439,18
15912731941,18
14249281782,0
15768696257,0
14470905159,15
15829511736,16
14493121012,8
15356692033,15
15821904724,9
14136146227,8
14132293779,11
15097115167,19
15231277975,15
16013249202,0
15773102495,2
16029661307,2
15219194849,16
15975937304,19
15134251960,18
15669804047,18
15889364675,1
15991005891,0
15815582621,11
15951105051,14
14208557527,16
15812487597,10
14166742561,13
14989454722,10
14420521544,7
15999284864,19
14450876296,8
15874935320,16
14168788110,10
15664672884,10
15799027029,0
14973171837,7
15798178136,15
15089334515,10
13614650277,16
14174588036,18
14002342293,18
14916167747,8
15613738991,0
14168788126,15
13898491874,18
14825223400,0
15109946134,19
15580240462,18
15253324501,19
13982018786,10
15895328832,2
15906808319,18
15833366516,1
15595719495,10
15803574648,14
14202126132,0
14010239055,10
15976658439,15
13907574317,16
15764332080,18
15587752113,19
15882129488,14
14072202767,3
15869362139,0
14030717442,2
15733346403,19
15106656492,9
15670499208,5
15928393830,12
15675500483,3
14306540221,16
14424707277,0
15984795579,0
15920331692,4
14472321777,19
13806568901,19
14042174806,3
15269772138,9
16005701032,14
14212489993,10
15625949868,19
15537553569,0
14791662703,18
15555144035,7
16013881096,9
14136922985,10
15304411821,2
15897858712,19
15720117579,18
15832192648,0
14142817094,10
14201741965,16
15230771057,16
13938196049,18
15327431829,9
14813750725,5
13973333547,13
14440806263,3
14108892195,14
14381989213,18
15782399445,18
15734186105,16
14217605138,3
15103816985,10
15407388823,15
16011930058,18
14466123089,15
13945920188,2
16028541236,15
14158419130,10
14095311694,3
15586871946,19
15878956254,7
14655067321,0
15999940347,3
14131175549,12
15683295185,10
14109309136,14
16032629984,4
15714405628,11
15591037484,14
14380278466,0
14981051582,10
14148993753,10
14394488529,13
15802818647,15
15620992649,13
14164967228,18
15728499725,3
14416683715,0
15817404500,6
15987907958,19
15759461810,5
15580359701,18
15093434066,8
15990676020,19
15934501645,10
15745723685,11
15851592118,14
15097735651,15
15908972882,0
14199116061,0
15902144345,3
15828168579,13
15975404645,13
15276453689,13
15577112233,3
15777371091,14
15664047606,10
15388154054,7
15879765480,0
13889170986,1
15681787366,6
14098240885,16
15875843055,14
14085803317,12
15798492183,16
14478410688,0
15818243567,7
14656922676,15
15767931395,0
15661221916,6
14121884391,16
14104517131,9
14215697714,3
15736303574,14
14158590531,10
15999639989,16
15972339115,18
15732094925,10
15888464806,19
15258558719,16
13840693565,1
15367019452,1
15955314786,16
15577146295,3
15349886955,16
15921289237,0
15135970573,18
13753474053,4
15346460843,16
15278131051,12
14139063786,13
15733364523,14
14396153011,8
15746090666,16
14192275322,4
15688782214,0
15479630496,18
14680264467,7
14438700519,18
15102142115,8
15592565870,16
15939035109,1
15715555552,19
16027498266,15
14594246425,15
14205749388,12
14228213993,10
15696909295,13
15521291880,0
15821389294,7
15270097924,19
15902144197,1
14113679026,12
15277171115,16
15931533011,19
14322071536,11
14249044648,19
16015908812,14
14771572843,3
14155526774,15
15923674036,16
15397736830,12
15483419449,2
14909028945,18
14679347981,2
15870882486,10
15904219124,9
15814935467,7
14220893879,16
14897890800,10
15224805420,14
14217271778,6
15953347376,18
14480054491,2
15871832901,3
15600519011,0
14133672379,19
14185363311,14
13988015423,14
15767819375,11
15701847167,6
15917807464,0
14167438925,18
15580240481,18
14384784072,14
15775951894,18
15837996934,10
15785387740,6
15351955377,19
14212371811,14
14484589127,2
16004601325,0
14971353244,8
15732415798,14
14064271484,16
15767819022,18
15608938377,12
14663674961,14
15077703104,18
16032874225,0
15724342484,16
14556827286,3
15989514873,13
15466368732,0
15641725607,2
14209158665,18
14120548057,3
16012420221,7
15865728427,19
15739252036,1
15983515809,4
14144730051,16
13944452066,0
14147415319,12
15982801031,16
14463513533,4
14276104038,0
15082145250,9
15944811408,16
15658577633,9
15766118692,0
15803530689,14
15351507062,12
15912043228,0
15530553686,1
15572748530,3
15833387813,0
15083653223,16
14054706188,18
14826002210,8
15782354532,16
14190530305,3
15728040769,4
14491710142,1
15700041757,3
14131473146,16
15931360119,19
14202230157,1
16024798326,14
15646577984,19
15976783063,16
14207747303,19
15893356229,18
14200012929,0
15918778625,3
14237372258,13
13741960408,14
14101173625,8
15889082304,10
13904326982,15
14830455699,0
14271647605,0
14156473819,19
14290654918,14
14188686067,10
15782371380,14
15765082851,0
15542562929,4
15193923834,14
15752647284,7
15636858250,0
15821200066,0
15135897382,13
15881357369,14
14490440040,4
15733326932,14
15797919925,11
15605449662,10
15899819310,14
15314289272,10
15972304070,10
14351715460,12
14116135709,14
14491808748,2
14101743182,14
14282722440,0
15842308225,10
15938648034,7
13971438079,10
15704753984,4
14400222493,18
15791646534,15
14218804427,12
15847901210,14
15325561177,14
14159079077,13
14481660715,12
15940202008,16
15733495695,0
15844579318,2
15908228986,7
15786728535,14
14483179507,19
15986859355,18
15995563325,16
14468822452,15
15523282053,0
15341774476,18
14530869212,7
14493259444,8
14495146104,19
15142613973,7
15883295943,0
14470926405,10
14837985416,3
15267884831,3
15970303409,17
15976921361,4
15693168157,18
15956798470,3
14480646462,18
14923571577,8
15347619549,10
15388648436,7
15363181917,16
15638751667,18
14216796448,19
15809544622,16
15688501537,3
15981776936,5
15630351196,3
14258581745,7
15439511209,14
14229611385,10
15574207968,5
14494624956,9
14198967588,9
15740065773,16
15671920840,19
15720486131,3
15132368320,16
14514627385,8
14138817091,16
14301868581,14
15713838132,7
15800765903,19
15797209901,10
13976949936,3
15782859262,5
15802719040,18
15819635927,2
15328930407,18
15684851273,16
15318918536,10
14148586743,18
14351712918,13
15885189949,10
14903462478,10
14879579919,15
14445028371,7
14340129564,15
13905675104,19
15837519128,16
15684770163,7
15183033588,14
14207054935,4
14136517863,12
13809214919,13
15465239533,2
14301868526,13
15605414206,3
15980371477,16
14014172438,8
15272144145,14
14732427136,0
15765051026,13
14256939196,18
15835778662,19
15891063366,15
15781128661,2
14032858121,19
14994516379,0
14283985378,18
15621667192,16
15538609943,10
15536613874,3
14153055988,16
14156683177,16
15903404182,9
15974936116,8
15251231530,0
14424668907,14
15907621525,7
15604891573,3
14486119426,9
14483708932,8
15925932618,0
15394135932,8
15559231302,18
14973883151,14
14555913057,4
13839133420,12
15908160713,0
15677466268,0
15824713738,4
15189915850,2
15987007763,8
14407645422,18
15635430217,12
15990014781,18
15998142563,12
15847830860,14
15896673981,14
14118281218,0
15890427643,6
15976152815,7
15246517561,0
14493624506,10
16025461163,6
16007354199,15
15777297854,18
14474209580,9
14126710881,19
15385456572,19
15712598953,8
15770591189,18
15073845676,14
15938822113,11
16026611430,14
15996518409,0
15323922213,2
15970354035,3
15509614879,4
14492958272,8
15383157181,0
16032856521,0
15220268134,19
14458912447,19
14110723287,0
15939471008,3
15291006085,2
16011383329,7
13998673799,12
14933110648,5
15807457023,8
15696742205,13
14343972470,7
15994465847,0
14227422693,6
14166195110,19
15726698149,9
14248135670,0
14147563962,10
15574966282,15
15870081302,0
15228792896,14
14705545096,1
14493876018,7
15533329012,12
15589645348,13
15623402627,16
15813297066,2
14633133890,18
16029783340,10
15943734414,17
14114583833,0
15608045189,0
14143968898,7
14138924826,19
15868418324,0
16002061019,4
15979608260,9
15800866381,19
15399416893,10
15732447425,10
15413861362,0
15688679939,10
15802236577,1
15441704954,8
15939027915,19
14990096580,14
15215810941,14
15417665134,4
14453244918,13
15836053278,14
15780372218,18
15189911149,19
15987007304,3
13983228435,19
15305487094,8
14458910345,12
14398984019,2
15848475874,10
14226944758,0
15894656551,14
15270877907,10
15361312790,10
15558047660,18
15819493267,8
14102131238,6
14427191036,16
14469743411,10
14007553958,13
14081595857,18
14087224765,14
14484692424,4
14238616193,10
14136929338,19
15278586881,2
14478214399,15
13990675063,16
15938822993,3
15715752861,4
14463172084,11
15621453197,18
15318488556,15
15138474314,4
14977144540,14
15893835599,7
15355853400,15
14903061402,18
15111241767,3
16000093841,7
15912576914,14
15908690290,0
14939364586,14
14372672507,0
14183965010,11
15970904279,14
14025803062,2
14307977490,8
13755894913,14
15559938397,0
15711700226,3
15554279858,4
15694405792,6
15729462717,18
15902777853,2
15999924702,10
14178626289,4
15959185631,16
15005098632,15
14487281737,3
15220857468,7
14222015141,10
15331932781,10
15713416354,16
14200073896,14
15955910990,7
16023033200,15
15449026863,0
15382250953,16
15982988685,14
15510128670,7
15707677797,14
15887284313,16
16009195873,16
15420622816,18
14144626441,14
14065959311,9
14213662033,14
15894428803,2
15602903627,8
15909534444,19
15773776873,7
15520580250,18
14972977274,18
14490750069,1
15092777364,4
15860273380,10
15947487353,16
15893215817,14
14140381595,14
15993759926,18
15833204990,16
14263487915,15
14356309446,16
15980574004,18
14222509419,18
14409899292,2
15934211681,1
15786508609,10
15832932824,14
15878001746,7
15903869395,16
15984648844,0
14241663653,19
15980101459,16
14147015621,1
15527949368,3
15677739204,0
15456055634,0
14179750019,2
16003303676,1
14159410002,7
15237633427,16
14166802779,14
14184474089,19
15891713206,14
14201252624,13
15624702837,1
15879292052,9
15076832591,15
15760920450,9
16022709978,4
14140194036,14
15231305217,13
14164216445,18
15786220136,9
13984562109,7
15195348526,2
15988641597,8
15745950761,3
15718397535,16
15103122588,9
15815777207,19
15728379630,10
16016667191,9
15991142920,11
14383350536,9
15937675486,0
15904654078,15
14184707427,14
16001212270,3
15934216676,12
15464438491,18
15529764141,18
15372222780,19
14164503775,19
15572978398,16
15911363278,13
14154790785,10
14188770402,0
15283427559,2
15936610276,9
15703966625,0
14193224430,3
13909719410,7
14040060976,16
15995324164,4
15710477669,4
14418662892,19
15498203480,2
16023059238,16
14157378820,15
14144916462,3
15819675637,18
15765214194,6
14913408303,4
15425950036,10
15965083092,14
15706033698,3
16008601876,14
14344172122,0
15720267585,3
15784551311,14
15919163275,18
15805954691,16
15924185209,10
14233565159,19
15304699975,18
15535326177,18
15725231180,14
15132291167,13
15553827774,17
15758142040,16
15440922880,10
15896922355,10
15573770745,7
15946893876,7
14065929349,8
15186813593,16
15427217930,9
15386065265,2
14424124474,17
14420307391,18
15681352014,14
13975575379,8
14090196133,14
14322656461,19
14209547227,16
15998925076,1
14118125765,16
15341581882,8
15560963078,0
15817192839,10
14517348646,19
15338219887,18
15870376872,2
15926476415,14
15708068125,19
15204257766,15
15981614236,16
14684735279,6
14821518639,4
15418279614,10
14187853382,14
14745543001,13
14195579419,16
15104764866,19
15715303384,3
14880813733,14
14453144409,14
15524010054,0
14890590504,18
15774522741,10
14120390552,6
14470338127,3
15315466961,14
15746934485,2
13881828086,0
15922868156,18
14192705606,9
14601698719,3
15602015272,7
15936501671,2
15772344924,0
15791844075,16
15907895414,10
14065359940,3
15681397610,19
15753392381,15
15927527775,16
14994205527,0
14043659366,16
14923737677,3
14225769207,16
15743332805,10
14459407528,18
14394993846,16
16028918096,0
15490580571,16
14079497577,19
15334267663,15
15355138521,0
15586061890,4
14167195604,19
14129528670,19
15573054757,16
15956017774,14
15086674292,13
15702055359,10
14677290126,0
14136055429,17
14227002120,4
15093384535,16
15983780660,14
15498263319,16
16023318001,16
15956485803,4
16034896120,17
15235972236,18
14002131233,4
15229604189,12
15242856348,7
15505419630,19
15370038102,16
15831557523,14
15825552884,16
15511775604,13
15163014418,2
15232273987,14
14140482942,12
15742227621,16
14343795371,17
14476201059,13
14474982677,9
15767121937,0
15746211649,3
15765716224,0
15532836410,10
16002370783,16
14466797112,16
15402608417,17
14343972556,13
15772984002,10
16007389663,15
15253583277,14
15634872189,3
14450509074,0
16027114754,14
15802618790,14
15728596291,18
15925185751,7
14142760960,14
14244831231,3
14351231976,2
16014016332,13
15768226409,11
14187165062,8
14238279594,4
14881205137,16
15986556102,12
15699810426,14
16010872062,2
15787139303,4
15870810850,19
14142174874,2
15698880930,9
14173899725,19
15999643863,13
14274451982,18
14289542761,10
15896695088,1
15732340911,2
15505276976,8
15411843308,16
15512466913,19
14156356275,14
13918553375,16
15874356951,18
14216734959,8
15777931274,14
14639395995,16
14209126830,3
15995273785,2
14484118781,8
16009088025,18
15538515331,7
14561130952,14
16013960924,4
14478118685,19
14977789617,16
15796023681,7
14364809282,9
15389557362,8
14160158433,19
16022690475,14
15090246494,15
15974919705,15
14185319379,2
15874315991,10
16012362753,10
13914922813,8
15839011117,18
15771504879,14
16018406825,14
15595837910,14
15389788663,14
15077394027,13
15716252046,7
15725581930,15
15801281354,18
15915266329,7
14068368043,14
14424611628,10
15781452788,12
14854445437,14
14872383874,2
16017632210,7
15215074121,7
15861770597,6
16004502739,14
14347767482,19
15590980014,8
14040480824,3
14932162041,18
14184516746,2
15925679942,18
14854432216,16
15689381334,4
14617780048,8
15731601128,14
14199060303,14
14023595083,12
14262798163,8
15517874994,0
15188330433,2
15403404492,2
15392768678,16
14472195428,1
15730780405,2
15912129511,2
15881368079,4
15468787284,9
15583453312,10
16011191084,19
14489294349,3
15110876857,0
15510205787,18
15714933224,15
15895068462,19
15992596209,10
15585342180,14
15791735754,0
15837997229,7
14364280235,1
15978045399,14
15229636389,7
14126786411,18
14440906209,0
15137475032,16
14797624568,0
15511649551,17
15819477556,7
15120143795,16
15879374880,18
15246425706,12
15802592873,3
15741703243,4
15970882166,3
14937292802,16
13699856170,14
15702342420,3
14148807134,14
15859143267,16
15848185565,15
15202303722,14
15482587523,9
15955292349,7
13848875452,14
16013237101,15
14453769802,0
14310001575,0
15862792967,14
16025966774,16
15774266600,18
15724073484,11
15929295050,15
14411405515,2
15117256810,18
15969039372,3
14078217994,12
15623097116,2
14495718101,3
13843407668,16
16033434307,10
15259996246,15
15812180167,8
13760354827,18
15869083628,14
15942340189,1
15786250812,14
14573259077,14
14108448365,7
15747164018,13
15132756194,16
15975549892,3
15842971271,14
15928059956,2
15684051315,0
14234698309,19
16023369460,14
14484698615,4
14049676951,15
14351330799,7
15996726181,0
15830777440,14
14240497383,4
15726930454,10
15069020426,0
15841139647,16
15622940084,16
15908629595,3
16010944552,7
15942629996,10
13980991535,3
15366274036,10
15821955223,1
15820469607,5
15496480240,14
15740719728,10
15701808093,7
14168226053,14
15784739455,14
14467700284,19
14819830504,7
14191332442,0
15924410460,14
14359222611,6
15693567595,12
14442597877,13
14217586827,3
15738460474,2
15998764771,16
15590136677,18
15783020436,12
14167856670,7
14488679573,1
15508811948,0
15962198307,11
14103617212,2
15909885556,10
14104767508,10
14359229220,1
15100119346,12
15974909609,0
15967099575,0
15964529075,0
15754754339,7
14140003941,18
15785057269,8
14170291012,14
14142667425,19
14909048897,18
14478710854,2
16018885480,14
14464035442,2
15407596229,0
13354912369,8
13814099500,13
15846441282,19
15390651009,7
14257231722,4
15838209607,17
15932632461,8
15934308963,16
13955873151,19
15734371029,8
15836884798,15
15978472447,16
15770272937,16
15092569487,16
14137293586,18
16003304527,9
15598528557,14
14934003956,12
15858615017,1
15322787353,0
14166271902,10
15797496803,0
15195668058,3
15598704915,19
15665455527,15
14395862964,0
14146492462,8
15799617683,19
15247481796,15
15149926651,10
14480420005,0
14202672676,1
15946790267,9
15352625766,13
14031928829,4
16031706766,15
15604686664,1
15809551625,12
14103521942,14
15428941080,10
15879472495,3
14377170190,8
14947317550,4
15269812492,16
14239338674,19
15786052991,10
14129405592,15
16033034836,4
14488488115,7
14554563989,14
14215076380,15
14445854551,13
13989951102,13
15028534172,16
15801652503,0
15806053552,7
15941345159,2
14257595819,8
15683273589,0
15703957212,10
15785396368,13
15016702651,18
14854422125,10
15702160958,14
15555271960,14
15941344321,10
15725159504,3
14736015003,2
14673865941,7
15694198735,14
15691361890,12
14395140488,5
14941453009,11
13986105436,16
15546045562,9
15935208451,1
15824932514,15
15886234439,14
15149928184,10
15796784471,15
14648402056,0
15231816532,2
15891121681,14
15850595764,14
15885617944,2
14170550425,4
15329400773,7
13981250326,8
14280550494,7
15834246060,16
15161145041,14
14172347126,3
15675229899,19
15692637264,16
14144611521,10
15912199534,14
15985366096,3
14146678180,16
14115353583,14
14207820422,10
15921602073,10
14210645491,18
15752218815,16
14188840699,4
14433076508,6
14153127086,3
15753522285,11
15134379720,0
15824364656,4
15951570516,14
14989901164,16
14359359580,13
14124280845,10
15781920687,1
14933143590,1
15514350161,16
15729680135,1
15278241213,1
15891213320,10
15973226656,18
15099937205,4
15937305418,14
15499353512,8
15637315390,13
15679146569,5
15952455828,0
15750551491,19
15525187152,4
15825822688,4
15297320582,19
15342069867,9
14211229264,15
15800574591,4
14869136035,0
15913577462,3
15776926503,0
15442192691,10
14890784334,13
15898928010,12
15511346277,3
15917444543,12
14142807111,14
14188811173,0
15807776009,2
15880792262,16
15712054497,2
15998908828,0
15691404655,0
14155535809,16
13753802676,10
14207743990,8
15619540411,12
15130750391,0
13563114886,19
15780851933,16
15589880395,0
15932118451,16
14249222867,10
15927638285,19
15762642696,1
15920105084,18
14721864697,10
15946281742,7
15893545365,10
15521279374,1
15739888941,14
15791143646,0
15299844951,10
14931092106,12
15793259573,10
14196728229,1
15727515345,5
14144401926,3
15699776168,18
15998963803,0
15389418515,0
14163229710,14
15894882019,13
15784595200,10
15722338706,7
15803711102,7
15984358519,9
15448010565,10
15401419817,14
13929571965,7
15913128005,12
15699499436,18
14256970354,19
15966259386,18
15587339716,16
15554702946,19
15417554150,14
15989581148,2
15493799163,18
13759778651,4
14160236670,16
16023936018,1
15592278808,2
14753007178,14
14142820832,0
14226776072,13
15219662757,0
14149210581,4
14111603820,10
14140185289,13
14975136411,16
15758281823,10
14148983805,0
15998214683,15
15852111648,9
15455778057,9
16024989348,14
15579555281,18
15521936320,0
15929427547,19
15975979090,10
14209816073,16
15906748028,0
15392729478,0
15807437306,3
15009499962,18
14210645761,0
14473245138,19
14329472045,12
15796019450,16
15772180266,14
15405626680,18
14789045138,0
15930355248,2
14215765048,13
14597732187,14
14263016170,15
15825802872,14
15319693378,6
14175721288,4
15434422547,14
14445067091,15
15913870410,14
14599943393,16
14227805466,10
14033994799,0
15992826732,0
15667647693,3
15894297479,14
15939028811,19
15714158271,19
13974682490,2
15555842160,7
15780419043,0
15106950936,2
15279480021,16
15269422562,18
15671773775,16
14571120906,0
15740821118,14
15898016007,14
14079109892,19
14121979633,0
14412032413,10
14198177737,2
14136074787,0
15800712303,6
15796148277,2
14139880255,18
15534680598,16
15784614145,16
15356825181,5
15188986250,7
14215829850,1
14476200002,9
14166271703,3
15302399710,14
15757432735,14
15790899091,15
14385242902,1
14192914355,14
14374927723,13
15260809965,5
15926486363,16
14168999310,14
16000208454,3
15990506756,0
14333489303,0
15610592945,19
14912385665,13
14195780002,16
14127394225,2
15677486538,1
15798862115,2
14955412061,8
14364907885,4
15215221047,18
15945625015,18
14156369713,10
15908507843,3
14147414456,9
15887880910,7
15594376409,16
15798779262,14
15787890707,2
15987919804,14
15841628000,12
14148551596,7
15487443677,10
15129042805,16
16013972969,16
14142901244,0
15718353723,0
15399050540,16
15935220184,0
15407885596,10
15672303226,4
15808518986,0
15911155267,14
15604425690,16
14835370066,15
14451495479,9
15975947944,0
15949628815,0
13999821626,7
15995921596,18
14158185211,2
15754129005,14
14263819820,8
13820461950,5
15821308419,14
15212488095,0
14140090252,4
14164008483,10
14101866433,16
13834985852,0
16014380466,4
14319554767,16
15922770270,15
15481643384,19
15787316233,13
14175809908,7
15572482322,14
14218226918,0
14440649108,0
16009487805,10
15443198398,12
15445001627,10
15600541592,18
15825659844,0
14156280319,8
15824720363,18
14351589993,5
15767587898,16
15818496941,14
15567635279,16
15503476065,4
15906510963,16
15621821646,2
15557156907,9
14225626472,14
15934403644,1
15621288228,10
15281879432,0
15992201100,7
15712638139,7
15721736345,16
15564221566,14
15878362960,9
14214091453,14
15593495514,19
14905151184,7
15584629518,10
15506727875,16
16009654391,3
15061104702,13
15543523864,18
16001365079,14
14448578794,19
14603593124,8
13998811868,11
15738967902,16
15559425349,14
15465239869,14
14062531541,14
14156057663,3
15603772289,0
16019129703,15
15491804384,2
16027436559,15
15934097963,3
15875627534,16
14679849669,3
15775156844,3
15809390774,3
14473002042,18
15876628132,3
15521452603,12
14443711707,15
15933318435,19
15894474527,13
15894481201,12
15725402522,1
15220008068,8
15779446204,10
15366904578,8
14094774933,12
15970538296,15
14212488656,0
15834903742,19
15688702260,16
15894472859,13
14369121200,2
14354668478,10
15970819604,16
16024989668,14
15104824110,9
14432842217,3
15696726478,0
14379690878,13
15219084938,14
15265901707,14
14160082660,4
14228297817,10
14199866621,6
14029273308,0
15833079871,9
14125575224,18
15390931512,9
15092569388,16
14072577943,13
15943363333,4
14459451809,14
14181820704,1
15825279032,14
15544173089,16
15369584400,15
15813308453,2
14130800222,3
14439387273,16
14238962625,14
15731443466,14
15992578230,19
15993370065,16
16027077949,8
15504404894,5
15799969511,16
15760117964,0
15343057458,10
15935949732,9
15949654251,17
16004293655,14
14202555776,0
15969618761,14
15498079494,2
15691631129,3
15230208663,14
15420579962,18
15401451812,0
14199010557,16
15796274022,8
14465699645,15
15947126202,19
14476999578,14
15799561993,7
15151514067,7
14489773664,3
15890060268,4
15392664656,16
15571400577,4
15765851032,10
15748354564,13
14169577535,16
15737643481,11
15952764244,0
15695699553,15
14403679249,16
15969575528,16
15862186313,16
14750587540,16
15997785366,16
16024910668,15
15650874623,0
14199534173,10
15786294157,16
15542986925,10
14213065047,14
14853390449,7
15932375019,19
16016294882,4
15810837448,18
14464582464,19
14124176899,0
16001376303,13
15920755746,0
14390448751,18
15802062192,18
15789704876,0
15876483690,18
15793525104,2
15879664438,10
15345871429,14
13770163487,7
14276846731,10
15743405577,4
14250410813,19
14147029013,16
15908229499,10
14274156661,9
15939990330,16
15296340639,13
16000648018,4
13956079571,15
14222129470,14
14087575565,16
15749819088,14
15523339928,2
14197316380,6
15586464345,18
15913920597,7
15703139143,10
15625937572,3
15683823462,14
15831517242,4
15919075619,10
14936073389,10
14144251446,0
14667874738,13
14187969654,8
15799828592,5
14150214626,16
15935392725,15
15791590490,4
14037721006,12
15367217657,16
15859448960,15
15699955129,9
15493803746,4
15836441098,16
15317895112,16
15483421570,15
15883626330,16
15297854183,16
15848999730,7
13933610713,2
15926263999,8
14131215433,14
15828562290,4
15721036320,13
14241633337,2
15762073723,4
15578232469,16
14160481089,19
15935641571,16
14156296763,16
15435779566,14
14410827336,14
15520872204,10
15923106964,0
14035285727,2
15786310169,13
15081565879,8
15815171684,3
15599635938,8
14252505715,4
15686999072,10
14675764231,0
15736279963,14
14489929769,10
15545251555,15
15739417174,18
16026240551,18
15708188874,14
15896624303,14
14119966833,0
15847162918,14
15487573484,10
14064849326,16
15872308197,16
15998845538,18
14968393010,18
16029943662,13
16014812674,19
15592873295,10
15894107374,0
15587266149,14
14667361121,14
14136743405,1
15820730111,0
15626505122,2
15583556021,3
15902510621,6
15892523564,1
15895096058,1
15997875180,9
16018656689,9
15793279709,12
15831952322,0
15844293807,16
15872332906,0
14052638749,8
15595545082,14
15332111090,16
15841709633,9
15806171139,13
15687509004,3
15912465170,7
16032277687,14
15785628779,14
14711790980,4
14359602070,12
15492275448,4
14187450119,2
14098982416,15
15661830231,8
15847599436,10
15714933250,9
15735619354,10
15725682040,7
15296676574,1
15738045081,18
15738717053,14
15822251883,12
15993581176,3
15757334263,18
15775957402,14
15398781750,7
16030605263,1
15981439131,18
14485269858,13
15099164805,10
15372817913,1
13958633555,19
15713653601,16
15395611428,2
16017380184,12
14065359973,9
15773089663,4
14221473595,16
15054809528,10
14493845101,6
15773014119,10
16001378852,0
14491155899,17
15922450005,16
14920901357,1
15285698624,15
14441757185,4
15608936937,16
15726238907,10
15789502288,7
15948148560,14
15469165721,2
15878010942,14
15611759768,18
14195279382,7
14419848480,19
15334828498,16
14187125062,16
15766127076,3
15890733650,2
15998221636,10
14851758139,16
13120807461,2
15683099609,18
15985965349,18
15620025691,7
14054860459,5
15579562250,4
14350418290,18
15591811127,3
15802051737,8
14715330750,8
16013113109,7
15994434939,16
15264577517,0
15713564907,18
15944028429,3
15713030029,3
14233579747,16
15259449142,10
15829288994,3
15793905825,3
14405246413,3
14450368274,3
15832236953,18
15991290039,0
16001161237,19
14276104560,17
15547504037,3
15831078777,6
15840807092,15
15577229182,12
15733987817,2
15990764265,8
15847832143,14
14196176147,14
15823825036,16
15742360996,2
16009501665,18
16013463974,14
15801679637,4
14113344188,0
15955496780,14
14223029514,4
15932807175,5
15859169353,10
14921424364,2
14447860952,15
15995245116,9
14210642588,14
14282839863,10
15683718955,1
14492120786,9
14193049180,15
14492745937,12
15958130309,1
14123525885,16
15587315682,14
14442775107,10
15956093184,14
15664660011,15
14345274177,7
15124649679,13
15819556071,16
14493161649,4
14090223809,0
15996156563,1
15801426708,14
15463793498,14
14104245975,3
14133193141,14
14479416842,18
15909380675,13
15512930469,9
15807751414,10
15938072903,0
15600026770,10
15786349661,18
15566446044,10
15949039711,10
15634289209,9
14444907677,6
14960748903,2
14212638327,8
15969372005,12
15588497133,10
15898920705,5
14103495349,19
14113657792,3
15474797983,16
15988869076,10
15791734521,13
15823627854,2
15781356284,16
15479320774,19
14256028213,10
15503477571,8
14863133551,0
15734074629,19
15991154274,10
15594206382,14
15916126064,13
14009445807,0
15799101148,5
14224986513,15
15315076321,14
14190726822,0
16009985305,8
15979328935,10
15825011002,16
14801835480,16
16024105351,7
15706049490,14
15243304739,3
15879355234,14
15879292025,16
15820875828,14
14485320068,3
15592654215,10
14791565856,13
15772767074,10
15785770939,18
14210352638,14
14815240620,12
14053553104,14
14175032517,16
15790092409,16
15190705752,3
15754737053,4
16025094109,13
14167639895,13
15595676374,4
15605117214,4
15881397416,18
15285826747,8
14414054632,8
15303708109,0
15498204811,3
15729898307,14
14392132696,12
15015083553,15
15766143455,0
14136291356,3
14443538433,13
15876140133,2
14438295031,12
15967567102,2
15791849509,17
15815305820,5
14010694226,15
15705704829,16
14130577849,12
15912131658,13
14916167771,19
15621049755,14
13999906048,0
15277293210,0
14210278568,16
15745665593,19
14182010731,9
13922945176,10
15793604348,2
15641575793,1
15654086591,14
15876437143,14
15909900392,16
15561459121,2
15957877904,0
15774155863,3
15788832105,13
15893112447,14
14220360752,14
15900451921,7
15818400073,1
15957048219,14
14161784674,2
14136146229,0
15587883160,15
14223739529,10
14210543746,8
16001317183,14
15657245900,2
14531612342,4
15962767411,17
15511258646,1
15808795087,2
15829338482,19
15815644012,13
14458408105,4
15971892734,10
15928487298,16
14203855523,18
14494216722,7
14083000510,3
15697786856,14
15714286393,19
16002540100,18
15973035984,18
15893748717,1
14435341756,17
15635355298,14
16000060956,16
15244087046,18
14142000007,10
14131077668,16
15781419346,2
14943305645,19
14082313911,6
15871761272,14
15332175037,10
15617212844,14
15633782827,16
15562838785,4
15797950610,16
15668601549,4
15320532297,4
15930351832,18
14370291063,8
15452369327,13
15918770848,7
14483848606,3
15684269365,10
14140536192,16
15886234215,9
15628019366,7
15701847205,0
14209512862,2
15832784749,16
14230220233,10
15519651489,0
14458588507,4
14018327597,10
15973801650,3
16034849042,9
15551519524,0
14898338259,18
16032866031,6
14173909091,0
15775169477,8
13995663216,19
14051704753,16
15803733424,18
15704797036,11
14244902361,17
15849691538,14
15264901831,3
15395120191,15
15965778755,16
15912182788,18
13816586984,14
15681951207,14
14632175871,18
14200344412,14
14133466778,9
15644510991,16
13898492081,7
15526967252,0
14203981956,9
14442602621,0
15614500107,4
15909130210,16
15745938669,3
15486972317,14
14410832781,4
14178001853,0
13807705466,8
16034058160,10
14219601141,10
15495960675,10
15244954327,16
14143081280,4
15305486469,2
15917724713,3
14126029320,10
14232210593,16
14058769500,15
15551285826,0
14186682856,13
15248454727,18
14100513316,8
15808708653,14
14450415508,8
14188284407,18
15827199712,16
15895954183,0
15014010838,12
14703610070,4
14120853107,19
15958259238,8
15478625504,18
14198509243,14
15754218676,0
15221159132,4
15732356044,11
14339330201,18
15246023703,14
16025090518,9
14440341679,13
16014824531,12
15966858016,3
15684729638,10
14127844656,10
15344079372,10
15827394753,10
15907133477,18
15250371656,9
15303356102,16
15882583351,1
14201080498,14
14275524838,0
15943516651,14
15093865956,14
15259035795,16
15259994398,16
15319898805,0
16000805693,16
14139011250,2
15727124932,6
15645282913,9
14773737003,15
15793014886,18
15532210430,10
14366687882,7
15744108638,4
15904324921,14
15933094367,0
14156478053,2
14437428810,10
13809212485,0
15123547767,10
14766920822,10
14066221574,14
15991878033,2
14144863974,16
14735080097,14
15692083797,7
15840428956,19
14191341148,5
13891888484,1
14214764333,0
14344842074,10
15627088912,16
15218994350,14
14520399225,13
15410712413,10
15708387925,7
15421570259,2
15777775786,10
13929958500,13
14943624547,18
13995122299,7
15366611378,6
14065995549,14
14236171728,2
15977473664,2
15915096500,8
14445480467,12
15918397583,11
14750792180,10
14193925969,18
15699411516,14
15380621759,14
14708127257,7
15267273584,18
15909153496,14
15819801852,4
15904807891,13
14245707209,2
14465843002,9
14167629844,19
15634433950,10
15825948490,15
14460907489,0
15767605387,16
14073671283,19
14059750525,14
15725912733,8
14223101233,2
15988234518,12
15879518334,18
14155170530,17
14114504146,2
15891976784,18
16001535554,9
14419847611,3
14349055720,16
15420859294,9
14184033055,4
15980405908,19
15764247651,0
15728011676,13
15829287363,10
15681946392,13
15916921100,16
14439078523,7
15980478336,19
15730780386,16
14160739543,15
15726942468,10
14156876224,8
15995324006,18
14148741089,15
15291333267,14
15737601312,10
15940014954,14
15401454275,10
14063449113,4
15498122163,19
14989107164,14
14976026027,0
14149071982,10
15749743148,8
15848999741,13
15843690609,18
15711832298,4
14072751070,1
15980009024,19
14488593883,7
15036918329,16
15967503896,18
13999105692,11
15527115441,9
15345008064,13
15786430137,7
15510301569,5
15174139521,14
14143146550,2
15276001299,14
15754457395,0
15389146879,7
14466402933,15
16008300854,13
15591120596,15
14251436142,10
14730551275,3
15494532505,14
15026348502,15
14218445780,3
15312256706,7
14445448960,9
16015907334,12
15174221024,13
16012240144,7
15813708054,2
15176211375,8
15881617080,16
15807016618,18
14465927251,15
14836099179,10
15683099969,10
14917199136,3
14473383602,10
15688715082,18
16022272357,0
14227763551,19
15573761043,5
16022973323,0
15921369438,19
14653576962,16
16011070807,2
15874609376,3
14448962055,11
15515027588,3
15945563817,18
15913630108,15
14090354738,12
15869042817,12
15974687837,9
15765855547,15
15810133344,10
15891443692,0
14073853645,14
14753327535,16
15895975709,18
15870446030,16
14395736369,0
14425413950,19
15359457574,14
15890118208,4
15984930183,0
15983879339,12
15940824427,19
14127429759,16
14232104691,13
15995061771,4
14166497633,14
15766874720,0
15333376437,14
15603778392,3
12111125460,3
14150211580,0
15995202041,12
14343798416,19
16032502405,4
15766124368,14
14150636019,0
14936224652,12
14065959081,2
15874559490,18
15621816009,10
15639651604,19
14129152718,11
15813386609,8
14236053894,10
16016764139,13
15809545146,8
15913253733,18
15799661720,18
14081334791,6
15980407286,4
15988080802,3
15825174801,14
14819250426,2
14192765840,16
15740766987,0
14204316562,18
15559327039,8
14554516725,19
15934503506,16
15762488038,10
15788790941,3
15616889687,19
15684859293,7
15713653410,16
14759623318,14
15831521562,8
15502537602,14
15800052486,9
14181308664,1
15796638397,14
15332782834,9
14643821579,3
15722291503,15
13978927492,1
14511617319,10
14225056109,3
14655066838,18
15598528611,16
15765119875,0
14555533347,14
15822127225,12
15895142911,14
15802596536,7
15956067592,0
15622726912,16
15647666526,14
14447089777,12
14229765752,13
15944101874,15
14147507558,0
14361874378,17
14211507265,1
15474195768,0
15231836456,4
14894622429,14
15511043210,4
15189404367,16
14421579648,14
15769627826,10
14934070138,0
15245404824,0
15950404790,6
15603723372,8
15620102103,14
15924327730,3
14185717450,2
14169940038,8
15778593982,14
15992033636,9
13842437728,14
13839129143,19
16028610526,18
13767888134,14
15798579361,5
14078444584,14
15762557423,16
14941873183,16
16012893835,3
15888456947,12
14119970228,14
15801138984,14
15409244270,4
15878316533,4
14486292305,2
15952987638,5
15672787478,9
15642025097,14
15218568935,3
15791095971,4
14029963856,10
15319436981,10
14207803503,0
15395775861,18
14437178958,3
15772061534,15
15739516756,3
14131631574,18
14788976755,18
14385187529,14
15670997385,19
15999327890,16
14894179383,9
13742007598,16
14369761542,4
14167434738,4
14136273043,7
16026051190,3
14350412609,14
15816240946,13
15977621857,10
14212664429,0
14226589772,7
14414955005,3
14170057981,18
15282251089,1
15381057220,14
15815476265,5
15937755537,7
15982933997,10
15891213794,2
14201073924,16
15929467231,16
15739008992,14
15953497053,19
15785410960,15
13989648588,12
15958636623,7
14598500633,18
15769761341,10
14334111049,14
14004143582,15
14126673970,16
15905838511,3
15292943931,2
14420115893,9
15986111950,2
14462207530,14
15856114538,18
14153342246,14
15608214564,18
14179931015,3
16011788923,2
15613963315,2
15348819184,7
15934504427,0
14231308180,18
14151240024,18
15766536375,19
15085911669,12
15889758805,14
14384783705,18
15761493950,18
15629691493,16
14151380707,19
14344241764,12
15781517452,4
15952084729,18
15785152871,0
15803617853,7
15927310010,19
15658609862,12
15784636287,3
15886592124,15
15722625482,14
14138124294,16
14490163062,5
15523014144,14
15260536806,1
15401391902,1
15365042125,3
15619449182,15
13987472590,16
15104824941,16
15824672842,16
15855576627,10
15944293154,18
13967389492,2
15894569833,1
14108984033,9
15752606742,4
15723829894,19
15927207215,14
15259214894,2
16007072778,7
14541778620,0
14214970952,8
15806294287,16
15003030141,14
14229281545,3
15652866608,18
16012216235,12
15299403530,15
15765962044,13
13976110057,12
15524739256,16
15874697080,14
14203289485,9
15760064090,14
16000827725,9
14459422216,9
15630235595,19
15871794032,14
14226596625,9
14986678349,0
15907758124,7
15933975798,10
14029285341,18
15561712169,14
15291004329,10
15108792068,0
14285966728,16
14207573130,2
14129387703,10
14205661432,0
14219406191,10
15976986687,13
15520876457,2
15930969567,16
14488251208,9
15828448467,13
14126396498,1
13997830084,9
15511849203,16
14487373570,7
14048623330,7
15974529386,18
14403361987,10
15784506571,16
15208339918,14
14223855855,10
15926812785,3
14333341933,14
15776230821,10
15997713566,10
15980996828,14
14151391496,14
13981586982,14
15869905583,17
15545130673,7
15553213491,2
15729525363,18
15998213976,10
14438826011,3
15593841033,16
15707100921,3
15464619868,14
15290702931,7
15977086797,19
13927034724,19
15230064515,18
15398041169,4
15805333810,5
14225791988,3
14932555574,4
15331109633,3
15820795310,7
15923889353,14
15721000470,7
15607335863,10
15912468897,10
15044566447,0
14904599455,10
14209269654,4
15865898177,18
15880513454,9
15934937805,16
14386031130,10
15818716005,10
14297836293,4
15500224583,16
16006997880,12
15130034816,0
15060927768,19
15913916611,9
15338832642,10
15557156921,3
14488253466,18
14840840109,16
14032965184,0
15766560532,3
14898905821,10
15419839026,3
14143512038,14
14442181123,12
15101781466,18
15768845104,3
14090717121,19
16015088419,16
15974639772,4
14196929202,2
15703077579,2
15603711438,19
16001368036,16
14189417575,0
15537376922,10
15993324132,0
15932918195,9
15793296930,0
15294080018,4
15993565895,2
13831168606,16
15955307090,12
14310007255,9
14945619917,16
15749417289,10
15600911650,14
15994606733,17
14171621580,16
14207982437,1
15248745111,13
15151538279,10
15113539691,10
15377593360,7
15620916953,5
15886334202,5
14282385793,13
15588156999,15
15925567205,3
15720052604,19
14099189654,7
15929209903,12
15997843918,18
15846514174,13
15661313118,4
15654617102,0
14176370780,16
15668925495,16
15370723757,14
15886235619,15
15996315126,10
16013043111,9
15999550598,13
15131279259,14
15838986584,19
15252949408,2
14197246789,2
15976550079,1
15536143072,1
15713378361,3
14942744143,10
15993898275,0
14567183324,16
14164908959,1
15724334009,17
15835216731,14
15905737951,0
15905779809,4
15835906845,13
15855899396,4
14199562434,10
15822917358,4
15282330135,10
15837387672,3
15705744310,10
14201956128,13
16015367518,19
15965304268,16
14466395682,15
15970756317,16
15195853974,14
14211894325,9
14474929433,0
15498186490,3
15670994808,18
15508043959,13
14691730798,2
15586017702,7
15277355332,19
15715700369,14
15837537345,9
14129817652,18
14158289319,18
15876310492,0
15982870085,18
16032958068,18
15874183701,19
15634136733,10
15137995480,18
14477751586,19
15313659680,12
15358076373,1
15991056702,16
15956848552,14
14189826549,0
14137000138,16
15904283600,4
14464788063,9
15392141245,18
15727619325,11
16006524071,10
14132131144,8
15889990006,14
15905872433,12
14140797486,14
15786280834,14
15877197875,8
16010596737,10
14219803336,14
15953664004,2
15903540668,19
15828247916,16
15440673312,8
15664453285,10
14456727612,12
13281185706,18
15622241300,16
15459471494,19
15859798690,18
14190000237,3
15947138751,14
16025309888,0
15129788546,14
14143968392,8
15997723704,13
14454665459,13
15353668133,0
15368047327,2
15886096635,0
15493865496,11
15279285133,1
14444851004,9
15969044044,19
15711270007,10
14759816424,18
15675766538,1
13769561309,10
14446968728,14
14329830182,5
15935845243,4
15840751817,2
15821898430,6
15633743737,16
15363540268,3
14478357231,14
15614390631,14
14212387225,4
13966852724,3
14182734025,18
14195720315,1
14397225545,8
15565105962,8
15939989524,0
14046996950,16
15643736665,15
15353346797,1
16034648116,0
15764756339,19
14387041322,8
15712022747,13
15853677106,19
15575805161,0
14485918121,10
15498262782,10
15893113483,4
15833242659,8
16034351854,7
15868452932,16
15813507456,10
14129727495,3
14456707929,10
15259716407,2
14006258027,19
15668157656,14
14756522094,8
15824937528,14
14355872032,8
14197993960,13
15685419314,10
15890546006,13
14122918508,8
13977024124,15
14105726020,14
14411377510,13
13942598754,15
14542823492,8
14182773344,15
15859821814,16
15609794895,10
15124764936,16
14246575539,10
15463850579,16
14090928034,9
15797877180,18
15981942263,18
16002185156,14
14742537295,14
14054492519,16
14251507782,17
15772388224,15
15337910328,14
14377185149,12
13983938729,0
15316484355,0
15994222447,5
15993488358,1
15842001463,3
15756713613,14
14680807936,3
15969981751,14
14725428718,16
15706418033,16
16010701627,2
15278783206,10
15933591765,14
15994463679,14
15675558702,16
16028472267,12
14182386743,14
15692148642,16
15915877898,2
14102531666,14
15939965080,7
14981537671,3
15932099632,7
14231313227,10
14202614960,13
15883494175,8
13925132529,16
13889184457,19
14717030372,10
14088142297,5
15772036716,0
15946005129,16
14232147092,3
15635460225,8
14023198351,16
16032828293,1
15876324504,3
14900557671,12
15351100617,12
15872705253,4
15231810662,18
14679432087,18
15937311290,14
15845831548,15
15259135752,0
14369384925,13
14098815002,3
15786632433,14
15748191549,9
15221302591,10
14103731451,12
14468842763,8
14212078171,2
15024514922,3
15870128355,18
15824005872,16
14045811238,18
14252893332,15
15620185498,16
15786458598,4
15763254880,4
15934517865,6
15552899834,14
15675935738,18
15561631266,9
14351715339,3
15796817969,5
14185176667,14
15748889736,8
14434648689,15
14130894866,9
14147297149,2
15816535968,3
15923160680,9
14435869789,6
15943394780,1
15749417021,7
15314319656,7
15056684694,0
16015951681,10
15847230610,14
15983775122,0
14422550962,14
15712351314,13
15906835260,8
14472290471,13
15933313616,9
14086849660,0
15696823117,8
15907839974,16
15923237648,18
14202304086,16
15189265263,0
15871248851,2
15844673948,14
15989866460,16
15564751950,10
15833898361,11
15946703906,19
15398305948,8
15460051373,15
15704798396,2
14147012149,15
15481086792,19
15982741856,9
14322070958,18
15212635497,1
15953840217,10
15667742790,10
15533162717,0
14352226202,1
14126858128,7
15831384116,16
15729933118,13
15391761941,13
15710508612,7
15944885970,14
15878396255,18
15825686499,18
14158813090,0
15402051858,8
15781718279,2
14689045225,3
14988726512,18
13794566874,16
15891070353,0
15689884062,4
15920414115,8
15640934440,10
15904327649,13
15713213727,10
16031650377,7
15831316791,19
15656629000,6
14183882235,19
15299885993,3
14733148783,14
16001024094,0
15803778739,13
15766277231,0
15730754321,14
16022223602,7
15391819748,0
15709260935,10
15081336434,10
15869397459,13
14049221953,14
15871009913,7
15572101442,3
15591371083,14
15715543408,16
15058116107,18
15583385724,18
14901931828,0
14320896815,4
16017569415,3
14156167491,2
15815437261,3
15157135087,8
15786446016,15
15758908372,15
14164579044,9
15780753301,14
14743306636,18
15864283681,9
16000550450,16
14422507612,7
14079202916,9
15544054572,2
14703329750,16
15929742456,3
14593000893,4
15936324007,18
15932395825,14
15988831652,13
15636770466,15
15330916241,16
14174802148,16
15367848821,9
15719125792,15
15578096487,9
14226230983,18
14231603792,3
15967942262,0
15824833908,16
16001546179,16
15996179376,10
15847137804,10
15981561582,0
15266612592,3
14472151709,12
15970110292,17
15836441499,13
14454667279,14
16031729151,8
16012074646,16
15512662735,16
14167858558,18
13809106965,14
14070940677,5
15599040737,18
14126303012,7
15580626615,18
14147544422,18
15319327169,13
14050013368,16
14951475574,16
14191417294,2
15587140890,16
15521433998,14
16016144973,16
15670973541,16
14194837554,18
15956128348,18
15259082700,0
14952794431,3
16027888921,3
15628881837,13
16026987190,2
15895396013,4
15966085294,15
15949287518,7
14160737000,14
15892318736,7
16007942253,19
15748294370,6
14023486380,16
14903434742,15
15672752820,10
14220893733,19
16002066519,14
16007891805,14
15316469983,10
15570172780,10
14140519766,16
14576156132,18
14237783382,6
15393711399,3
15342541182,14
15640834510,16
14203148076,0
15706322218,13
15685327608,16
14001868944,13
15062100728,3
15881454608,14
14993808179,14
16032264578,1
15924079963,8
15992597226,12
14441012492,15
15554864012,19
16010926982,16
15921209678,16
15825495295,0
15023259170,10
15728859676,16
15735069988,16
15795326557,5
15339795221,12
15732960409,0
15726921936,10
14471316911,13
15417584746,7
15768783169,2
15591897790,9
15986875298,11
14411976535,4
15766090311,16
15815027472,3
14821484128,16
15278772477,4
15758490730,10
15774217616,2
15975335110,14
14003066542,12
15888317585,19
14473329534,9
14167850851,10
15096569416,16
15766044352,0
15742536730,19
15971454495,15
15163852135,2
14130002741,14
15790135218,19
15582302069,18
14920761021,16
14441336689,7
15873803750,3
14218115909,14
15980426557,13
15303551661,10
14029082989,1
15622167202,16
15683777706,14
15836878918,16
15685540929,18
15912223745,1
15143536289,18
15782488567,4
14235006630,2
13813309641,16
14171016059,14
16014602770,16
14350052387,12
15602363975,18
15500149164,4
15946462020,14
14775076985,10
15686144251,16
15508046839,12
14129425700,19
15691635079,19
14189631996,16
14844962251,10
15197160555,19
15516748870,14
14167144736,0
14483629694,14
14150713815,6
14931194257,10
13857338408,7
16023729747,19
14262376479,14
15865046166,14
15771123850,3
14177370650,16
13841457891,7
15000122244,4
15781128662,4
15990676167,7
15478307725,0
15940783156,4
15860347684,14
15610742947,1
14944846598,0
15730476059,14
15800440785,15
14068637844,7
15421679424,13
15311245606,11
15894477661,14
13706785031,14
15939172277,16
15838633808,0
14190763582,19
15565507135,1
14132776361,0
14113459304,2
15323649637,2
14170059176,2
16001215710,19
15703054781,1
14470643029,8
14162013551,10
14099189610,3
14434489671,16
15668558577,16
15996627098,3
15829022518,16
15973324704,15
16003420069,13
15422996905,7
15743389414,13
15703958167,7
15350467093,9
15817753991,14
15784836200,13
16028657109,14
15787496844,9
14003381589,2
14112088647,14
14935067523,13
15838588320,16
15976152856,19
15702416990,0
14721978963,4
16005625803,18
15457553308,0
15178021318,2
14136998252,15
14052868632,17
15380872907,7
15892260586,16
15938868429,15
15521001676,7
14101349202,17
16030183295,18
15769675836,16
15943534762,16
15943182132,10
15990707930,18
16013144020,16
15519137685,14
14424030609,15
15824998883,3
13947876526,2
15770398652,2
14490594228,7
15928438621,10
15315365363,7
14709159580,7
15881265323,13
15787380665,16
14358396970,19
15941411529,16
15754787015,18
16004502270,16
15146515286,16
15517767500,17
15825556041,14
14211271022,18
14194044218,3
15824356573,13
15997924136,0
15781160530,16
15291662023,18
13926365455,17
15308189005,10
14321761779,13
13876496991,16
14554846783,1
13990081325,16
15999650013,4
15755216210,7
15827627893,10
15420597995,19
15922450231,16
15986480703,7
15825139544,18
15977910129,18
14190740353,18
15874871367,14
14954848468,13
15723826643,13
14127394796,7
15755049766,14
15784615706,6
15979703998,10
15967908602,15
15758756159,0
15674367509,16
14792058626,10
15913628601,16
15970826097,6
15705450805,12
15081614362,17
15691104578,18
15278700211,2
15234704047,2
15903404047,19
15725786198,14
15750140644,10
15761493930,18
14180588838,2
15790571980,18
13918838238,8
15642212857,4
14847018833,8
14448617084,6
15778474602,18
14202422033,0
15815110108,18
14457910575,8
15481702258,16
15889841229,14
15949931997,10
14124143670,7
14893747933,7
14134103234,13
16000290260,6
14156116758,16
14491586235,13
15838396630,18
14438519793,0
16014751477,14
14134492675,14
15700087041,15
15532749398,10
14388470838,0
16001380748,14
14142033361,8
15239971437,6
15097746172,0
15635424070,16
14131678808,4
15789344994,15
16009078966,18
14209126585,17
14160372692,14
13743596771,3
15430923795,14
14179038316,7
15263900936,7
14119178432,7
15344103061,8
14111706369,7
15785152771,6
15990044793,14
15734130215,14
15967325227,16
15938228449,16
15348697287,5
15410944318,2
14198385146,15
15604645050,9
14249920880,0
15675230188,16
15864643050,13
15696404306,9
15764488591,14
15905603562,0
15882106138,15
15539233396,16
14084053298,8
14878322864,14
15790302243,17
15354696189,9
15293345879,13
16018071143,4
15767379851,9
15805174490,10
16029120044,16
15479962506,2
15830703199,4
15706420580,14
15986476248,4
15831312220,15
15751688652,0
15889075057,12
14953885944,0
15130275988,16
15698297408,0
15893215875,15
15606510520,15
15522782394,10
15403344178,18
15793279603,4
14380243830,18
15293523781,10
14352673292,10
15332529676,2
16008300497,15
16001626259,14
15136155399,3
14178673334,16
15994596461,16
15677337584,2
15631947365,2
15519349089,10
15927632235,14
15590872686,7
15728597461,5
14142197926,1
14162252043,19
14263030950,4
15713594459,16
15917439257,19
15823816441,2
15670986588,19
15303358319,14
14707083239,7
15829895801,16
15783995875,2
15981507692,19
16035057347,16
15201002086,18
14893793838,18
14256610129,7
14005200137,3
14445961776,2
13861336074,15
15835997848,9
15699301073,8
15976550070,10
15957053723,14
15601821360,14
15178946334,10
14165826515,19
15699373426,18
15365431216,5
15857491070,18
15905870769,0
14223563381,16
14156935059,7
14133527589,0
15876340460,16
15571716428,18
15523789665,4
14478097210,14
15983185193,7
15699775742,12
14362237709,13
15192332359,19
14472250506,5
15214753691,0
15983775313,13
14790758212,7
15816440289,3
15800042314,8
14681294461,18
14486398498,10
15925765069,12
15999551980,14
14490320771,15
15920735468,4
15920834855,16
15871695684,5
14184168208,0
15311322004,10
15668708677,3
15832765769,9
14088039825,3
15774668563,10
14211386485,8
16013322811,8
14470074388,3
14236074677,16
14200455753,3
15403774759,13
15936363789,3
15731824103,10
15513475076,3
15730534062,8
15249955269,9
13890555940,13
15323397530,16
15461930984,16
15634069297,14
15837387519,2
16017823976,1
15894634981,14
15699015679,1
15983381988,8
14944307212,6
15975549816,18
15082255828,10
15939040834,19
14204195420,16
14053769424,19
15888046587,9
14423586835,4
15900321066,14
14437410028,9
14073459633,0
14160938192,9
15912021728,12
14206824810,3
15829392580,18
14594644809,1
14435021522,16
14188607732,19
14420656908,2
15339534423,10
14150814945,13
15845730789,18
14463883753,17
14076210042,8
15807623640,3
15303001816,8
14233463343,19
14219952230,15
15796274537,15
14456708002,15
13971261724,8
13963599125,4
15191130422,4
15938685941,16
14441290231,18
15357658710,15
15700062835,18
14490594673,3
15889619975,3
15901712931,19
15954436066,3
15393428661,16
15396881513,14
15282036441,1
15188364726,19
14266046970,18
15357883854,14
15257063194,10
15791439726,3
15814737617,8
15859798672,18
14104466335,9
15407591766,10
15759843346,14
15789581092,18
15878806827,19
15943327054,16
15786446401,14
16027570946,16
15559841810,0
14140357998,7
15093431308,5
14193589067,8
15410774710,16
15827760537,16
13720964579,0
15889040898,16
15791115836,18
15250572042,14
14165125923,19
15816318163,16
15471327698,11
14486728607,0
15539504151,15
15541446385,7
14202640403,4
15626743277,16
14394490434,15
16021864259,14
15791473896,10
15992305782,16
15293522964,0
15033666048,3
15163871508,18
14800906351,4
15951486499,16
15724099527,12
16001520173,0
15634807174,7
15772049642,10
14359237123,15
14495158669,13
13973333555,4
15262216821,18
15997856533,2
14226978695,15
15881507999,14
16028705541,18
15884502751,0
15877646879,13
15546915228,8
15831379859,7
15935348107,15
15782754987,14
16013417663,19
15965038609,3
15383825487,3
14447860461,16
15451701822,14
15994394407,7
14909076201,3
15528466276,2
14822961538,5
14152763701,2
15097812454,10
15277320674,14
15592125149,12
15727925896,16
15522602571,10
14192157409,14
15886554515,16
15537140159,14
15886432557,10
14162157459,15
15980795224,14
14287386005,16
15185666049,2
14136804834,0
15507177451,16
16026030439,10
15992625181,16
15717225813,7
15751699547,9
14950104754,16
16009635490,16
15610231037,10
15830245507,9
16019939017,14
15705753840,10
14315148962,13
16028321396,7
15877375535,14
15738305482,2
15217764876,19
15698017850,14
15725928905,10
14951060917,6
14195249831,10
15837980540,16
16017091665,19
15729681788,14
16021863841,0
14063954249,3
15816111501,14
15582107965,18
15801376612,15
15217034013,18
15806764488,16
14059221786,16
16031775211,2
14270688416,9
15986705977,0
15664224015,10
14975388673,12
16009081948,1
15808648930,10
15589756819,7
15828470545,16
15446133529,3
15152522676,10
15995793129,7
15165650216,10
15429673006,18
15715722101,19
15943339496,13
15734029569,19
15259921357,3
15891203283,7
15965660592,15
15691301831,14
15718468708,14
14127282663,1
15189381404,2
15820734724,7
15280606958,14
15527419954,18
15491819854,16
14187348130,16
16028717329,18
15668593065,18
14420317938,10
15664352506,16
15831600973,7
15571904016,9
15951859049,7
15290701997,19
15992803664,14
15929865993,10
15234583555,8
15950555560,16
15458958627,16
15822018927,2
16023427132,13
14048912815,14
15674052973,13
16004685066,7
15543266526,18
14329870320,4
15314150840,5
15878567367,18
14349961806,14
14453152541,9
14214599865,18
15788517202,4
15422776074,2
15794255279,5
14151148157,17
15621275150,2
15391810477,2
14097625526,10
15730584509,17
14481252944,2
15688501693,4
15922459669,14
16013642063,16
14041103795,15
15037430068,8
15027789797,18
14098442098,12
15835141007,13
15887282099,14
16015016829,13
14200724228,10
15699111567,8
13968401122,9
14422586347,6
15936389116,10
14084152585,18
14852075603,19
15785451192,16
14437533399,6
15152049215,10
15178287823,19
15821989753,14
15807723347,3
15819536027,16
14987356697,13
13987584973,14
16017091732,9
15360921634,19
16026319786,4
15791687779,14
16024906002,16
15688732466,10
15305896158,4
15255105049,0
15615777777,10
14209288433,8
15926275645,9
15815306782,4
16026848640,16
15415959669,6
14828271204,3
15081717422,16
15232167545,0
15716560411,10
16009852595,13
16023627425,19
15978077287,8
15970381890,0
15451126541,19
15982923718,2
16017217619,11
15193321081,10
14105825979,18
15983857662,10
15726655730,14
15335597338,2
15702018450,5
15023558705,10
15780234899,9
15349022170,2
14419007263,13
15895351652,15
16000596610,4
15083555204,5
15919841323,18
15873886026,12
15796103442,14
15803534846,14
14801833995,12
15203489673,3
14069009603,0
15831384283,16
14885985609,0
15810106037,5
15773213627,14
15878751381,3
15317076946,15
15218825196,3
14394637502,4
15513987412,0
15805421545,5
15630652970,16
13746687736,7
14168196935,14
14121320639,14
14183073319,18
15982435753,16
15937733494,16
15959456752,14
15724247118,19
15255295804,8
16026997879,16
15727729727,14
14174660860,18
14893362017,0
15364864062,7
15232738995,2
14215316981,10
14380267264,4
14381002756,12
15434787474,7
15434672628,4
15431468948,16
13999513956,2
13991556352,2
15747623393,16
15180383284,3
14149138524,18
15831380182,14
15620931734,18
15419341909,4
15979400218,14
15573771618,10
15485729916,9
15765867989,9
13801011492,3
15911094423,9
14402182528,4
15878979007,6
15982730637,1
14122659701,18
16008902162,19
16025044566,13
13874922955,16
14225089190,17
15718827923,2
15546634361,16
14384754399,15
15385359412,4
13582318258,9
15476250021,4
14917941332,16
15818136718,18
15939760688,8
15445586805,4
15936108498,7
15366372481,10
15983247423,16
16010384863,10
14258490722,16
15990931182,2
15445586214,15
15523282131,7
13910276794,16
15939674494,13
15919212360,10
15808521851,9
13974461660,9
15320538008,10
15727314223,14
15747976443,4
15095770047,13
15584163826,0
13885669001,10
14688426628,12
15264075694,16
16004813217,10
14258852460,15
15991443530,6
15969771196,2
15948453079,0
15803330656,1
16012533009,3
15260566679,16
13991060596,4
15188330172,14
14492279943,3
14376332604,16
15677749023,16
15823131539,3
15373439294,4
15277212601,14
15048974585,0
15929402577,0
15059067865,9
15815117082,1
15616838774,1
15843926041,16
15815010966,16
15371519958,8
15272674005,0
16028929353,8
15909905715,10
15915300199,12
13856103578,17
14139588459,15
15955271354,7
15803806570,16
13988074801,2
15735454871,10
15926263160,4
15735605987,4
15698774491,7
15767718028,12
15637610258,14
14211087116,7
15929196554,16
15880763774,19
14181630889,9
16012248913,19
16010919793,18
14112037618,18
15916071618,14
15891152169,10
15094993935,10
15686496199,16
15887069137,10
15998285795,14
15952134071,8
14354830880,13
15912724215,14
15766721930,7
15541463232,10
15666649750,15
15147887727,14
15955228458,14
15751302259,16
15411677165,4
15893703526,9
15236923389,14
16008357244,9
15893548652,18
14978438378,8
15981955300,2
15753111872,19
15620955532,4
15712602028,2
13940460297,16
15805518601,17
15395281653,12
15852310332,2
15842001460,8
14495148797,19
14999980278,18
15498093107,14
14553524157,10
14187908766,19
15766085387,16
15372028124,2
15768828436,16
15822251917,16
15263184257,10
14940350765,4
15802713831,19
16012145874,7
14156935015,10
14199420513,13
13878192578,16
15628909345,8
15713225594,7
14101822291,19
14246215662,0
15813713761,7
16020999705,0
14359786580,12
15741075620,14
15984917325,0
14406015852,19
15650852811,10
15902330794,0
15903441815,4
15599203119,4
14936014225,16
14420106300,7
15718225583,4
14246427222,4
14164491379,0
15993037064,16
14017052623,15
15604958982,9
15936436950,6
15866815358,16
15592651110,2
15521429029,14
14493917184,16
15594787240,3
14207037085,18
15943411332,11
14131489659,19
15969251316,15
15651003900,0
15563012659,11
14953093754,0
15711270990,0
16008521225,4
15991112520,10
15788175920,16
14819663236,16
14431404020,3
15759294632,9
14101929006,0
14255231116,16
16013996480,8
14393696864,9
15736466460,11
14488565344,2
15362068211,7
14195219866,2
15736198625,14
15726814164,5
14021682290,15
15186899751,14
15268104894,16
13826365930,10
15550315406,12
15834142496,15
14221671241,18
16031184994,8
15878184505,14
14001960374,10
14192269215,18
14420097582,16
14192160784,19
14182628198,9
15359057648,0
15988162996,18
14137932645,10
14033552953,16
15856582487,12
15703944766,18
15859908756,12
15949630113,14
14189826596,3
14139902933,0
14253797708,1
15595708521,14
14737093379,18
15611822753,19
15452875811,4
13931612333,18
15770902555,18
15953601783,15
15232848095,19
15836369543,19
16006043472,15
15669985757,17
14152077058,3
15147615387,12
15511611034,0
15918376591,8
15347955535,16
15927435150,14
14480824606,3
14199561773,14
15774043526,4
16028338082,16
15379383488,3
15487294456,16
15580582499,19
15784637367,14
15818794299,8
15474968198,7
14859627869,3
15391477540,10
15090023955,4
15102127447,18
14396394895,15
16005590647,16
15992334830,2
14407829614,7
14190168023,9
15797497360,16
15788830503,0
14064988131,13
15744005620,18
15896684781,8
14473431867,10
15531362090,10
15918700721,1
15262036219,18
15311500631,13
14168907636,7
14830620810,4
15628395310,13
14147023515,9
14983405491,1
14223935766,16
15237793565,0
14399231530,7
15772069222,14
15998091350,16
14156280333,10
14239724457,0
15797306931,16
14189465239,10
15797804165,4
14227732734,14
15898201292,19
14400454143,19
15631245561,10
14491887735,7
15038830267,10
15734722242,10
15803800241,10
15624991710,9
14414475099,19
14329824790,4
14178911358,11
15893045180,16
15942360697,3
16013113256,1
15370560656,10
14225460041,5
15279487583,9
15771260797,13
15512179463,3
15771460975,8
15993913607,16
15893612981,15
15609916084,15
14231952861,19
14151097425,2
14115937204,14
15477082966,18
15945377747,14
15114902484,18
14484149149,13
16009547791,18
15789886180,16
15523998089,10
15805025360,16
15843603925,4
15777529561,17
15234823877,14
15794400220,18
15507685847,13
15706324443,12
14954472814,4
14214735324,4
14440341499,19
15785496143,0
15979446093,15
14269341039,13
15834904815,3
15876994211,16
16006820845,3
15776955768,14
14898906592,7
15619293132,14
15503673806,14
14917392850,7
14119842559,8
15670954678,2
15691315566,8
14686127210,19
15730503283,13
14342681583,8
15815043220,0
15451285455,13
16013814558,0
14494624616,19
15255084038,3
14043693059,16
15523950440,12
14206057538,19
15266612121,18
14226842794,10
14272408331,0
15515653777,2
15688975210,0
15515005621,1
15319545501,16
15251897663,9
14078847656,19
15433113295,3
16011071152,4
15594780857,7
15247406457,7
15770016325,19
15705080871,16
15714734413,16
14143232252,14
15719498792,0
15722312048,11
16033220156,14
16014425675,18
15767572867,16
15667492910,10
15924504361,7
14495162368,19
15819618589,17
15696740520,3
14131562033,10
14100851461,14
15836283723,14
15670518344,19
14985612284,3
14394993152,13
15342886887,4
14195721296,18
14225796495,2
14894910756,4
16014140606,18
16012142354,10
15553790181,14
15815182781,7
14493910942,1
14467700513,19
15982045736,19
16003505121,14
15891135504,0
15546046837,11
15492271465,18
15629843517,1
15541472665,10
15876341332,10
15419950273,16
15410525548,9
15913225990,10
15811530160,0
15790913610,15
14213171971,10
14204095722,17
14159795970,15
15731414297,4
14041960441,16
14605761667,16
14358440184,1
15934542072,14
15760987518,0
15966303290,8
15473191473,0
15333686644,16
15581679929,14
15673097041,13
15671348235,10
15820883405,8
15910906741,16
16023643150,18
15804724875,16
14186191935,19
15065479436,15
15704754040,13
16012374714,4
14218565326,14
15795129779,5
14093506718,12
15776614010,4
14821487701,18
15348218677,14
14443462886,15
15881454766,2
15432884351,2
15822220725,16
14144928978,19
14254580806,14
14468832370,13
14263548415,8
15278241258,4
15656329363,7
15716222645,0
15806163830,5
13978926514,12
15128504972,2
15448342959,1
14422742280,10
14455693626,3
15811221351,14
13536360647,19
14107474966,14
15993250734,9
15872848526,3
14222076172,14
15480207292,2
15958259417,0
15292921354,18
16009466533,13
15295106751,18
14129079131,14
15780125141,14
16034368090,18
14265825971,14
13973128039,14
15351153478,14
15894755460,13
15764240740,19
15527762769,18
15927761972,0
14246378583,16
15922773238,7
15934957409,9
14485076008,7
14183374271,14
15947535571,15
15620950234,10
14218691555,12
14944962842,16
14078499759,3
15147887752,14
14414181725,2
14485089325,3
15486545457,12
15429849715,9
14322071437,6
15932469255,14
15307259153,2
15609182169,12
15938670941,13
16019507170,19
15675588795,14
14478839204,5
15970762293,16
14491553579,16
15004931623,9
15457290499,10
15750395910,4
15543504889,14
14416234349,3
14186051444,19
14522037399,13
15854280785,19
15822263453,18
15715993091,0
15597282727,14
15631016870,4
15591808424,12
15998752439,1
14438560610,7
15710879092,17
14140716606,14
14748577550,10
15621052287,14
15869878749,10
14672740754,19
14471152354,18
15962764891,14
15637360180,16
15837291984,15
15377575131,0
14193562287,2
15583709424,9
14267019381,14
14164080959,2
14223538938,8
15328983809,0
15255532123,2
15875522850,13
14407410807,2
15953830183,8
14108265728,10
15732622173,18
15909974628,7
15223511887,14
14448806377,12
14162921143,7
13890080571,10
14140603553,18
14246090467,18
15787653075,16
14215036988,10
15939002224,18
15617429475,0
14144754829,18
14002635718,2
15870347380,14
14183677280,7
15425699433,0
15992111567,9
15956895908,14
15884966897,3
15792221672,0
15157806593,14
15581618729,10
14190370435,8
15768940574,15
14129109743,0
13714552770,14
15768864091,4
15995040805,10
16008373583,13
15601239643,14
15038417186,10
14288836716,14
14912369013,2
15988172607,19
15977672913,2
15515653790,4
15783300234,12
15903907820,16
15873706126,13
14308633495,18
15917439246,16
15566453708,4
14254350505,5
16015801571,14
15575991949,18
16025802121,1
13832682285,19
15273383823,3
15909626895,14
15918644411,15
14462207500,15
14819537250,3
13952814150,14
15974506508,15
15998724029,14
14001581546,19
14155597378,8
16011526006,17
15881639790,14
15733057343,0
14196794898,0
15758677975,13
15847287327,3
15930969862,3
14003847231,9
15943553998,3
16015909487,3
15105497588,8
15526440001,17
15422343077,7
16010970909,10
14766129105,8
15986560681,10
16033462153,13
15764741067,16
14136557486,14
14403378967,6
15934293834,14
15610833439,17
14471277376,3
14488218853,0
14400454172,9
15155330335,16
15708799452,14
15261560733,15
16026685608,1
14096039066,13
15323452857,6
15770832265,10
16024820991,16
15446403886,18
15814506048,2
15878334718,14
15729638056,18
14665491543,18
15652238752,7
15312503311,3
15824209893,4
14202126147,1
15518087867,4
15987390084,13
15893546906,16
14224157857,18
16023627342,2
15955009927,15
13759809522,16
15571887019,15
15947859180,16
14167697961,10
15350050842,14
14063201637,0
15934655850,1
15702001023,7
15008698483,3
15807623844,16
16033681231,14
14101304261,10
15181103489,4
16001772447,18
15508480692,15
15884770321,2
15511675644,15
15903582429,1
15888186266,16
15076264252,2
15330358221,0
14107074182,19
15602486362,0
14815600534,13
14650662497,10
14487319433,10
14015445799,1
15798059694,13
15937684175,2
15861264115,14
15813739670,7
15994349604,10
15606841003,1
15071774995,14
15764240189,16
15987026783,17
15363197949,18
15788284673,9
15519137273,13
15796099789,18
15802007950,16
14435305760,14
14323905299,0
15744699148,11
15395610010,3
15701936558,0
15124607479,19
15808208266,5
15801426530,5
15989050515,3
13563114896,7
14265115137,4
14488962521,19
14491764728,3
14473704932,14
15365511940,2
15563409896,8
15863341114,0
15384878751,19
14359203813,12
14363434553,13
15810917341,10
15607951648,4
15319351266,7
15585934990,3
14254245928,15
15677232151,16
15619293125,16
15778369680,10
15995756254,14
15330967300,7
14458401637,3
16015762163,15
15821880488,16
14487038952,16
13934949128,8
15742184395,14
15943402759,15
15448168248,14
15646210291,8
15268466361,10
14935015192,12
14464078704,9
14488842898,2
14373847372,3
15883493478,12
15888759242,18
15586683636,19
15743536556,3
15621275262,14
15954139676,14
15600809640,10
16008217794,5
15879401194,3
15621116391,7
14950478123,0
15936424644,4
14421587326,13
16032276419,0
14264487389,7
15584641201,19
15769905135,2
15940805351,0
15974330033,16
15420079884,2
15785628777,10
15562618757,11
15917722078,4
14161918885,10
15580396666,3
15698804272,8
15337246979,15
13281186017,19
14481455576,4
15682279985,4
14218714148,18
15901389203,0
14113610198,3
15677468098,9
16002181704,16
15908899908,10
15711902144,14
15981041895,0
14207899132,16
15812487516,10
15845079063,2
14256619601,12
14168639323,14
15513977899,3
14133154332,10
15744209195,10
15910969256,16
15537479882,16
14232675605,0
14959383164,3
16015851911,16
15105442434,16
13884905224,9
16010473847,16
14158099547,14
14113059922,12
14901931391,10
15934935357,14
15730725485,7
14116677666,10
15789788655,4
14359184617,6
15726669421,16
14192746477,19
15527113042,9
15516537736,2
15468837494,11
15969281243,8
15838038455,15
15733071718,2
14423511998,5
15406791349,19
15009498392,7
14156688367,3
14104202785,2
15832155076,17
15993565842,2
15932823155,16
15739067174,8
15782351668,8
15104346025,15
14414067847,9
13832790506,13
15953623840,7
15537548231,10
14156761317,10
15896136508,15
15886574928,11
14115492284,16
16004528267,7
14421764128,19
14478597691,14
15895464949,12
15538072088,19
13983938830,19
14239931936,14
14137083993,19
14475423893,8
15875666790,16
15739563692,15
15603711994,16
15870372378,13
15983688961,10
15764664159,14
14738964622,16
15711964666,0
15348819225,18
15879156050,16
15606745160,15
14131004847,18
15982799452,16
15509055290,18
15926850326,2
16024798195,16
15806979283,14
15933935440,8
15373295890,3
15286985026,13
15732482595,4
15815858081,14
14150117158,3
15792424968,12
14261942940,13
16018559468,16
14150635841,10
15408388442,14
16019208490,16
15740450350,19
13983729442,18
14489324366,12
15909942580,2
16003918254,18
14298664589,4
15800813456,19
15936323399,4
15719286084,15
14086880231,14
14168189192,9
14348027383,13
14191414888,13
15912179213,14
15598126035,2
15640326128,19
15766786073,9
13840093207,0
14150976094,7
14217992359,4
14225781671,1
15700335358,7
15519138220,13
14935384285,6
15264054290,1
15712413233,5
14490320523,7
15751693442,0
15748344534,9
15700027709,7
15733981391,14
15835190750,8
15622662551,3
15447852334,3
15402030117,18
15831379470,4
15320537912,5
15442512749,12
15714784931,13
14150276305,16
14674861425,18
15935346220,14
15744661457,11
14084870686,14
14452191867,3
14433806725,15
16010722248,14
14310002873,2
15765488641,14
13862627526,7
15890794306,15
14140507017,16
15917367157,18
16028560911,16
14137859059,0
14064509211,19
15424633591,2
16015211903,19
14212466994,10
14135509059,8
15981915797,16
15790185716,10
15971626605,18
14295025497,19
16024168587,9
15966938732,10
14360558942,18
15776279772,0
15920451168,1
15854729748,18
15869021877,10
15608957574,18
15152070897,4
15698571624,7
15802620419,13
15998116687,1
15467045482,6
15774617532,1
15978472537,10
15788116896,10
15713375451,1
14129231976,16
15919113979,19
15893317873,16
15768235693,18
16013997633,19
15233709420,16
15248756830,14
15464837482,16
16016208167,1
14180782540,19
14144624648,16
15950404803,1
15266326601,13
14062539968,9
15824563931,16
15696351295,10
15590786004,8
14392129935,12
13281185035,1
15325057619,16
14188257132,16
15837448871,0
15995868646,14
15734030688,16
15751633756,10
15935441935,14
14225467856,16
16010557167,12
15939658089,19
15669109883,16
15670728224,10
15405223915,18
15872885318,9
13997483124,16
15996334115,7
15998414540,7
15443045638,18
15741235970,18
15744763819,4
15343707286,14
14478361733,2
15907870185,4
15770765423,16
15699429998,7
15777636458,9
15880807216,13
15084959407,16
15246488550,18
15785205124,0
15975588439,12
15572851756,15
14139196732,7
14016458352,16
14475638839,3
15498058408,16
15730095321,10
15572980237,3
15631324701,0
15962769209,15
14137347667,3
15446275973,10
15822699233,10
15701188621,0
15983856876,14
15893174611,8
14193101155,9
15480690483,3
15912695156,1
14320897860,6
15639306379,10
15669486708,10
15836197729,14
14161505886,19
15802818327,18
14070167790,10
15173351190,15
15337093691,14
14441279329,7
15087560091,16
15679555575,7
15891099146,10
15734597783,18
16002701135,16
15600024376,16
15687215128,0
15917974533,19
13851107197,3
14181702839,7
14487258475,16
14368951481,13
13988291481,12
13858318537,4
14164876944,7
14366020567,2
15345858134,17
15539857998,14
15943326931,18
15512933620,19
14263539967,19
15373036147,6
14485829903,16
14153729919,14
14222198759,12
15533096540,3
15423311755,12
15593779470,19
15525231669,19
15995570828,1
15562230752,12
15346391274,0
14463420779,19
15914658926,6
13984987869,14
15727750755,13
14743047019,18
14586404302,12
15367511309,15
14735734563,15
15623596145,14
16032445573,10
15779052557,16
15076179264,17
14196263972,3
15800338018,9
15631055382,12
14819805934,9
15705091207,16
15636154723,14
14072547040,4
15110443175,8
15099591817,18
13844254931,9
14541589431,18
15424954132,16
15931371831,15
14014180330,14
14093614665,9
14110799061,8
15874760367,4
15789649522,16
14169579125,14
15611736548,16
15857081014,18
15686182708,19
15987045401,13
16013360287,13
15826601994,18
15775026227,3
14132700846,4
15733991932,12
15699582429,19
15919951687,8
15800168009,14
15561573663,9
14485406901,0
15265818048,10
14215727439,7
15799722491,5
15952052428,4
15827405144,18
14472174033,2
14468831438,15
15875202134,7
15250487597,19
14112634381,15
15289578002,19
15508542966,16
14137253477,1
15859971619,0
15974104124,14
16015277327,9
15001758553,19
15234088627,13
15786362082,0
15461301834,10
14216144591,18
15234324985,8
15914060826,10
15730574144,9
15725925225,3
15838966012,8
15773804624,3
16006057695,10
15686008254,8
15776923738,9
14730373831,3
15725179211,18
15309763701,15
16002885197,2
15968608563,0
14680693403,19
15377831074,2
16004098857,4
14250932978,15
15909846047,3
15701196531,16
15939903750,4
15924793886,2
14163004330,16
15758119330,3
15966111817,8
15267134635,10
15535589786,2
15826743363,18
14471152648,13
14321766714,12
13836807726,19
15738919948,11
15984881054,12
15793186463,15
15062793160,18
15219930368,0
15700081745,0
15769765635,15
15481087010,19
15001287837,16
15409494847,18
15786603176,4
14246309301,10
15753348630,2
15826613517,17
15697543899,14
15767938968,10
15939115924,16
15589667416,8
15927433738,16
15752465295,17
15905860551,16
15266852486,13
14476994692,13
15268429868,10
16010907968,17
15868717170,0
15367424389,15
15822149379,17
14438983855,6
15648465056,7
15849704705,12
15853120066,18
14203194430,9
14165782260,0
15147050983,9
15817043957,16
15545814294,7
16022621931,16
15882583155,1
15784636551,14
15955519069,3
15764855021,10
15633262001,10
16016047383,13
15933808499,7
16003532971,10
15786831277,10
15594267071,5
14474000003,8
15249654809,13
13768682258,19
15874169129,19
14493462475,12
16010338086,10
16028629654,5
15778467994,14
14103641982,7
15952084644,6
15630897429,16
15895384277,6
15294918171,14
14955762666,12
14451024330,19
14094214506,6
15444887127,2
14155358947,16
15995966268,19
14478118391,15
13914055797,15
15902802523,3
16001519857,13
15247829162,0
15744322259,9
13748093769,2
14920225117,4
15684363809,10
15841724633,2
16028685509,4
14409417665,2
15261528637,18
14130402753,16
14170706811,7
15992903560,2
15993374095,2
15390931372,0
14012777739,0
14989107005,14
14124488548,0
15912057232,12
15944448892,16
16022883544,4
14491379920,8
15397542278,16
15888167861,13
15514563640,18
14451938322,15
15740869336,7
14565787550,0
14170758160,18
15024514881,3
15806708102,12
16007589551,14
15177102015,16
15998743182,7
14816338655,12
15944584099,3
14168270256,2
15911154107,7
14869454985,3
15100434405,13
15888622077,16
15701007752,16
14441725791,15
14449598283,8
14981407937,8
15993211515,16
15852269603,19
15668626576,10
15891940809,3
15063783488,9
14433130430,2
14361390740,7
14194875735,14
15737601290,19
15877605790,19
15922419581,16
14218190764,18
15629343641,7
14164808687,8
16007846897,10
15785019152,12
14125641709,16
15990013086,4
15999838255,10
15731496574,3
15864771439,16
15922081356,14
14451498584,9
14023576893,15
15929001163,6
15986231825,15
13993876722,17
15839529499,19
15103672280,18
15986114209,4
15694757842,10
16028444083,4
14175189984,16
14004396905,10
15951101249,12
15999747666,1
13803639822,0
15484284429,15
14392061825,0
16026997236,16
15803342427,5
15431692142,16
15092242596,2
15813826166,3
14245482570,0
15429201246,10
15793978122,5
15944449188,10
15918770764,3
16016378234,3
15769653724,7
15088855147,14
14223100526,4
15918093003,13
15930706575,15
15854917063,16
15804171654,8
15323131017,2
14103288067,10
15057193274,4
14179063566,12
14292278088,2
15824335964,12
15246203689,13
16015587485,16
16012315997,4
14351572936,10
14041220861,4
15802907108,14
14410828898,2
15610577451,16
14038487846,3
14491720803,0
13880103332,5
15946389497,18
14179579434,14
14358389985,9
15373677774,4
15832372155,18
15712100747,12
15090134107,16
14490149213,13
14214378205,9
15952317159,14
15838005220,10
15838588448,0
15277955154,8
15392956041,9
14176088600,0
14202133815,18
15520721067,0
15806855167,8
16009373360,14
15803708369,16
14148548251,10
15808633185,10
13933188146,4
15455249371,4
15017070146,4
15726931501,12
15940810852,18
15542853300,16
15514465556,18
14420107897,13
15662260575,16
15177954486,7
15132133139,14
15716563714,10
15741852679,3
15443975273,10
13986292649,3
15278168159,18
15316487541,14
15259736302,2
15902517225,1
15673542848,3
15590919485,15
15681714216,16
14218474881,3
15160495635,3
14411273447,0
15924368770,7
15342808216,0
15936205837,16
15565777041,4
15770818765,8
15922268721,2
14234469139,0
14159692611,12
15619484395,10
15969053251,0
14397350188,3
15709221568,9
14392108711,4
15654722282,10
15839254857,0
14156962687,14
14177621306,15
15920547517,14
15157795101,18
15933132645,7
14472235933,4
15799066710,14
15926965886,0
15786579360,18
15003567788,18
14277637776,13
14442543542,14
15847273322,17
14096328365,0
14147050932,2
15461364316,18
15800052562,3
15625723690,13
15830788634,4
14359207005,6
15732307134,12
15753738213,13
14662994404,10
14169071216,14
15670710047,13
15872643137,11
14204289904,16
15083544804,16
15667543355,7
14469511656,7
15998084587,19
15527775231,19
16004037887,15
15929493655,2
15239637706,12
14189927862,14
14025406573,0
14251662691,8
15889572998,8
14114310471,4
15147206601,4
15834246858,19
13974469943,13
14269603541,10
14183067912,3
14208972797,15
15734002777,12
15576012652,10
15216763147,18
13873268835,18
14334298494,8
15194994862,8
15934777917,7
15881477473,0
15945747293,14
15578708394,0
15958167945,3
15993060788,4
15712601997,8
15605484014,3
14201291515,0
15944849198,8
14910349668,0
14183535581,18
15908084201,7
14422613585,13
14233227085,4
15705780401,0
14555550371,14
14226186139,10
15775949998,13
15241712537,9
15878493231,3
14130001294,12
15781718410,3
15649703472,8
14116193214,18
15820144233,0
15774084341,8
15740937974,0
15732912726,9
14201406525,0
16030246514,14
15687398635,14
14128026523,16
14161138601,13
15290698037,18
15814595730,17
15989629948,9
14374753987,0
14162303764,2
15780206025,10
14140687428,12
16012754383,16
14742781528,7
15570987643,0
15926485894,0
15825644471,15
15983664503,0
15200804090,14
15910006231,16
15332550013,1
15785159186,3
14339331063,11
16034703649,7
14043763408,13
15011908626,6
14256619222,0
15768184271,14
14159362882,0
15954144691,0
16012801974,1
14077646881,1
15993720081,9
15690337844,10
14181696886,19
14158286855,14
15375461924,10
16011262073,16
15521168426,4
14986242222,3
16015161949,7
15732356617,14
15946642174,18
16021707909,0
14166536722,18
15452369322,13
15277438148,13
14410704128,4
15996341613,14
16006820738,4
14013503623,14
15876063575,9
15381265299,19
14420261992,16
15936035473,10
14201304212,19
15880795839,13
15828061197,1
14140669347,0
14439148564,2
15382696034,18
13825750156,6
14388358560,18
15609050188,3
15016911776,18
15766243259,18
13916209155,0
15939658261,19
15355185808,16
15816325526,0
14107031999,14
16024717705,16
15812020807,16
15720010438,12
16027506993,3
15871665793,18
15722426958,14
14148500668,14
15854343409,13
13936517121,19
14481503369,7
15725917691,13
15796487386,5
13978994226,3
15796446648,18
13563114773,7
14431978598,1
16015789632,7
14199542878,10
15607198434,8
14189972975,18
15142113143,15
14014639714,14
16011261641,19
14191340882,3
15618168050,0
14153729936,0
15984128448,4
16006323303,16
14569041109,14
15700975361,14
14930688658,7
14217604761,14
15922370500,19
13825090219,0
15311048157,6
14257048546,7
14137800089,15
15154642787,14
15736608125,18
14993078933,0
14138778591,8
15598099647,14
15939926696,18
14684861206,4
15991443342,13
15779160045,3
15922472941,12
15927555534,13
15806706731,9
15480051710,2
15965604005,15
14161439682,19
15020215750,3
14467554907,7
14863231437,18
14721112282,10
14067510291,0
15903736464,2
16018577397,14
15010818410,6
16027184108,4
13996934155,4
15832091771,4
14468089231,1
15812357905,18
15370333093,2
15729624621,16
14485269914,3
15726085976,16
15818806015,15
14937293354,18
16003918328,2
15294804957,7
14353915412,8
14183420946,10
15882743803,14
14957612237,1
15964368834,15
16024453470,10
15799920492,8
15411124018,3
15619685792,16
15924896658,16
15794015357,5
14274057010,0
14364808905,18
14237728214,18
15413747016,8
14894910925,2
14029964127,8
15995604010,19
14553222599,0
13842892932,2
15821717027,2
14475568100,0
15264417907,5
15977041712,5
14445269448,3
15755985233,10
14122277364,7
15889863928,14
14218679152,0
14147086003,16
14158791465,17
15703888991,0
16011036653,1
15520625239,14
13775786459,15
15851341240,16
15714030186,4
15989265444,0
14170424190,13
15777552203,16
15270170012,15
15783440037,9
14130607525,7
14175274664,16
15775056874,14
15565776156,18
15888579855,16
15984118942,2
15869992186,3
14212696825,18
14983394238,7
14450354532,10
15586855244,7
14430975221,19
15298514755,7
15535204358,11
15664545816,3
15988655143,14
15595990078,7
14404380847,15
13858317906,18
15724788563,16
15570152491,19
13943734819,7
14210055193,3
15898209079,14
15341327231,2
15712584446,14
14323903785,6
15392269930,10
15083559472,13
14156144101,4
15951138960,19
15220856742,4
14238311147,16
14407717657,1
14231292962,12
13963629407,13
15029327976,18
14212023877,19
15682729928,14
15329951530,18
15993666449,3
14492204348,17
15804365717,4
14171195712,10
15812941244,14
14229439400,4
15897093345,16
14207695491,4
11554236618,12
15669985283,8
15675198699,16
15715303422,16
14395736360,18
15344974476,9
15839300836,0
14650534539,16
14155084156,15
15535843636,14
15754382926,14
15473172120,15
15512783168,1
15001260694,9
15979810434,3
14186998188,14
14744070109,18
15891087551,7
15945608038,16
14140268594,0
14652418266,7
14135980377,19
15803729442,13
14344171328,8
15857887985,13
13734937293,7
15434924097,0
15934673752,14
15795512913,14
14486700689,9
15910842974,7
15361287094,0
15443651228,4
15774668875,4
15956910442,19
14483673812,12
14189452688,14
14749056810,4
15765600546,16
15418469093,14
15769574177,10
15062863665,14
15248015447,0
15715566275,19
15894301672,16
15751828910,19
14462625524,1
15924199922,0
16032228092,16
15856069504,1
14576501794,4
14594246275,2
15943720241,15
15573811193,10
15781107538,19
14213794338,14
15434547364,0
14054936539,9
15792333996,13
15991571896,10
14155358961,7
14579032169,18
14298158120,16
15665185363,0
15748344232,2
15857025180,8
16016590748,16
15822220735,14
14210771497,10
15873741071,13
16014321283,5
15925355406,18
15933967388,14
15086715170,14
15277079608,14
15995402736,10
16016770844,9
14152482622,14
14450357135,6
14102288112,16
15823616949,7
15794319062,14
14220036355,16
14074859255,14
14052588228,10
15615777755,2
14202562506,4
15798711484,5
15832816448,14
15591793721,16
15786123922,1
15788785252,1
15836007325,19
15260690178,13
14203255995,12
15935183647,3
15890746613,12
15792321534,4
14206541396,14
14974377391,15
14136006944,1
14154957624,13
16013283921,9
15343322250,7
15847137843,7
15476746683,14
15804117405,5
15739655751,2
15911023719,3
15275182801,0
16013966184,14
16007738159,18
14231124527,19
14209821159,6
14888784909,3
15613009442,14
15737554327,4
15912036718,14
15715804368,4
15956324536,16
15224201809,4
14214675503,16
14854421537,18
15246041687,14
15755049673,10
15256825954,19
14458583447,0
16001365995,10
15774210846,18
15447230118,0
13990108873,12
15229702170,4
14132702339,19
15084670799,1
15730493507,16
15593473408,3
14980772102,14
16027932891,7
15764466030,7
15632599143,1
16028226497,14
15981412497,3
15928780284,16
14206537195,10
15986996230,16
13921268876,0
15724788456,0
15876119416,5
15093652936,19
14749056771,14
15270967330,9
15526444590,19
15700064472,18
15626037480,6
14488259873,10
15786157205,2
14326710507,10
15619487582,3
15732921344,4
15674153800,13
15495382407,3
14214654946,9
15851527001,9
14234443302,4
15272625754,8
15798710034,2
15742576448,8
15726459415,15
14451964086,14
14187630366,3
16022180059,14
15803454503,13
14395140073,14
15871218276,8
14236390691,0
15496979984,16
15275760866,19
15256189567,10
15993765715,13
14490121962,9
14134898717,4
15687215978,10
15976208268,18
15705070731,3
15697787273,16
14164731706,4
14137307239,14
15969369359,7
15872148412,18
14821522183,16
14218106544,16
15993788943,14
15531525895,0
14100455019,19
15847469611,3
14838430299,0
15953852380,16
15522284295,0
15945608047,16
15845398420,3
15964906687,18
15698297737,1
15285168635,16
15433318496,9
14167290375,6
16034696587,12
15891128714,18
15892301239,12
14225079805,18
13976560749,18
15232848109,19
14017021358,18
15811027037,16
15234947117,19
15979723452,7
15940795505,12
15524037693,14
14225163263,1
15998709466,15
15283012321,16
14863361474,16
15742628409,19
14437240786,2
13999139019,14
15747913041,0
15834318343,18
15837112548,10
14140205011,0
15836058406,18
14159949001,16
14971600751,4
15951202537,18
14471181300,10
14463400045,3
14276847117,14
15602840375,12
15790087768,18
14117295846,0
14190541172,3
14219117024,14
15852359830,11
15906976836,18
15310241593,8
15315076366,14
15674760904,15
14224053276,13
15909860344,18
14859920834,0
15699550013,16
14203172154,0
14146825881,14
15851032895,5
15893045266,18
14414877826,10
16020082566,10
14369181740,12
15847394165,13
15714226065,12
15994422894,14
15675549788,0
15251057882,14
15637984115,14
14029612736,18
16007849006,19
14252724124,0
15702055373,18
14142603849,3
15966008784,2
15445176483,4
15714277664,15
15541444735,19
14481477498,18
15610198964,4
15840209287,18
15810175895,3
15968684229,4
15910161838,10
15573586565,2
15323020100,3
14826871481,14
15352025785,18
14168878896,19
13968594174,0
15729518636,9
15767680835,3
15753059725,18
14491564877,13
15746606629,16
14209662208,7
15576905312,11
15353716461,10
15520744148,16
15711531978,8
15622776951,16
14249922824,8
14154342981,16
15628950705,14
16034703694,12
15049437885,15
16009797158,7
15830847649,11
15939433316,12
14166638349,16
15576198703,10
14458646627,10
14189899608,5
15415048934,8
14258444754,14
15988470587,10
15822712533,19
15796880228,18
15096006545,0
15491005257,14
14376744115,18
15826017872,16
15783916604,2
15482663284,10
14127651742,9
14006039795,9
14142090572,0
15630376884,13
15640416383,19
15520608162,7
14719989334,5
14451088178,13
15960209272,7
14033614174,4
14128249071,10
14174303446,18
16001748939,16
14380304652,13
15166521734,16
15831222886,10
14388073371,2
15884415004,7
14195979994,16
13786544442,7
14152714042,1
15713688087,10
13815929384,19
14150948378,0
15769540002,7
15839586609,7
15993386306,10
14198922704,3
15264931276,10
15827823712,0
14681233597,10
14731762074,3
15681397404,18
14371199760,14
13836003315,14
15773035659,10
15856336777,18
15580601857,3
15823976361,3
14167983572,15
15792540612,9
15795188041,16
15996590069,7
15718361093,0
14931353105,16
16009718269,14
14046996558,12
14190326090,0
14391994070,9
15931020521,14
16026985384,3
14912537754,9
14198409643,8
14122268987,8
14965914786,8
14088659560,10
15595889841,2
15000833732,10
15827514754,14
15393397158,16
15835467685,19
14226696000,6
16027534208,10
15330958538,18
15000258807,7
14209845470,1
15986713022,12
15795612752,13
15808113139,5
14240756194,10
15879518375,2
16000732252,3
15622964882,16
13864355907,7
15319169724,8
15868161862,3
14893363667,18
14794923140,15
14470074791,11
15808582139,0
14136977581,2
14151191870,0
14471143708,19
14214702620,12
15792413533,16
14221686084,0
15819523795,12
15087283632,9
15845617818,9
14033847222,1
15765343782,18
15986669585,18
15603690839,1
15791590632,4
15739682980,10
16012753496,16
15978916613,16
15925585664,0
15161130545,18
15792927529,14
15713375715,8
15903589735,14
15787497012,1
15731446255,7
15926559965,6
14168568163,14
15780791915,17
14137169387,16
14781743332,14
15976580811,14
15313208495,13
15638636325,16
15812476105,3
15762220568,2
15255525799,12
15818384681,2
14474456568,1
15791273518,16
15907130930,10
14865610776,5
15789704784,9
14262704650,0
13999107388,2
14446760620,10
15853429484,3
15618677299,3
14435874253,6
15886611852,10
15484284899,15
15943540103,16
15804731409,16
15432475571,3
15085173052,9
15690272091,8
16002459442,4
15689704108,7
15860182517,3
13720964546,8
15860222935,3
15916022896,16
15767898908,16
14746279246,0
15770053503,13
15482436084,19
15971210790,14
15235820133,13
14492932164,2
15560041444,2
15971520407,15
14054000609,16
15288854183,3
15637147174,7
14130261206,18
15238718596,0
15857123090,3
15765853102,0
15802605648,0
15370038021,0
14223972678,0
14649182145,14
15596189403,2
15888780710,16
15923579682,14
14157871392,13
15251461364,15
16006210794,14
15614208570,1
14184033079,6
16003460528,19
14022870947,13
14989409466,7
15996494997,14
15921598752,0
15793463713,16
15744269686,12
14392243646,7
15774213627,14
15954516806,18
15385383298,10
15848915308,18
14214977941,0
15400662269,13
15750946027,16
14023133993,14
14480751636,14
16003594458,17
15815090288,7
15611782294,8
14005199424,16
14381002747,17
15239080959,10
15940923067,19
14708641993,8
15247379514,19
14464874414,9
15731694624,16
15941875133,15
14207037202,0
15211500860,18
14178653306,4
15664201950,18
15425775622,0
15958600361,1
16016777751,4
13996242676,7
15699703048,18
13860813870,13
13945552956,18
15813349963,15
15105677451,7
14318231724,9
15886202184,10
16016693795,15
15969366359,7
15971067308,3
15289537499,11
15785061693,10
13999794671,15
15870668198,5
14491255389,15
15342293671,19
15881357558,2
14215203189,16
15871106632,14
14178789908,16
15751304891,5
15332564741,12
15699667434,7
15720128131,18
13942976694,4
15934692615,10
15590707141,14
14491302217,7
14100454084,18
15794319589,3
15587315547,13
14017100436,13
15183033594,14
15676690386,4
15926664741,12
15727708497,4
15954816942,18
15024490031,15
14334888599,6
14842927842,12
15718296592,19
15774411019,15
15766262801,14
14185842871,8
16023867399,16
14442573176,12
16024470243,16
15830246815,14
15915855283,14
15720415195,14
16034948288,10
14188570230,15
15704674705,12
16017120530,3
15980804628,19
14923675771,7
14206140716,0
15983267293,14
15904250905,12
15713299831,13
16032219493,13
15461016010,14
14196929186,2
14151172137,1
16030528123,16
15250851148,10
15000338561,7
14596412767,16
14078873269,13
15706608302,2
15890288404,0
13948745161,13
16034870412,18
15970382113,0
15575308456,18
13828353468,15
16029941597,14
15878883113,3
15541969384,16
14212636853,2
15863054367,15
15480465624,7
15793518326,6
14602570204,0
15892159171,7
14116938807,4
15733052231,3
15938543162,9
15915746929,3
14394581605,13
15369687366,15
15379831561,18
15630525691,9
15994841081,14
15581679139,7
15846291149,3
15865105063,2
14107655488,2
15718257581,14
14146248397,4
14223010489,18
15687934847,14
14101690572,13
15956539035,0
15949295599,4
14486124505,2
14491586133,2
15026442456,18
16012626327,8
14333289341,8
15716964576,1
15744265485,3
15754285290,11
15682735089,3
14122271409,15
15932616276,18
14022417698,8
16009664627,13
14022870657,10
15232413738,9
15088759870,13
15801650585,15
14175021081,7
15009498504,10
15931217165,16
14094617976,13
15769825636,2
15899566676,15
15808467866,13
15745036113,8
14197032540,18
15423253688,9
14043250826,14
13922434309,14
15393395397,7
15902028950,19
14212957982,19
14152080179,18
14067734112,7
15792626860,12
16016986024,14
15812853999,8
15399769633,2
14271769691,7
15333978400,7
15545061506,13
14545011078,0
14491306269,6
13981689478,9
15910112216,14
15774736074,18
15257823741,2
14149295080,18
15478647378,10
15764045910,16
15737060566,0
14200140777,19
14811120298,7
15671179871,11
14210127297,12
15912342331,3
14207993897,18
15699098178,14
15724787990,0
15733667004,19
14156281516,7
15189903077,19
16025997670,3
14434874167,16
15952136378,18
15726945880,10
15251418647,14
15997262688,16
14322071125,11
15466033693,4
15027659566,16
15718170624,4
15933430519,7
15702295373,14
15124637533,18
14255374303,4
14309961013,9
15234728059,13
15426572907,0
14978438824,12
15600626901,0
15165922056,18
15756643906,10
14916095937,18
15394882539,10
15352025782,5
14230805610,6
14148235207,16
14080769790,1
16018365603,3
13946522991,7
15511996268,3
16001317607,14
15398185276,13
15414565052,16
14175608421,17
14261933955,0
15813644916,9
14136299121,17
15837534947,10
15611429751,14
15162223298,16
15696437446,13
15919844534,7
15814024535,16
15597157679,19
15835246908,0
14926437787,16
14142320915,18
15962180789,13
14188400369,13
14074859268,14
15938713781,10
14212549777,1
15607538124,7
15785156561,0
15601099314,16
15311867976,7
15822327719,2
15943647419,10
15878192371,14
15991148699,0
14981943746,19
15999021295,4
15203654665,16
14377179672,3
15769330919,18
15664530747,18
15248986482,1
14366608812,15
15763883907,13
15861604554,0
15419970730,8
14042619273,17
15842795193,3
15606351702,18
13976343743,13
13985941193,2
15831222610,3
15920414019,8
14680264464,17
15519094161,18
14434893590,7
16004719852,9
15834523688,19
15560954838,11
14125969232,0
14129574105,4
14490440851,2
15360567503,16
14190615857,3
15573638401,3
15540990357,0
13999202753,7
15934542027,14
16012066910,18
15317086875,18
13980991499,18
15927787029,2
15345007964,2
15705274505,16
15257979142,14
14067368147,19
15926995982,2
15296535371,10
15918028061,2
15765855564,15
13850562433,9
14933423524,19
14261262104,0
13886843029,7
15619501451,13
14058415679,16
14446209780,17
14102020565,4
14217450213,18
14619451157,2
15558706678,14
14157289289,3
15342541546,10
14420264862,2
16001512042,13
15515358324,17
14213775264,2
15734527120,2
15986608884,6
14016423432,2
14173132609,4
13291605013,15
15758489077,2
14465017914,8
15732007558,0
16008876570,15
15962577042,15
15588311014,19
15927498539,0
15136671677,13
15892178959,0
15649452699,11
15838844337,14
16008637502,13
15733641637,16
15838567411,16
15911213217,3
15349084624,2
15344120205,10
15246430074,3
15828532750,18
15784456706,14
15980740236,3
15924304849,9
15585345813,14
15618511931,14
15767939212,19
15881413187,10
15715540028,15
14154298331,14
15383202336,10
15982923648,2
15765203378,16
15971665445,19
14126848799,3
15599700856,7
14158679318,1
15937173465,18
15920183624,18
14218941854,19
15982487580,18
14374927110,11
15788137437,14
15699666985,18
14168638937,2
14487015773,9
15983280070,1
15186977337,16
15948483674,8
15769682129,10
15805012389,4
15838852065,15
13536360447,8
15767599590,3
15960708433,16
14926243569,14
15836799265,16
15038791193,2
14154691780,14
15589182226,19
15454279986,10
14868887402,16
15832426841,9
15763848405,14
15827184225,9
14349137102,17
15726458123,3
14487992522,0
14204164588,3
14985410079,7
15803069927,13
15990051410,10
15979563469,3
15646520748,10
15801489532,10
15623409951,17
15926688210,18
15107475115,17
15737839307,3
14321585688,16
14447010402,11
14471611306,15
15563815456,12
14146424490,10
14127651631,19
15983771857,15
15448866845,16
15827556194,13
16009635266,18
16015140844,4
15639931801,16
15391390443,16
14240497445,7
16001416115,19
15946402566,18
15765602155,12
14493057073,3
14190971952,0
14168895724,2
14403220783,8
15843461577,7
15513768199,18
14145881861,10
15919602076,7
15643161751,10
15983178532,16
14437459643,3
15836351540,10
15821759561,15
14388358619,18
14194916504,2
14210094271,16
15970988822,12
15332934283,15
15761026625,16
15769704058,4
14175901523,0
15615681476,14
13935497720,2
15978428446,14
15727512503,2
15922416382,13
14909800050,16
14340960732,6
15481082820,14
15201470181,14
15604406234,3
14004657844,15
15682670128,14
15077364462,16
14354571502,19
15811012669,6
14181204499,4
15866096651,4
14157016413,14
13746783166,18
15954666803,7
15444249494,10
15847187777,16
14101928445,7
15511638783,15
15420035041,3
15087992776,10
15481278798,3
15763254890,3
14587690020,0
15942652664,16
15385272461,3
16004736716,0
15565582695,16
15907971716,16
14166572533,7
15096383284,2
15889101271,9
15343267574,3
14201357099,2
15357218451,5
15609756524,15
14920225115,13
16032421538,3
14171716038,19
16028036143,3
16006474514,18
15212218472,8
15829600187,2
14224426341,4
14661578609,2
14128292499,0
16001214503,16
15928804136,2
15241351067,9
15997990737,14
15105498286,19
15815644467,6
15780849165,15
15937751103,15
15508486323,3
14154181478,19
15391301320,0
15863054347,8
15062853855,5
15727136864,1
15625195416,18
14442211703,10
13725785762,3
15150711439,9
15939966054,0
15470423811,0
15895875932,15
14128280241,0
14190554651,15
16009608197,19
15800644878,16
15711767663,3
15321723488,14
14153257337,16
14202980627,0
14210691830,9
15800891424,16
15522549862,18
15842267041,7
15650679372,8
14145382582,7
14480723363,12
15958391155,16
14143858596,16
16024527638,16
15464438872,14
15716019918,6
14168200065,16
15147386923,13
15977451398,2
14044567785,13
14413286490,12
14995973422,0
14822948823,6
14417489685,1
15370547488,10
15800410514,15
14485291246,13
15635493959,9
15591371043,9
14155294235,0
15801485524,0
15868055662,2
15580348703,10
14033038311,10
15832334958,2
15476564607,8
15633570204,14
15982985095,15
14738270332,3
14252482382,10
15869538163,4
15787764054,16
15838862306,19
15206969789,18
15807309304,15
15990058682,18
14685580845,16
14489322935,18
15811923213,16
14388760075,2
14141826179,12
15991007705,10
14103701420,4
14910394995,7
14232313426,0
15343192157,5
14400583608,14
15451385154,17
13910492553,7
14641899404,0
15863517177,2
16007295876,7
16013313919,18
14031969649,2
16030618004,16
14181264361,4
14438911483,8
15182440439,16
14771846998,0
14129727487,4
14330389436,12
15604744630,11
14120024004,16
15684006582,2
15906502900,10
15404479825,14
15524739087,16
14385832780,4
15920039792,4
16021232460,12
14225815299,3
15875694609,5
15685368859,0
15881021848,10
15256197666,10
15238410312,16
15070238966,16
15603683089,18
15685210023,1
15600541575,9
15832432074,7
15956017796,14
14314822024,7
15502515276,8
15780795722,6
15587945231,8
14150858366,13
15360319967,2
14454821050,10
14781402816,14
15476031388,12
15143320000,14
15556979563,10
15737732657,16
15540297615,6
15064669056,13
15761586438,0
14206557939,8
14124227352,8
14599553805,10
15894949294,14
15480623234,12
15837520395,14
14234529843,10
14272486613,18
15255803800,2
16022620881,10
14263385540,17
14487263330,18
15222813039,14
15995061795,4
14978664806,16
15588401165,16
15238972844,3
14148503396,16
15587650654,5
13978994725,10
14420759714,9
14210844050,18
14227671815,10
16033492092,8
15385589418,10
14439045361,15
15823518345,18
15632552889,0
14781386968,14
16013304317,15
13773755770,14
15992852043,16
15837520340,14
15087697295,18
16010872076,4
14182778566,1
15871108869,0
15769683790,10
15177954458,14
13981670567,4
15894700650,16
15594013173,9
15846873016,8
15768694103,17
15984810541,16
15415048634,3
15820639030,18
15130732273,16
14392157480,15
15977487900,9
15438188049,16
15580341227,12
15981162400,19
14026845633,10
14134966738,18
15231279814,10
15602067087,13
15704364156,14
15907349521,14
16005322990,19
13963302969,19
15710830325,0
14196518902,16
15833617098,18
15804723203,16
15992503898,14
15000821092,15
15786104926,14
15533097014,10
15939919412,10
14264852424,13
14214596154,3
15784652386,12
15393274785,16
14077391971,0
15633941925,15
16008748773,18
15790845790,18
15871470088,19
14191056348,4
15639420709,0
13925999765,2
14467259664,12
15928684685,0
15728692067,9
15793455355,4
14187686401,16
14770546809,4
15902472048,2
14010694821,2
15815700470,18
15988072915,14
15536493985,10
14225537510,2
14466442673,15
15708010790,18
14251108111,7
15076305900,14
15957622825,15
15990419128,19
15293084362,4
14261580709,18
14147465478,19
15957061438,14
14175510842,14
15520626891,10
14369192853,13
16000481131,14
16022359693,19
15217903602,4
15689348861,7
15344179477,14
14122064629,1
14224872876,15
15862477369,18
14126035973,19
15879398954,18
14145885487,15
14851476652,7
14258189790,8
14472851890,8
15911987570,16
15718168721,15
15788837063,10
15732487197,4
15311613218,7
15774114271,13
15565237214,9
14892576178,0
15876034872,15
16002534506,7
14471194802,18
15714252344,10
14172979223,4
14447164384,15
14200470722,2
14879982582,19
14167290292,10
14005818314,9
15835595377,14
14221673707,18
15947238741,16
14923773330,16
13965514274,7
15383086230,15
15899524019,7
14247230714,15
16007457195,1
14485291087,4
14194716785,16
14148668727,16
15523092123,16
15428501627,2
14163518385,9
14182533036,18
16015908473,8
15434114457,14
15866721877,16
14232734252,3
15434528974,8
14150667369,19
14007735711,10
14413885451,9
14828341829,14
16018414316,10
15365431298,17
15956240490,5
14665944077,16
15918147631,12
15353828086,14
15232273511,7
15967633012,4
14987106060,17
15767289221,4
15967059841,16
15911137810,14
15316885954,4
14219601136,18
15824052406,0
14183882248,16
15747150857,14
14874484787,14
14422562177,13
15825317579,7
14144236274,13
15767623521,16
15258735434,4
14042872816,16
15691959873,18
15098263554,17
14088489349,18
14004601107,10
15842149867,2
15907905958,8
15787202726,4
16001072968,19
15480396497,14
15105255076,2
15991004757,19
14420120029,14
16016746333,18
15957432641,7
14438987322,15
14475954808,7
15841139541,16
14093740652,2
14888685387,0
14205458231,8
15891443740,7
15830069248,16
14418446778,14
15978384884,15
14422795061,4
14442933026,19
14481715945,9
14110349589,3
14076883334,7
15251926020,0
15803464111,16
15541426101,10
15328463642,1
15823211278,0
16012550043,5
15250119441,0
16023570053,19
15917506574,19
15390930979,10
14185721218,7
14199550440,18
15670925487,0
15776547409,15
15732385791,18
14489815824,2
15363778836,10
16010547802,16
15753811524,18
15812716266,15
14069674756,9
15828658102,14
14080783149,18
14233637857,4
15685802298,0
15389094779,15
13854762153,2
15735593411,18
14320886536,15
14216781523,2
14229787733,16
15997716025,10
16012213796,7
14090195668,13
14148179492,2
14878265748,19
14180847709,19
14675880863,4
15521614571,10
14165027923,0
15770083200,11
15591260267,10
15403735565,8
15790338918,8
14201743485,16
14222584726,15
15522440243,14
15609186146,3
15299879484,10
15616809232,4
15830198432,3
15422965686,10
14099487294,13
14344874352,8
15615687988,16
15999394971,14
15748866620,16
15912852995,5
15219034938,16
16002005842,10
14384461715,3
14181249069,1
15946716100,3
14256360433,8
15766193531,15
16013304195,14
15221556586,3
15839965544,0
14166508459,19
15523790152,6
14475664765,3
15803780316,18
14190563577,7
15937349749,14
14137671202,7
15921114481,10
15324947228,13
16000489414,14
15334580386,12
15270295390,14
15820106030,2
15620127359,0
15418532557,0
15222914327,19
15369004445,2
15933800900,0
15680777963,19
15553213464,2
13922067769,10
15831764304,2
15820730186,0
14491529048,0
15688875767,16
14460894746,8
14205685675,2
14218435397,7
15231013911,19
14385242944,13
15571237591,2
15571891080,18
15516691671,16
15794378843,14
15517090219,16
15522452404,7
14143250590,12
15403047055,10
15559899022,12
16016880809,0
14587317048,16
15803708394,16
15995461327,14
15801336711,0
15929485247,9
15867257576,2
14517694710,14
14102082302,13
15784956077,12
16025728114,8
15813061641,11
15851794900,0
16006161957,3
13906250137,19
15974647258,16
14094305565,4
16012149798,16
15508485970,2
16000824577,7
15993971078,18
15611926523,16
15952960031,13
13964513786,10
15373677815,9
15387519869,19
15136658060,14
15860097174,14
14202634718,16
15824681143,6
15797071399,5
14206904399,1
15837522262,0
15920187740,0
15966259355,3
14928236482,3
14007225249,18
15909942528,14
15603768507,4
15909760416,7
14353281236,1
14275419384,18
15784974251,17
14310577206,18
15783046473,16
15687737431,7
14351312425,12
14166830632,3
15837299478,9
15942729188,0
15729783003,18
15999640087,4
15232739001,0
15861320183,14
16019942547,10
15980442329,0
14423051094,14
15245660801,14
15950068643,0
16020998462,19
13832573063,7
13878560936,18
14127145207,16
15940460210,1
15769359241,14
15932164055,16
14130878131,8
14231342424,19
15914967034,3
16018559397,16
15704410955,16
15787513140,12
14434845285,14
15710551511,12
15730618142,10
14212770761,4
15917536262,3
14729543205,18
15802400487,5
15763142897,15
15736466704,4
16018443726,7
15711734758,18
15759461507,14
15625788920,14
15212696049,19
16006084672,16
15712233608,12
15890743916,15
14167521838,15
14074826374,7
15945454555,14
15684083718,3
14192898437,18
13785498131,14
15650244247,2
15754744715,18
14202154630,2
14486719759,16
15919245518,9
14175903547,3
15784296818,10
13570760492,13
15874893678,19
15290700507,7
14615344957,11
15890507230,2
14192344139,0
15992947533,16
14160931865,18
15231406525,0
14476188906,2
15585291188,10
14216783207,12
15716096494,11
15664201826,4
14149369561,8
16028556725,16
15983730399,3
15323158822,8
15985925086,3
15911116213,4
15699082058,16
15770297844,0
13950001849,1
13829780694,2
15785447244,16
13928223506,9
14177983407,2
14041178040,18
14737983208,10
15976747628,19
13825090130,10
14578313852,19
15438176415,13
15937488936,8
15714105315,17
16005892430,18
14490000074,3
14135427388,18
14195323649,9
14197641927,19
14441661212,18
15828090761,0
15398184401,10
15824653522,18
12733454808,8
14127758237,18
14451824095,12
15784573914,14
15892938310,10
14744271787,2
15512703008,16
15068339853,10
14150214624,7
14156356525,19
15285964464,18
15997798426,14
15993430221,0
15764870586,7
15657147907,7
15938674225,13
15612915923,19
15822712811,0
14354818205,10
15879296307,3
16008514684,19
15515122254,18
15540503528,9
14751518294,10
14946341884,16
15364453796,9
16021708118,0
13881197362,7
16020408251,19
15873542924,16
15968055127,0
15353483257,18
15831047791,1
15512705178,16
15967140537,4
15981777035,9
15896909870,10
15552450606,19
15726003865,2
15649329203,0
15814639585,13
14168453892,16
15271217446,14
14192579361,7
14231969684,18
15768664331,16
14209510649,1
15790937073,18
14213935207,18
15897393336,11
14651096037,0
14164618347,14
15498870657,10
15869360135,13
15767650295,13
15815266773,14
15850329723,13
15739888750,8
15044171147,2
15988641823,10
14444907431,10
15937683018,3
14884888963,12
15754440295,19
15891827418,0
14266046989,2
14225171351,0
15240086928,16
13983314712,18
14495378332,19
14291676415,3
15715284518,7
13759809623,16
16002385084,3
14197484761,8
14420098633,16
15352622302,2
14488045967,13
15978158422,2
15818981173,0
14139354408,16
14275490099,4
15927024563,16
14050321117,16
15727072899,16
14137170433,3
16028343156,2
14165895844,19
15358784355,16
15366856982,3
14108788999,2
15494801868,8
14185734293,0
15710407140,14
14679343811,4
13856096606,18
15983753131,18
16002585160,2
15768680744,16
15931192489,14
15287741454,14
15905772397,18
14159827036,16
15741702704,7
15556473206,16
15573758611,15
16002467728,15
16015975595,9
14085454106,15
14413403280,0
15170942583,13
15788806911,14
14419361527,15
16031593204,0
15969934637,0
15935558071,14
15984352879,10
15342201184,0
14214152161,9
14035107377,13
14210819837,0
15772053604,12
15643730881,0
13714552780,14
15913989442,16
15876779569,19
14936714084,9
15769757160,14
15891454490,0
15333286005,2
15701808036,8
14420088840,17
15995159294,0
15888515136,7
15683818544,14
15998116689,2
14126029290,4
15724526088,18
16013659307,13
15784637299,14
16009654486,7
15948138952,9
15925385394,19
15959870156,3
15288003698,4
15851542753,4
15730349757,3
15686049034,16
15951987445,3
14462643561,4
14897515240,7
14199033272,2
15893770373,10
14377848446,0
15824321521,16
15756457398,14
15816775786,7
15903564418,3
15725480994,2
13917266015,10
15484744965,4
14116628412,10
16003018306,10
15277619625,18
14167091652,1
14190524330,3
15810351800,14
15820200016,14
14341176281,17
15615582558,0
15551388259,19
15889079294,0
15876259389,1
15796294764,19
15493672705,8
14164399878,7
15245821147,8
15927583813,0
14008168160,16
15435487820,14
14152701013,18
15448837463,3
14403625929,9
15560988896,11
15293537438,13
16018658007,4
15616417909,15
15927607673,9
16015593008,1
15803729752,18
15986452935,16
15950011256,8
14615860150,10
14453769321,4
15260391778,9
14156686373,14
16015227636,0
15526545547,14
15740263692,14
14926808330,11
14354665213,14
15774078094,10
13110845717,10
15887620585,7
14167096949,14
15881508305,2
15733229414,3
15628950677,10
14131600234,16
16013107704,0
14166882548,10
14342681560,3
15793464039,10
14182010799,3
14338253239,0
14133596386,14
15996495201,9
14453783576,19
15740328432,16
14204701913,7
15917139123,19
15928427846,16
15661737323,3
15775723529,3
15625399949,10
15619478901,16
15854855542,16
15023540814,2
15927381949,7
15803785626,0
14495152658,8
14347795618,1
15828385901,10
15666031393,18
15506721106,16
15593004312,10
15819503714,16
14193147631,16
15619539025,13
14088220872,16
15518885561,1
15589756858,17
14162922212,0
15623577078,17
14150667377,12
15584642287,9
14262155989,0
15955120639,16
14032394096,0
15620239682,14
14229384535,12
15537419154,10
15840716422,14
15715534289,19
14364809213,12
15570977587,10
14479111868,12
15096825361,9
15615294770,6
15404457802,16
16032422812,15
15834193496,16
15723267798,11
15820140600,4
15837533662,7
15279119260,2
16004551198,5
14357094379,0
14083912472,4
13839058407,19
15995980948,18
15980535599,11
15705718066,15
15923277306,16
15255162437,19
15904036003,16
15231579051,2
15829465395,4
14912308224,4
15718359658,14
15988844429,4
16019827205,7
14856050731,2
15668962341,18
14171549462,4
15190747077,19
13808237713,15
15906420910,10
14911066721,10
15355202699,16
15647659757,14
14082884706,1
14107129839,15
15793225616,5
14181249170,0
15926789459,16
14989810004,10
14156359440,19
15822089201,8
14214123356,8
14047465307,13
15504916798,15
15862470435,16
15440723243,4
13857785189,2
15806641299,10
15665948934,3
14483673923,15
15933960869,14
15738532721,10
15283706365,15
15940454932,3
15923278831,15
14138974204,18
15776772087,10
15775993831,8
15800173332,3
14228504075,14
15973801091,14
15805966915,5
14976043108,2
14203650657,16
15466146079,8
15988962813,10
15936376028,16
15742974660,3
14013485056,15
15816495811,8
14471174455,2
15774648957,0
15802719071,18
14197470918,16
15800042150,16
14183822787,12
14262393202,7
15575272220,2
14620779551,18
15715286043,19
15740892474,4
14797831935,15
14738454400,18
15771999831,12
14911347538,10
16005401435,14
15666416092,15
15807846429,14
15931644509,15
15857388048,13
15360154558,9
15731447697,1
14464554585,1
15903282680,0
14204709079,8
15923352803,19
14157577599,19
16026900725,14
15995332333,8
15783824362,4
15839039539,14
15241512269,3
15852886596,2
15275429829,5
15731687342,15
15974688051,16
15350585823,17
15824194771,2
15964174036,9
14475549519,1
15754063165,8
14008724064,0
15958415539,0
15346279502,0
16017301492,16
15920230764,19
15939171624,3
14690777461,13
14341174482,8
16002370430,19
15289713206,2
15810176480,3
15984919013,7
14422812206,10
14145458265,18
14189074635,10
15367019437,2
15632593304,12
15731602508,0
15245699920,8
15386675839,18
14158623212,13
15883054319,10
15982487062,18
15849011929,18
14410663056,4
15734153092,14
14989439188,18
15373609869,10
15220601114,14
15684850940,6
16029736317,17
15906149590,16
15944187808,5
15557561647,16
14136877196,2
15939064718,8
15781329688,8
14673729737,19
14258995938,9
14437560657,14
15363927937,16
15562909246,7
14143081289,4
14150212140,12
15292750226,13
14012210549,15
14089149559,0
15589382169,10
15889608366,9
14150679920,13
15908706322,16
14741473515,1
15270352356,14
15799177852,4
15686567069,14
15981643896,4
15788768113,14
15722572415,16
13954270152,14
14166846189,18
15718354317,2
15580819377,13
15689319273,0
14128967931,10
15844752330,5
15726698421,3
15919164843,8
14202597858,0
14092839762,15
14140935298,16
15914699268,16
15791658335,2
14384167225,16
15769307877,12
15995674517,16
14037439231,0
15824520984,16
15841467746,18
15878420876,10
15103966650,18
15877313666,1
15766118257,12
15770276355,7
15772228996,2
15081251282,10
14213946287,19
13966852686,10
16029279997,0
15790379393,4
15748876504,19
15639421651,13
15687230732,16
15754027846,16
14425553227,9
15265482046,16
15681951042,15
15787506972,19
15836997037,13
15504039212,19
14144447123,16
15001700553,1
14207503373,15
14138567390,16
15981655095,7
15893174410,4
14145155947,18
14004397293,9
15323233301,3
15828578278,14
14990555873,13
15347343825,18
15754243647,7
15690949568,10
15665115532,14
15962627629,14
14219527817,18
15851595449,2
15809398469,18
15689705066,3
14175671951,3
15993677463,0
15619539515,7
15713688683,16
14446644753,14
15592577114,13
15895875936,7
15515743380,7
15815600177,3
15250942343,18
16012322521,3
15712963661,7
14552861529,16
15414466572,14
15991457865,16
14259467983,3
14429150325,18
15914365388,18
14896780768,14
14154599450,14
14013671296,14
15442783652,18
14265466855,19
14098097602,14
14840806065,10
15951181798,19
15797442581,5
15893632751,19
15718517361,16
15832449734,14
14392549924,1
15608346192,18
14010135874,15
15810984466,2
15778728861,19
15689349501,13
15970537948,14
14212700065,13
14231156313,16
14191418035,10
16027932737,14
15537376862,16
15801305776,1
14226043643,4
14073720998,3
15582469307,16
14457454547,0
16027277296,17
15955292161,13
15729456592,0
15748700751,16
14164961851,7
14209670847,19
15703792956,14
15902489260,16
15599169215,10
15404139563,18
15895557363,14
15971707312,18
13760699161,16
14386025389,1
15934915532,18
15537180797,15
15573624104,14
15744790166,10
14865071761,12
15830117943,14
15218914856,19
15938657467,10
15916587243,1
15157604516,13
14080555131,8
15587992378,16
15718646828,14
14011645453,14
15642255767,18
15712579980,1
15760770983,12
14144003993,3
15941156581,14
15161933960,1
14141638725,14
15925155157,2
15917020577,7
14273651238,4
15283544964,10
14102216585,0
15774636584,14
14421600788,13
14843088915,9
15380226380,7
15468195514,4
14128346368,17
13967071299,7
15630525683,0
15796272402,15
15654617029,12
16026009993,14
15801383362,7
15779146806,4
14135805297,9
14202798669,14
16006888131,3
15936406711,16
15485219968,10
15279280762,7
15665455493,19
15363461564,3
15616809190,8
15352874266,16
15914531908,15
14355857752,7
15141239364,17
14435205056,3
14220600390,0
16014454342,17
14418246154,0
15782928553,16
15658191535,4
13801294927,18
15681685975,16
14439378742,14
15393635964,19
14166854433,18
14132137191,18
14216073142,16
15720069247,1
15601353668,16
14440593355,4
15543870965,19
15258100682,15
14066000664,19
15130735698,10
14179554823,10
15776969086,17
15618697602,1
14013450796,14
15635804169,16
14121275179,9
14184058068,16
15767527706,19
14008993898,16
13974982472,13
14979976801,4
15959586472,10
14197707414,13
15850408720,15
15984038422,4
15696071430,16
15415604154,19
15751698780,2
15725747834,2
14155793771,10
15759732098,18
13908483284,7
15893252654,18
14441319914,8
14986243438,13
13944890784,1
16035247074,11
15939142784,16
15245364846,0
14470573384,3
15402577178,14
15302472031,4
15885566562,0
15861262706,15
15836133713,2
15729141573,3
15916719320,12
16034593246,16
14164391521,10
15872431931,2
14868574933,14
15356148297,19
16022442497,16
15670516272,16
14179933752,3
16033012955,10
15174525120,15
14443341391,1
14101969433,2
14127302817,12
15981956867,18
15254107849,19
15395528934,2
14169576765,14
15768864414,10
15433308438,7
14183629791,9
15319984649,16
15894569762,7
15956848727,19
15826481286,10
15910112163,16
15390038468,4
14172939373,2
15831627662,16
14103629100,16
15903022848,18
14151894552,14
15715537266,0
15742590408,3
15604425876,16
16008748710,9
15765078230,14
15763311074,1
15666035541,11
15926620389,0
15354696362,16
14187908993,14
15903691226,12
14438863147,2
15815257191,4
14389440188,19
15980218811,19
15892284916,0
14059569644,3
15780291095,14
16018092442,0
15781330175,3
14235545959,7
15833426918,16
16020998842,8
14416198913,10
15736027732,14
15895396052,12
15737759212,4
14945854533,16
15720995674,18
14123047250,0
15773980801,18
15715311093,10
14069555153,14
15791611617,6
15970762193,16
14953819406,13
15927583999,3
15910836130,2
15469906831,18
15391032937,16
15381306978,16
15262589164,4
14107131284,13
15573735373,0
15977917107,18
14615700026,18
15610834261,7
14978405931,14
14158159780,18
15098690149,10
15881224237,16
14033603622,16
15784737839,14
15954774193,0
15202005492,10
13788617638,4
15172003128,16
14137956480,18
15723582192,14
14107709994,1
15729680413,16
15926664013,15
15564283636,7
14366687687,3
15989175896,12
15905872079,16
16000181140,19
16002102089,1
14146044650,19
15020170752,16
14988725841,11
15527240931,16
14483673884,15
14036910391,14
15984430160,8
15980436312,1
15554279583,2
14459284150,9
13846253206,12
15957680611,14
15619487499,7
15775958843,16
15997722714,16
15905596655,0
14148391869,10
15927880641,0
15134452147,14
14202006071,3
15525231926,8
15242757749,14
14491535365,1
14806644476,0
15475574850,2
15368047294,10
14720109099,9
15769703653,1
14165896073,19
15924096597,9
15807441913,7
15386336169,3
15526442192,1
15998152711,18
15834846069,14
14569426903,5
14138438280,18
15992719824,9
15107337472,15
15819618189,18
15984638872,4
15744447234,13
14136642157,4
15550315507,18
15829977102,16
15731722920,16
14102082452,13
15788783547,13
14297793879,16
14339725262,4
15993251072,10
15889220778,18
15226598650,13
15775038689,8
14153063040,16
15347965406,13
15980773002,4
15001330721,2
15622422702,16
15410969771,4
15576200126,16
15284284013,8
15259994823,14
16009249469,2
15773156425,14
14400454167,12
14115671491,9
14423513784,7
15453941025,7
15908694052,14
15625307402,15
15833942724,16
15780195769,14
15876596137,4
15825802430,10
15982794712,4
15848913596,16
15995317790,1
14961400047,2
14916149495,4
15684106269,4
15595737567,8
14471276632,10
14209602821,13
14971925856,16
14149893771,15
14491887724,8
15331222830,12
15889057417,16
15786256942,19
15526450193,16
15769613402,10
14155997504,9
13848270747,16
15728516157,10
14393772748,6
14164456934,7
14288853276,19
15238178909,7
15999663072,4
14191056385,0
14717828079,12
15886407721,4
16015099157,16
15995756099,0
14158807542,12
14971927066,13
15347616683,19
15944267575,4
15267477211,10
15733162707,14
15837289774,12
15202778029,14
15926487727,0
15992064756,9
15730038687,19
15887989839,3
15879110967,4
14145881879,19
14130425069,14
15239149491,19
15687094496,3
15514243031,13
14136513731,7
14439595193,16
14455414883,8
15536504447,19
15980585623,15
14153873952,16
15975360019,14
15916995534,13
14148774984,7
14495160043,13
15641427060,16
15796109134,3
15606193737,10
15845800865,3
15807353741,9
15401583438,10
14188399643,10
15786430957,3
14949364159,4
14182712296,10
15418776433,4
15231024456,15
15727872914,13
15788768464,3
14146965864,16
15321791121,13
15811082267,16
15995352528,8
15788025303,16
15824040639,13
15716450945,17
14150188799,19
15334123231,0
15714330263,1
15734216109,7
14113219810,19
14137946885,15
15941187636,15
15894419834,15
14199120889,8
15615369200,0
15819551773,18
15673660414,0
15544405148,18
15733011745,1
15651043172,14
15516872850,2
14933423667,7
15805561304,4
15264898216,4
16033004272,13
13965745789,19
15406515198,2
15927674914,10
15879783486,16
15246525494,13
15739948553,16
13906454172,0
14211690533,16
15920188923,14
16024453235,7
15918098523,5
15602341655,10
14098652808,5
15270484964,3
14864971558,16
14276244249,7
15772586771,8
15832685765,10
15801664650,16
15750280187,14
15930698081,17
15955288359,13
15966774872,16
14450361424,2
15970938776,17
15253141533,18
15693690518,18
15940433569,8
15722351931,14
15510198437,7
15777206392,0
13995300514,5
15966977942,15
14199476282,14
15638751816,18
15996333590,0
16028711267,13
15995565429,10
15412134342,19
15836175404,4
14436002008,15
15621359830,14
15775872424,0
14369144687,3
15217976334,18
14433805675,19
15802708822,18
15810533996,10
15943717764,8
15291329596,7
14176651869,10
15915239331,2
15702161191,5
16017554545,17
14106902926,2
15702018429,2
15265492085,13
15792540004,18
14478030804,6
14112711010,19
14201166784,17
14317718215,12
15769665809,3
16014138442,19
15243642512,10
15529850956,14
14434849158,8
15983689005,10
13879752720,0
14153940190,14
16018138586,7
15821910730,14
15669262372,15
15307278940,10
14457220586,1
15592641822,12
14223706134,3
14193781579,12
15797063259,0
14327276153,10
14207477832,14
15421013370,18
15981766271,14
16018309328,16
15608280817,2
15799404671,15
15628912271,14
15511035202,0
14117908203,12
15283500989,16
14130795113,16
14136619636,8
14587414335,4
14468633500,8
14548888575,0
14254024343,18
15304290985,14
15695446912,0
15954783670,4
15527216840,7
15992358939,2
15911987147,19
15413703257,11
15710405457,14
16003577015,4
15626621729,3
15740869327,8
14068028876,4
16030321180,19
14023198344,15
15270352357,14
15860336027,15
14291054462,18
13931356163,3
14815295174,17
14488253972,3
15684712922,18
15533547126,7
16030295156,18
15801588954,18
15566710482,7
15511992721,16
15753774233,16
16011213353,16
15401545300,4
15797069263,14
15811222145,5
15456701783,1
15260567266,1
15840262927,7
15136753345,18
15786526766,19
14426729823,17
14980190721,0
14112250501,9
15679114071,11
14208084818,2
15907257350,0
15923355946,3
15827842063,15
15778242946,10
14197006971,0
15681365646,15
16034251958,18
16003532829,0
15695933919,10
15966801218,18
14856868075,4
14303331649,19
14485318475,3
13953787592,0
15935231892,18
14424614904,7
15793211135,10
15846327577,14
15368707398,3
15887489475,13
15937717991,15
14261182909,0
15624364362,17
15848186988,8
15969102113,15
15857986341,16
15674017487,2
14479511170,10
15600389642,1
14880025430,0
15478697584,19
15959609727,2
15894114109,3
14184895571,8
14472315200,2
15445362825,16
15335706847,9
15801188482,15
15560997695,11
14176681619,4
15908084199,3
14491494143,7
15621739913,14
15892892194,11
15755588495,18
15785097590,0
15733058008,0
15691052855,10
15404406889,17
15718391300,14
15158948468,0
15647409185,6
15753295633,0
15774435471,16
15472633176,10
15712540100,14
15560977257,11
15738044949,16
14008924981,16
15536971226,8
15629469894,1
16009044206,10
13875503198,16
15688677758,10
14925103674,0
14076660172,9
15810916037,10
14071775985,7
14457026086,4
15745319179,4
14149405749,0
15522102973,16
15777794516,16
14174873923,5
16010546283,18
14368953656,1
14755774042,13
14483673908,2
15388772082,10
15111265419,11
15736184330,1
14459497175,0
14442173276,12
15834603456,19
15832358837,16
14231619275,14
15815268767,16
15723994257,2
15704096045,19
15405844090,15
15941673996,14
15598649274,16
14485616963,13
15428048531,7
15796275231,10
15147053615,0
14176079097,9
15854418615,10
15773604291,12
15742648931,7
14144208652,12
13582316207,11
15937701182,14
14210618365,19
14948008798,14
14199619695,1
16010384550,4
15727132466,18
15911015671,3
15306503063,15
13830470463,4
15162468075,4
15291534958,6
16022568579,4
15608469101,18
15827318880,18
14374830832,12
15871879275,3
15683871050,4
15589816384,18
15777897101,2
14141681931,19
15854281016,15
14674095183,15
15776962673,14
15987461916,2
15921028079,0
14061625041,16
15105443101,16
15683328208,8
14872624445,16
14148803863,18
13876460393,13
15535548111,18
14178580639,18
14014185600,18
15775950520,5
14196833928,16
15833383992,19
15699943084,14
15821201041,4
14145967239,18
15560977241,11
15851349690,9
15831385141,16
15526336524,19
15775843623,8
15776231863,16
15862762801,16
14285776376,15
15174105525,16
15870660984,15
15733446652,16
15775950868,13
14143380252,18
16006162624,3
16032964964,12
15722222446,0
14424639797,14
16031268943,18
15617870701,13
15715400848,4
15772474379,13
14075252026,3
14485613769,8
15009550425,11
13815929346,19
14136238394,0
14112577290,19
14944949351,2
16019936519,12
15623830323,10
14193039244,16
15912723554,16
15253700843,0
14015415443,15
15604629629,13
15801589265,2
15733985348,18
15289350311,18
15934216574,19
15976284366,10
15497447779,16
14086704254,1
15889064570,14
15746724804,16
14833092186,6
15904807998,14
15664138418,13
14491479419,16
14978016469,4
15738082834,10
16009851419,12
14999458087,8
14104662042,13
15919196742,15
14153653187,2
14102278388,0
15589293149,18
15024090960,2
15788948292,10
15807515892,14
15512667187,4
14252306829,2
14032921057,13
15517223621,5
14931018060,16
14893360255,18
15393632106,8
14171124577,13
15732722100,2
15936384929,12
15105271766,16
14024836868,3
15571139931,0
15511801014,4
15637036152,19
15996422634,0
14433165316,8
15980942118,1
15327668184,2
15981492600,19
15716485165,10
15899224732,15
15969116099,18
14216145436,12
14130209367,4
15363192560,10
14491586430,13
15906935027,10
15034545546,10
15785727357,6
15713372270,18
15839072971,1
14050201319,18
15834034199,3
15956574446,9
14227581030,8
15921210388,2
15867653462,16
15390038442,6
13825422872,12
15772421629,14
15999871695,10
15163266928,1
15815677962,14
15629343640,19
14146377798,6
15903390028,16
15802865456,13
16024910127,7
15979883937,15
14168637282,3
15594848905,0
15936681576,0
13791886166,14
13963812044,4
14263672124,4
15444517985,3
15997941055,13
14066106178,10
15892394676,18
15317047255,14
15769106870,15
15732760819,10
15993568174,13
14156811354,10
14219094854,19
16027590881,2
15669277983,4
14190397498,0
15877196561,15
14486701853,14
15952684276,18
14207692309,7
15562647867,16
15803762648,1
15742533126,14
15106243190,16
14184180197,0
15806006772,15
15943720425,16
15679114039,10
15938092469,4
14134555900,8
14757702065,10
15945381544,18
15546913304,0
14426728954,18
14341179314,18
15671154010,14
15715753166,6
15995776870,17
15231277387,16
15919911961,12
15988212141,14
14127844774,13
15441404699,17
15708252441,0
14075892185,8
15791768421,6
15993764597,10
14173219866,13
15800565626,12
16018410856,7
15621953216,19
15372449503,3
15986713023,2
15689704985,10
15663131611,14
15940796043,15
14237740145,18
15163171436,18
15249926687,18
15959320143,4
14384780097,7
15803696083,3
14146261627,7
15569653649,6
15853001835,16
15906900299,18
14406072889,18
15935967403,16
15539251589,18
15999934230,3
15689832901,3
14014639918,17
14156498888,16
15803428058,16
15828166833,0
14216153752,12
15389546746,6
14215113178,3
14225017108,10
15918225760,10
15721338826,16
15937641887,9
15747164400,7
15765712666,0
14256360672,19
15889534994,14
15835975768,4
15149815938,14
15610584292,16
14204416979,18
13950016398,16
15847992997,14
14121766824,2
15996164492,10
14402571775,6
15996351894,0
15697938886,3
14177587408,10
16033125474,8
14193729264,0
15876477186,3
15968353958,10
15701398574,14
14155468379,12
14156992930,2
15532392357,2
15786308704,15
14235995953,0
14101923024,2
15816081393,7
15667695124,4
15563533424,0
14233209965,3
15796853679,16
15856287163,6
15843927349,2
14200114203,10
13991304449,0
15784272025,9
15921414219,18
15667907844,7
14148668593,4
14112058777,12
15673310455,7
15899037497,15
15699338999,0
15825644108,18
15964842440,2
14355869979,19
15088682861,2
15702422619,18
15837396906,15
15733684616,10
14169578336,15
14137218084,18
16001821975,16
15939778366,8
15741227177,16
14658975462,19
14159796106,19
14169186768,8
15268229594,16
16031943996,14
15448888981,3
15849687050,13
15995273866,14
15790894622,0
14152763867,14
15967059679,14
15590337355,1
14164876527,8
15718880931,9
15815139970,0
14491485887,16
14476200076,9
15417651384,13
14178778184,19
15926790047,12
15802729332,0
15767716113,8
15928673708,2
15179571076,10
15481488430,18
15901389123,0
15886159441,14
14456412194,17
15823838255,14
15795125889,14
16012154034,9
15001774307,16
14180987495,10
14009995164,2
14138468658,16
14654702022,10
14194982886,16
15884437406,10
15894481190,18
16012806775,1
15868231360,19
15937665300,0
13850346158,14
15553472206,4
13775485037,19
15640038378,18
15507798512,13
14456733770,13
15773039309,14
15334870663,19
14198982780,5
14197015607,12
15613964062,10
15785448804,10
14826884171,14
15902639396,3
13824445904,0
15671966468,15
15259448492,8
15322165321,3
15904630857,9
15734009366,16
15956810842,8
15326966746,18
15994635562,19
15236930216,13
14470345210,18
14258249170,4
16007848679,7
14150126102,14
14680691121,0
16016552208,9
15005801636,17
15760578919,4
16004717213,14
15730749492,4
15427959393,16
15539505074,10
14420534721,10
14990554944,4
14110353243,15
15782454252,0
15381623436,10
15279692098,14
14154897424,19
15667605167,10
14279332208,14
14926158433,18
15172369018,16
14847831026,14
14476292938,8
14472342750,4
13765134843,8
14187824666,19
15923358936,12
15432368548,19
14489545961,8
13967668493,2
15896571811,16
16031594231,2
13466195989,2
15355481228,1
15701188870,12
15836236540,7
16029602920,18
14142163199,16
14231624364,6
15338720043,10
14817488802,1
15806653600,9
15391874865,18
15886231776,16
14353533564,7
15386675842,10
15720915729,7
15747983931,16
15974925152,18
15749060555,10
14037667373,19
15260701360,4
14994457324,8
15713208857,2
14348027999,15
14167431189,3
14002410608,16
14207089968,10
14119289620,7
14358423887,1
15649251998,6
15732997178,11
15537579408,2
15836355544,10
14229169617,8
15768467492,14
15200043608,16
15724713782,11
14184591083,10
15749986634,7
15768798186,14
16006054462,5
15897488935,4
15829408061,18
14223987625,8
15027661847,18
15538435426,0
13890080693,9
15822951102,0
15249577449,4
14234412812,18
14420096481,16
14189489589,13
14006211738,10
15820415879,14
14458670688,0
14926244846,16
15348038671,13
15342519672,14
15072179097,16
16017659370,13
15962195444,19
14738605442,0
13821647758,18
14167337924,7
14484179946,16
14797046079,4
14420284224,3
14294221972,14
15916204831,4
14105639187,16
16024900125,0
14043338050,16
14494624960,7
14440232060,4
15658534363,14
14463182090,16
15438314579,0
15097869866,14
15604575374,4
14384783310,15
15230957663,7
14713623763,15
14870187951,10
14087310602,19
14250119486,19
14179478957,10
14837141363,3
16005986750,10
15576386380,14
15641427130,16
14168361017,18
15867466156,2
14204191105,18
15805904185,3
15966802946,0
14883394048,8
15926785763,10
15264999633,18
15609081077,0
15894540746,19
15873147649,16
15896595175,13
15301395371,10
15806738806,7
16022757490,10
13536360411,19
15373735111,16
15539535014,19
13868368845,12
15909812254,4
15634791418,3
13991495823,3
15806553119,7
14140696511,16
14854233687,16
14199033550,8
15591107007,7
16010456068,16
15849343132,8
15166309146,16
15733428630,12
15956642932,3
15522085992,4
16022311307,16
15746029545,3
15713244117,16
14323905750,8
15775038017,7
13764516865,16
16003204763,14
15840184754,14
15766534584,16
14051885541,15
15671825892,4
14222134044,3
14218019154,16
15888254676,1
15982985099,15
14021683277,19
15984388094,10
14084053323,7
14102143588,15
14488253043,16
15904280600,19
14489326039,17
14189074449,7
15514129770,0
15453935529,3
15421588288,16
15790468336,1
15978950532,1
15769757250,18
15786350740,7
15410773371,14
15628211625,0
15710502809,3
14440759743,0
15886155229,10
15726855650,0
15847322435,0
14221840006,16
15900413479,13
15839305771,0
15522277584,8
15263552932,19
13841567751,15
13990276449,13
15578741103,19
15372367611,18
13836565344,4
15732446687,9
15064465827,14
14978149100,0
14471130521,0
15686312963,16
15284769410,16
15307743644,16
14424963191,9
15780870845,16
16017855024,18
15683733108,16
15250383244,10
15829019285,18
15996359117,0
15981906854,13
14738321250,15
15342787824,5
15886103600,10
15951074759,9
15867980312,16
15542853506,14
14276715162,14
15705719995,14
15909905933,0
15854720902,10
15427410967,18
15999427217,9
16032703737,2
15836924132,2
15925038715,14
14128087564,0
15907017083,3
15730533165,8
15878881934,18
14660677819,18
15877093098,1
15796446712,16
15994370667,14
16032120776,0
15905771011,14
14094538532,16
14433806177,7
13936212950,19
14150021987,16
14330391656,2
15133233724,14
15273330526,15
13762856996,13
14354102658,2
14395291314,7
15066659797,2
15920547155,10
15893941806,16
14200455288,10
15769307450,2
15670984610,19
15795507388,14
14188645237,10
15537831899,9
15870660994,14
15308296223,4
14447949107,19
15293855305,10
15860926042,15
15935156830,17
15272139281,18
15875630194,19
15574966969,14
15765689203,13
14609755868,0
15877607976,13
14282823798,18
15977060179,12
15157918968,14
14758445446,1
14176496957,4
16024427779,19
15581342149,4
15938309620,2
14164962105,18
14137495174,10
14159489196,19
15595663710,1
15840789294,19
14674847970,0
14180651706,4
14525404646,17
15983561459,18
14011999731,16
14010411690,15
15887404506,17
13834428424,0
14491256863,16
14740924023,0
15048974611,0
16009247277,7
14142901131,3
15220851859,14
15632552921,9
14935223845,6
16034871951,13
15796216143,16
15265686594,10
15323836121,14
15095772307,8
14978973217,18
14196765258,4
15687603830,0
14259636272,3
15620960638,16
15726305511,19
15822824569,16
14690107220,5
14383838058,4
15670503735,16
15872419217,18
15890296607,10
15953834355,16
15818816122,4
15619466755,10
14163058294,18
15700096277,12
15770083075,10
15398153293,4
15218829013,2
16000700791,14
14129615056,18
14355388190,0
15755097852,17
15529068721,18
14106389155,15
15969047224,18
16022640557,7
14394489928,13
14152696825,16
15602559700,2
15231810286,3
14201245463,7
15977064338,2
15991444719,14
14410760463,14
15752001621,9
13957329776,12
14124488557,9
15700062395,0
16032017851,12
15677491555,16
15633855045,15
15803246799,17
13810565673,14
15823830232,18
15371630288,0
14983543133,4
13823999137,2
14407502972,7
14913838314,0
15160031716,4
16017236380,9
15299237422,7
15307087996,10
14096259664,19
15826257024,10
13743598248,3
15596716804,13
15843293186,15
15996150757,14
15935313897,12
14303978279,14
14195423828,2
14979653938,8
14190370447,0
15992894520,7
13990108803,0
15962765802,15
15980529812,0
14989634178,18
15513068226,16
15809545170,3
15599152010,16
15896963101,13
14441789891,12
15828113472,0
14151090967,18
15836240294,1
15467046027,16
15984713676,3
15798739621,14
14203098000,4
15939150535,19
14267538959,12
15006218840,2
15877196555,16
15801117495,3
13999223706,6
15038313479,14
14195248218,3
15131280078,16
14149606011,7
16016899838,9
13921612427,19
15849293934,16
14494625168,16
15997954812,16
15894064874,16
15999692110,4
15601980958,19
15859516027,10
16032629853,14
14144051028,0
15976704768,13
14345351745,3
14958173370,4
14217622028,2
14091181489,14
15004301401,8
14202624917,16
15970303140,13
15951956455,14
14023409528,14
15948534222,14
14132104706,7
14175188894,18
15996484870,7
15485496934,2
14210867440,19
14181431434,19
15632105379,16
15797971419,16
15804153005,4
15815996496,7
14981663662,18
15500989187,1
15507365758,19
15080868930,12
15256805695,4
14201954457,13
14471154943,7
15258191435,18
14382831828,6
15936721658,19
14055229384,16
15550525323,11
15749691767,14
16027316028,16
15530669596,12
15782007818,19
15801648439,16
13917711693,3
15774640360,6
16030373924,0
14200753819,14
14158115006,16
15826089542,19
14717819855,18
16005625998,15
15085131872,14
13839653417,14
15264322359,19
14169442350,10
15837638249,18
15799453877,5
14481574824,12
15962764621,4
15540920273,14
16034527801,14
15613741788,16
14624928134,19
16022442462,3
15917804721,13
15394123645,18
14159324247,10
15736062595,13
15672841815,9
15983014078,7
13824962778,0
15890121270,7
14185176230,16
14156177864,19
14231455160,8
14868887327,18
14891164945,16
14050338842,18
14443488394,15
15817452551,14
14194640724,7
15864368120,7
13906391312,13
15173338129,0
15836831085,16
15831386803,16
15708714773,14
13940115141,1
14996235026,14
15825661945,16
15978353472,14
15919186889,0
15239327380,4
16030740148,0
13850834203,17
15262032369,2
15913548485,2
15070117708,19
14874619114,14
15706710594,16
15356347030,14
14847175892,7
14005473597,4
15727509095,14
14132375123,18
15856402484,4
15699732589,11
15969934352,7
15857887900,14
15702976722,16
15757396922,3
14202230899,4
14352319949,19
15761585647,8
15873006299,4
15771774224,2
14135325542,10
15800646826,3
15601980933,14
15751169037,14
16009641435,7
14250592866,10
15878396146,13
15237984103,14
14175671952,3
15946691213,8
14135135084,14
15822383767,4
15699313389,13
15998201810,9
15351508153,7
15588803645,16
15891333732,16
15803119218,13
15772851346,15
15990013165,7
15998890360,8
15750140640,3
15389094592,5
15217403236,4
14324091544,10
14157471575,0
15951417639,0
15918098494,4
15776943658,11
15893545974,16
15496480586,19
16012150010,9
13860169816,0
14704909953,16
14032789805,19
15562775286,10
15602336988,4
15955176754,2
15827202150,10
15717492031,14
15772523266,16
16003166732,7
14163777690,18
14831567353,14
15623467666,15
15866132325,0
14141003814,0
15617355491,13
15753436853,1
15865954866,11
14478886608,15
15839593391,14
15588399228,10
15883092651,8
15815000925,14
15591002639,18
15951181684,19
15874130168,4
15255460719,19
15902638676,13
15814326724,16
15240543557,18
15823668193,10
16029445515,13
15417738975,14
15791780577,9
15573463552,13
14158653836,9
15805175946,0
15913816012,6
15155595636,4
15634774527,0
14104615821,3
15625195395,18
14472168802,16
15035190704,3
15922445188,9
14446981026,1
14097541547,18
15740921013,3
15996157711,19
14431621945,4
15442164987,5
15728434902,4
15939257354,14
15222632104,9
15638093780,4
15229879142,15
15603620185,16
14113677022,2
15757612822,11
16022716852,7
15899037207,10
15686000006,9
14993005049,12
14209852983,18
15446275930,0
15718521206,10
14152167384,12
15995403040,15
13859082209,7
14157254557,7
15477245992,2
15894357226,10
14187011850,10
14392084894,2
15199988249,12
15019359590,18
14179062066,3
15734818772,12
15175414672,16
15294753847,10
16018950082,4
15521457351,15
14234499747,2
15991054684,7
15342519092,12
15586200173,13
15713378320,16
15396217311,14
14478118687,15
15785475987,7
14198378546,7
15965260617,16
15924556852,7
14098531192,13
15582573813,13
14201326839,14
14383840884,2
15787161587,7
14203257183,8
15177827939,13
15481064220,4
14369112750,2
15916995531,12
13910492409,18
15785272754,0
15539532787,2
14253184693,18
14170661575,9
15785151759,3
14913426549,10
15953852399,13
14283962975,16
14323914830,19
16003305365,10
14205685548,9
16010547015,7
15903589803,8
15521786651,19
15578865162,9
15653584977,12
14420326326,4
15686141603,14
14165138914,13
14170383609,18
14137811607,0
15776771685,16
15977246157,0
15858858512,18
15089185391,2
13818338195,19
14180968731,10
15957988014,18
14073552649,9
14463591442,10
15756781976,14
15795548516,16
14978881922,15
14229015877,3
14184276154,0
14467908771,7
14442581209,18
14214209700,10
15966936769,3
15843729372,14
14137495057,0
14219525949,18
15917475181,10
15881477720,0
15927403234,10
15927690642,7
15697178423,14
15411297751,14
15372250173,18
15535217599,12
14164219018,19
14360643515,18
15298280734,16
16010412745,3
14163422860,16
15692790128,16
14192157419,12
14192201086,14
15700537865,13
15904748398,18
15586872576,10
15700079176,19
14413499571,14
15743611903,9
16001481047,3
15711278743,0
15729482121,18
14089659568,16
14209339272,18
14484091982,8
15611460862,8
15844674156,19
15854537940,15
14222229218,16
14101385019,16
15714161174,0
15803757728,14
15996575646,0
14494876136,15
15415586842,14
14060693974,6
15000146123,0
14027050829,6
16013142298,12
15938072847,5
15686052720,12
15806072318,7
15751600606,14
15884437644,16
15957450038,0
15534686171,0
15832413495,14
15687638725,18
15875950212,3
15979121348,10
16002133890,10
14230524054,10
15930012798,3
14376332530,14
14420083760,9
15964843032,2
14384772569,19
15361263655,14
16004334599,0
15838192443,6
14347561101,16
15743037971,15
14343972569,2
15874936870,14
15646155395,3
16016103867,1
15103973727,18
15689653885,16
15793330724,17
16016825931,14
15732721554,5
14201736341,8
14190763639,14
14199094585,0
15899762249,4
15731824152,10
15875462157,10
15905878284,3
15843927253,2
14180822028,3
15764504979,0
14438174194,10
15840704247,16
14193787148,0
14381075731,12
15631283525,14
15003104488,13
15978694821,13
15680070486,19
15680122058,16
15176203529,4
16009813174,10
14060675630,12
15178984038,4
14254068387,18
15180280474,18
14467795825,10
15241512418,9
14049444270,8
15822385451,1
15940961421,10
15926967579,10
15757404499,18
15527759523,0
15669626343,7
15447229998,2
15991033116,13
14154190316,14
14263140846,4
15988919413,7
15018540862,9
15266647519,10
15456396004,9
14439079153,0
15502684168,14
15681841739,18
14187838319,13
15969237383,14
15873003407,14
14215202970,10
15614107178,10
14149516113,12
15798625739,14
15914378780,3
15682716200,3
15331668773,5
16022623599,16
14456851041,13
15770765056,13
15672493829,19
15721004816,10
15277510692,16
15613794394,18
15896515744,18
16034271505,16
14188031045,0
15459215003,18
14254945171,3
15764421532,16
14411313289,5
15932666307,13
16030760589,14
15782883387,19
14248345382,0
15680675352,13
14205458110,18
15778072280,18
15260839969,13
15620804985,10
14094807142,14
15448009794,5
14208684558,14
15793248612,1
15579555412,0
16006474811,10
14144733254,7
14274363196,16
14202154172,0
15508811924,16
14118187658,9
13999337559,12
15604625999,2
14239761531,18
15908596171,0
14154446841,16
15311242526,19
14158929382,19
14250177712,18
14300724559,4
15800605209,1
15255912120,10
15521457117,7
15678231626,16
15997842775,7
14420091142,16
15753781323,2
15967554529,3
15607940981,16
15705450755,14
14214220217,12
14167551237,16
16013271897,10
15869988110,0
14194044227,7
16023925468,4
15908629493,7
15573982506,13
15168101082,1
14180045897,9
14343794804,19
15234461024,16
15643730919,10
14132169549,13
15570050592,5
14071579395,2
14223739642,16
14989120145,1
15851014612,10
15980330924,13
15359159324,9
15987009349,16
15992808750,16
15730623756,12
14400585367,15
15687169861,16
15675500556,7
16018764993,10
15998862460,16
15418436600,9
14132186676,10
16027004757,18
14201727811,3
14032993233,7
15845743620,12
15785156278,19
14419848038,1
15998906073,2
15586812743,16
14122269146,13
15745279769,4
14764850304,4
15370255317,4
15605536760,19
15815140408,2
15977079073,0
16035071823,7
15808491026,18
15813386315,14
15807754697,16
14399530176,15
15733990332,16
15968849594,10
15723393345,14
13831377483,3
15149599518,8
15561863258,10
15750144601,18
14151821777,14
14142603747,10
15817426003,4
15768606631,16
15812404673,2
15664219938,0
14937027243,15
15998675077,7
15905468959,14
15956099646,12
15667714819,16
15764390495,5
15782279299,0
14152412680,2
14470337928,3
14171897223,14
15908469663,8
15008689098,2
15333285464,10
15143421423,0
15852262370,2
14354571491,18
16002534264,3
14597730435,12
15597075596,10
15230747134,18
15821299122,16
14218889615,13
15242868441,8
15163966723,16
15979664475,4
15657707166,14
16023716810,7
14146116133,17
15361771633,0
15728193449,13
15364497940,10
14123120628,4
15945001889,0
15904963437,19
15621037692,2
15980439352,0
15535217706,4
14225967943,13
15992276353,0
14455952680,13
14230420278,18
15839258654,16
15751691753,18
15936323311,16
15992904109,14
14374696818,9
15302482356,8
14146993464,4
15521453564,9
15965964555,19
14104778963,4
15080458876,0
15992229994,16
15138156969,2
15999924685,14
15919657802,10
15207839637,2
15592361527,4
15879035831,10
15591033770,14
14821710863,16
15927135003,12
14621248874,15
15551838401,0
14425099471,13
15800571216,18
15751196080,14
15887328317,2
15260076949,13
14205288253,12
15776382070,16
15726648189,19
14415257038,7
15847394349,16
15909222678,8
14163526023,7
14101357506,1
15801604888,18
15820839444,17
14225347430,15
14213339723,14
15819498000,0
14743892511,18
15521452030,18
15586886990,4
15404065363,0
15753120119,7
14063832795,13
15231281691,14
14219754806,8
15819580310,9
15476795709,13
14265817111,19
13944231530,18
15264296174,3
15895953831,15
14201736308,18
14743047297,10
15955407912,16
14931908977,9
15059207484,0
15936108827,0
15190185610,19
14160537327,13
14187860881,16
14144733226,2
14199115029,10
15764050500,13
15894129558,12
14490127537,4
15996407962,17
15437380875,14
15989164308,12
14061445101,18
14482374183,9
14567002109,14
15719395418,19
15314231064,13
15667924016,14
15252310766,16
15955378975,15
14395696360,2
14216689001,12
15464620184,14
15409505466,14
16012864246,16
14068839575,4
15134853285,16
15730718108,19
15987009398,0
14000805686,2
15894824982,2
14395303560,4
15599040611,4
15764705775,4
15776285660,3
14715645208,10
15312985717,3
15836714455,18
14182690971,2
15280657528,14
16009076936,16
15804739274,10
15028045982,19
16004168890,7
14418825908,2
14345294284,10
15382264679,2
15907867307,18
15670219546,18
16017952657,0
15018912821,13
15986705963,18
14012185032,0
15756687608,1
14149564538,3
15714880061,14
15548602435,11
14863063213,18
14416008069,3
15476564555,15
15729782992,9
14943500552,16
15938663421,16
14329812776,7
15733521422,3
15922920916,8
16032280078,18
16001685711,12
15258100683,16
15714901148,16
14473076816,11
15940049387,16
15876048355,16
15297797655,7
14178681214,10
15199795363,18
16009517602,4
15928471346,7
14464553209,14
15357233706,2
15700062699,7
14422709730,8
14883393262,1
15734337805,0
15683394490,3
14912537705,18
16018593678,19
16015573599,7
16029787796,19
15873482925,19
15622158284,3
14392123670,7
14204315776,18
15244945260,12
15603969721,13
13915693566,15
15949646366,2
15537552174,16
15726603850,13
14228168027,16
14196832081,2
14372672491,10
14859352985,9
15729186975,11
15688975640,12
15815435243,14
14752191515,0
15863437610,11
15590757818,16
16018835683,14
15074411706,19
16005280707,16
14140319242,10
15394887451,10
15991004922,16
13961576493,3
15936389997,19
15278696081,14
15922184368,8
15815489036,16
15773110615,12
15721001316,9
14170687204,16
15578030520,0
15843141708,2
14121664857,19
15872310010,2
15932237318,7
15933320081,16
15444767661,4
15384638913,18
14892575843,2
16029439759,10
15950152135,19
13743519378,4
14128794523,5
14051736277,12
15785641273,13
15186890624,9
15842539875,14
15479254323,16
15675183339,10
15273626882,13
15815281966,16
16001944609,13
15965637943,9
15443862305,18
14599933623,1
14236211142,0
14250150932,5
14113676341,2
15941708283,7
13976604278,1
15262671747,3
15887509672,18
15842419719,1
15838175751,19
15246203132,4
15654819636,18
15808630147,0
14343797094,3
15894956373,18
14033563114,16
15876006199,2
15774535606,4
15435403414,12
15157146552,4
15982794012,3
14294942184,4
14029758766,14
14120759992,10
15742286960,3
14265699324,14
14445821123,8
15845660470,14
15149949373,16
15337925359,10
15727931769,10
15744684737,11
15647846549,3
16011541105,4
13973128928,17
14578542546,18
15560986724,11
15703920541,18
15965848945,12
16012085500,16
14163635415,10
14192340873,16
15457167737,14
15748042434,18
13998663119,4
14179750029,0
15824209938,10
15951662621,15
15308645913,19
15502684155,14
15976264385,2
15847287272,7
15838396872,0
15020215760,10
15396776196,16
14190788013,16
15903207859,16
15971634128,4
15544101474,18
15409471950,13
14222156125,16
15789225064,10
15383202302,0
14395070776,13
16011316031,16
15940331638,12
15876718429,16
15399417918,7
14169958357,15
14181346238,1
14162636194,0
14492745921,19
14095419349,10
15992731352,18
15997683996,2
13821375696,10
14168175792,16
15962276291,0
14186469504,14
15965584049,18
15315609243,18
14584023529,12
13940866698,7
15624763169,10
14813599095,19
14133813163,10
15971093711,14
14254355449,0
15054840193,10
14227823363,0
14267026842,4
14453774618,19
14979977123,19
15923192559,3
15780952198,15
13757559215,10
14180834311,19
14435049132,16
16015570838,14
14002127053,19
14481384312,19
15080271372,17
15373409734,14
14103588796,18
15846629032,14
15224405077,0
15333980342,2
15775007258,16
13853257020,9
13829815021,14
15835067901,10
14158257892,2
15993228590,13
15954747893,15
14979069870,18
15828329114,19
14233744784,5
15711707292,16
14001851584,13
15712076483,0
15686883129,3
14334089664,12
15725480928,10
15785420745,10
14187872075,13
15146454621,16
14196765266,4
15982739824,15
15969633801,0
15766536468,3
15550655288,0
15784664442,6
15646732287,7
16024079013,9
13765202870,19
14199062034,7
14249004999,18
15739922685,18
15898221774,9
15874839343,19
14212303190,14
14257353916,11
14455199109,9
14469645580,12
14455528139,3
14065019197,9
15322026636,3
15697055594,12
15795290189,5
15184933742,7
15421531185,0
14358124722,15
14168384791,13
16000717150,16
15489438101,16
14400454186,18
14126770648,15
15536768801,16
14369135290,3
15784013874,14
14043250818,14
15861793232,3
15808656844,5
14126475184,14
15649376636,19
14247478565,2
15939372312,2
15365575959,4
15770819449,16
15481160762,12
15978137255,7
14472480653,4
14267540524,19
15782438559,10
15764755320,7
15695880797,10
15606850756,13
15711618748,10
14830990840,18
15782801864,17
15385988942,10
14487219769,16
15830512596,0
15578968537,18
15859234310,14
16010459429,16
14257230067,17
15733328128,14
14895758982,1
15600487271,1
14557910056,14
15938696625,14
14478030006,6
16010422672,0
15620393018,12
15712403641,5
14262801979,0
15809742098,6
14231861311,19
15912693423,18
15737448323,10
14472370093,12
16004418178,7
15176133689,18
14343582415,7
14147722828,10
15526085520,12
15356896145,18
15733457501,14
15323153238,19
14439168344,14
15261488467,19
14206993244,18
14792627341,18
15791427926,16
14149034870,0
14483848536,18
15407388889,16
15922595262,0
15796592949,14
16009795034,10
15111936867,19
16015671166,18
14434676449,3
14107016907,14
13967739515,14
14184897576,10
16007373951,15
15987798173,19
16032801121,3
14401651232,14
15785180071,4
14256970335,8
15789881975,12
14478793405,4
14181775381,9
14672386780,2
14347635355,19
14977908797,5
15687638718,3
15719129487,15
15405150827,3
15271119920,8
14395863382,6
15695599903,19
15819720339,10
15098475666,15
15374671078,10
14197737780,3
15986567507,14
14050675971,14
13978376652,8
14168743898,0
15770720910,3
16012186453,1
13962903818,10
14422599037,10
15888046787,7
14351323428,16
15622725340,4
15927308807,9
15681769778,19
15989997742,12
14237823386,16
15242481746,11
15717448367,13
14221223042,4
15865303797,16
14231551824,2
14041418473,4
14094220021,2
14737385286,15
16007226959,13
14155160547,16
15674134475,4
14471120068,15
14949930359,18
15997843456,14
14174525823,2
15943333705,2
15234649243,6
15733153995,19
15427965138,10
15922425523,0
16000023496,18
16027587535,2
15904290981,19
14415712325,7
16016041844,9
15586873199,14
14145073504,10
15807337511,12
14010997362,16
14908164397,0
15525108994,4
14742422721,0
14208274582,3
15464758514,4
15966980794,19
15740198481,18
14248605860,18
15861042057,1
15796958258,19
15786115528,3
14474883331,3
14351316973,4
15220877714,12
14125609350,18
14143512216,14
15729253278,0
15945637798,19
14000700065,8
15980439324,10
15980868967,16
14370291114,8
15242481921,12
14919177644,10
14812998958,16
15709343483,14
15317538448,2
15997852490,13
15785423990,16
15348870496,18
14445963462,7
14214969177,18
14749188011,13
14187353439,9
15345882712,3
15729680532,0
14437908590,2
15102818237,19
16013609827,7
15623232455,18
13833731195,18
14075252033,10
15655205670,16
15725421901,14
14419802010,14
15502200217,8
14422689126,13
15728383304,16
14219527513,0
14189242219,2
14136283581,12
16011458159,6
15751823392,16
15800373296,18
14154946748,19
15767944823,10
14237466003,13
15981264396,9
15306325342,3
15804151388,4
15348293269,13
15166815808,7
15532392335,3
15940444220,1
15537480647,16
14211270340,10
15768245760,13
15876330179,1
15541446255,0
14420294763,10
15803110668,16
14437446855,13
14020669925,18
13995051097,17
14419464532,9
16020998282,10
14473227712,15
16000137759,0
16008807596,0
14480824373,2
15885651748,0
15726536942,2
14226696063,12
15981492667,17
13971605519,1
15170942500,8
14343796934,0
14376460112,0
15883014717,16
15741129473,13
15994628058,18
15802096208,14
15714477977,14
15301970897,9
15819733970,18
13906462682,7
15979101805,4
15616380414,18
14116091510,14
15983776415,1
15780849600,8
14150840784,15
15951818244,18
15461364578,15
15764865448,19
15625775530,2
15231287278,14
15712545418,6
15105368493,2
14176219946,9
14289542687,19
15898117786,2
15793691930,14
15787267849,3
15872840846,16
15308110422,0
15772110735,0
14135542706,3
14420120482,12
15896659697,4
14290402645,16
15813507369,11
14055839335,17
15589115143,16
14597709770,14
16016094081,9
14155443686,7
15903859266,16
16032866148,11
15814393921,13
15186027231,16
15976898132,13
15995675819,3
15279548021,1
15379918159,0
14481360585,15
15943348519,10
14051195450,16
14170149238,16
14140200126,14
14422738858,9
14377447847,15
16002415851,7
15698561447,1
14476994708,13
14420411614,0
15707358443,0
15802795436,14
15538253394,2
15786435062,3
14481525555,6
14986667305,0
14417051617,1
15583280668,10
13984565120,13
15990202963,7
15595737737,16
15693808218,13
14101690739,12
15347491652,16
15820485737,13
15695392046,16
15947154701,0
15271924709,10
15966008676,10
14196121840,8
15334787533,18
15748354661,13
15343992797,3
15827405349,10
14434171307,12
14410615057,6
14179053818,16
14224536042,10
14847087863,18
15997894774,10
16027177291,12
15513987359,0
15310971164,2
15960363392,10
14189911220,2
14221458372,19
14944156181,18
15689448809,16
14978617661,13
14352999892,13
15879460075,19
14184591079,18
15722686876,0
14234874277,0
15939480285,13
15967896180,10
15790816883,9
15728502905,14
15803767539,19
15785518784,0
15735684067,18
14991311291,8
15291534951,18
15718428006,3
15991142891,16
14164438775,2
16031002387,7
15787139674,3
15442783484,1
14378171420,1
15304292569,15
15724107860,9
15910596066,0
15934083191,14
15106021071,12
15451288891,16
15793371069,1
15826105764,4
14155877588,7
15953877700,14
15759780777,13
15874917082,14
14241370586,7
15535270665,7
14351806051,13
14549129250,2
15857088170,16
15593067094,16
15969679145,0
15715201620,14
15738719981,16
16017632375,14
16003169932,2
16033549993,19
15715541542,10
15876973413,2
14235662412,4
14749481307,18
14788573252,13
15813206787,18
14129639361,13
14071914232,5
15743552304,18
15081354624,19
15393631170,2
15882822117,10
15452875201,19
15685706579,14
15604454800,4
15711278768,0
16016467848,14
15729624436,16
14017431854,4
15811524129,6
14145073871,17
15996383924,14
14131855136,8
15884483133,0
15883710670,7
15305527791,12
14964473501,0
14189228038,10
15943532233,7
15306019453,14
15244514393,14
14125080579,12
14333256300,3
13980676047,17
14365844586,15
14431591947,4
15289510184,10
14219117253,14
14487934648,2
14189227971,7
15736794159,16
15912039962,14
15679436687,14
14023588601,5
15977101708,1
14995301501,10
15670301458,4
14473601252,14
14034489627,19
14242094725,3
15597825856,2
13910596015,14
14868785382,0
14263495473,19
15168414615,18
14457069752,17
15548281698,14
14285560376,14
14188793289,10
15768236314,4
14389949656,6
13999608332,17
15083608340,16
14097859528,0
15838116091,8
14233539506,7
14104246469,10
15742761829,4
15748889787,7
14143858616,16
13901469052,19
15433440956,17
15802065002,16
15927444106,14
14493734938,19
14956669205,4
14445205887,13
15503361281,7
15894401878,3
14893400238,18
15743402702,0
15251522165,16
15703959639,4
15977385556,0
15589782736,0
15259211304,16
13990235817,0
15912021877,13
14863523402,4
14198505820,19
14880025653,16
15963636801,7
14252328412,10
15401967296,16
15984872916,9
15456701876,7
14206660599,13
14728269387,10
16013417669,3
14193156803,14
15932637110,7
14184599586,14
14252076073,0
15697099814,9
15775963049,10
15661750229,9
15339554273,16
15786584403,0
15338448233,12
15783529813,6
14217182805,1
15824461761,14
15445919020,4
15997915038,7
14850706106,4
15990993693,15
15811828383,7
15334823983,13
15452877919,4
14165196764,16
15905778958,4
15811987782,16
15511226422,3
14110223123,18
14437450764,15
15980249816,9
15496598472,7
15914636128,12
15323135970,10
15319168137,7
15396238023,13
15936007293,2
15585203222,10
14239722607,13
15784131524,18
15761602773,16
14229805046,6
14407680700,16
15998920004,9
15714670829,0
15905633965,3
16008942128,16
14442823374,8
14032992991,0
15590502415,12
14171080310,16
14794620560,2
15595294283,16
14444184638,14
13940460577,10
15609186838,14
14209632910,6
15062856509,9
15999723906,18
14977200472,16
13212440160,9
15527906145,12
16019177044,16
15702014777,4
14491155892,1
16009624077,12
15783581798,18
15450311744,16
15245764583,2
15728491444,0
15791747604,10
15803716100,7
15837998379,6
15632473781,15
15715792061,7
14436271092,15
14158258021,18
15798052883,10
14263514962,7
15683394130,13
14146117555,3
14453297383,16
14180722062,16
15259962075,13
15986740959,14
15461931101,4
14132648221,18
15909891744,10
15636863895,4
16023803660,16
15301799309,18
16006474398,16
15095787182,15
15791117992,15
14224550881,13
15770398759,16
15368939513,16
15986003334,2
14997248507,4
14160727167,10
15536763360,2
13830428496,7
14157869694,12
15697191557,18
15501636255,3
14128166411,19
15464126104,16
15734012400,19
14485576231,16
14137708751,16
15281877150,3
14554958801,8
14034950551,7
14422563838,19
14958669808,16
15276402973,7
14140691578,13
15433483308,14
15695210198,14
15836768175,7
14234412781,3
14177431457,3
15982015375,0
14228445586,16
15408035157,7
15980101438,16
15747994868,4
15531525905,9
13830436686,12
14202599587,2
14136464289,16
15754749520,5
13759562984,13
15221728050,15
15656199274,19
15736538662,4
15799101164,18
15928264685,12
14140446134,0
15835429299,2
16030687234,8
15381268881,19
15578865167,0
14135805848,0
15423038046,18
14167054338,13
14129084304,16
15123619029,18
14525300207,2
15273591405,1
15994303883,8
14169177837,18
15160084131,1
16009305728,16
14148824580,10
15875146982,3
14822429206,17
15619741765,14
15644700020,4
15922371979,13
15493131372,0
14198365235,19
15994523786,10
15450712142,2
15917681127,16
15795464918,19
15262106177,18
14137600744,10
15927469358,16
15715358044,16
14450405672,16
14444903949,12
15777060998,10
14944448034,7
15575805050,11
15990676757,2
14701743018,16
15722284555,3
14383836059,0
14753300446,18
14170159539,14
15775179784,14
16003911408,15
14124949880,3
14127066629,14
15998532589,15
14430011029,13
15825635319,9
14210804353,17
15706313069,15
15824461636,2
15603018022,16
15937436911,10
14192292185,0
15954436100,10
15777839294,12
14847849032,8
15602929097,3
14192383183,19
14163644822,18
14104652660,3
15804857947,10
15803934600,3
15197571355,4
15834373697,3
14067668862,10
16018829422,14
15856736283,0
14204116562,15
15805954467,1
13295952556,7
14447877571,12
15896661113,10
15457290356,6
15206167210,4
16002845059,10
15782860562,14
15668623219,10
13755034382,14
15918128215,1
15865730960,8
15979387841,10
15963681789,9
15819731999,8
15616811815,0
15393711942,14
15945496806,2
16025076211,3
15262683666,14
15973895707,14
14422770412,11
14182158894,19
14366596263,18
15017484376,2
15645586717,16
15700120992,10
15231229719,18
15621274710,14
14027124309,8
15772926912,19
14491586278,16
15747270441,16
15699563346,1
15765842555,16
15239333957,10
13988819065,7
14168443224,8
14833092406,0
15511346360,0
15978593729,12
14987518473,12
15802505896,14
16033298681,14
15719116311,2
15413105801,19
15796708386,14
14162055791,18
15105171048,10
15787483610,9
14408257439,12
15206976379,16
14443543313,14
14217689538,16
15979664822,9
15254654216,3
15404511538,4
14353577700,3
15728399815,16
15498243161,10
14837015933,12
15877828486,15
15964627603,16
15667048197,14
13760699223,16
14343972529,4
15661749764,0
15253700941,3
14016102605,18
13877762429,0
14610820191,8
14489610110,13
15350237119,4
14487934337,2
15356344838,0
15986971109,14
14254241178,3
15742385562,12
15731985572,16
15766186524,16
15905294791,2
15746056253,18
15334471691,12
14842223389,10
14420147964,14
14206577492,18
14197894845,9
15160190941,9
14474018151,19
15998916582,7
14037639129,16
15617429949,18
14001835232,6
15999639060,6
15789653757,1
16023602125,14
14095914442,2
14420706076,2
13880753836,16
15783295355,3
14357592559,9
14229284670,10
15260912434,10
13746109907,15
15036257846,16
15032112253,2
15132371456,16
14196499504,4
15993343542,18
15492797507,1
14045578041,10
14168168187,2
16017362091,14
14847175878,3
15838851973,16
14107305070,4
14203930195,13
16012108331,14
15883876446,19
15719627580,6
15612700863,7
14067668938,3
14448210801,12
15552900234,2
15291332601,15
15899399439,0
15407450576,14
14120461866,19
15309422435,8
14367566948,13
15721003774,3
15727314089,14
15873484110,18
15162326500,10
15800337958,0
15660274219,13
14394497381,14
15432159102,0
15732314109,9
15870735492,8
15783245911,19
14242823686,14
15731462058,15
15771981088,14
15909080679,16
15895111820,3
15912212298,13
15986383327,8
15978506762,18
14201589212,16
15776443464,12
14210522768,19
15699344807,4
14220543304,2
13918389905,4
15592103489,14
15767503944,10
15717203924,12
15923596040,0
14382082685,13
15952056727,10
13976830213,18
15701392290,5
15135989601,14
15783177730,14
14156475602,8
15906240579,0
15877882171,14
14789399272,18
15517420047,14
15933833441,9
14138050884,13
15414291948,7
15973036050,10
15725061297,10
14923338440,16
15884502897,18
14105736376,7
14484458442,7
15784683815,18
14439212712,2
14172115870,17
15255084451,12
15831033513,1
15971665737,9
15389144182,3
15389593645,7
14480481172,0
14163580267,7
15596896574,19
14484354007,4
15956240545,18
14219997872,18
14174303472,2
15740921063,18
14182534406,10
14167924862,0
14166824868,4
15573457757,18
15976417208,15
15626637184,8
14433130620,14
14151936411,4
14184168236,8
14199650226,16
15700042629,0
15714344276,11
15891202470,9
12682222225,16
14037639288,16
14865621788,10
14358400234,14
15013513539,19
15014519551,16
16034648127,18
14840885055,10
15883357322,0
15839753052,12
14097392993,7
15810838056,18
14554398549,4
15926781465,16
16000119367,13
15388076200,18
15971851551,8
15929209816,2
15788791273,9
15694757254,13
14124143977,10
14685947466,14
16016660590,14
16034354283,2
14101385020,16
15405464089,15
15701538735,12
14246453230,8
15389842095,16
15664680546,4
14042816210,7
14483673821,14
15599774004,18
15768057014,12
14184276335,12
14463087674,4
14445160722,8
13880098986,7
15241345648,10
15884418104,1
15825109358,0
16032238888,7
15931535020,15
13844116975,14
15104410814,8
15846253491,14
15922270540,16
15467857698,16
15936687313,14
15877706963,18
14489774568,8
14228466738,0
15763714402,15
15275791698,11
15923989748,9
13831090252,3
16007209761,10
14361874572,19
14491589767,0
14389440416,14
15505823952,14
15108795341,3
15616038013,4
14392095698,7
15985315879,1
15478263496,6
15896084112,0
15790464871,16
15716563884,4
15890441079,3
15725865459,18
15303551409,12
15621709191,14
15569094470,16
15967187674,10
15447569693,0
15902796874,7
15223030322,14
15680643895,16
14278330845,10
14680361789,10
15880807099,16
15719372703,14
14457012950,15
14158925056,19
15858614977,18
15438336092,9
15666728252,18
14120305455,7
14190635995,16
15772592811,3
15790136381,16
15498012217,3
14190525920,10
14170059016,6
15794853438,14
14310916784,0
15922793698,14
14253642572,4
14847766721,0
14707569175,7
15739760534,14
15769600317,4
15927207205,13
15872642903,10
15370687797,14
15800546434,5
15705812671,19
14135020988,18
15808696295,6
15649927662,8
15399418653,2
15819284954,16
15734418488,10
14221150136,18
15770830324,7
14444996063,2
15780759168,2
15840805421,13
15703900685,16
15818977811,18
14113169966,18
15773253080,7
14138122665,0
15879249775,13
15876172806,2
15114662540,12
15980395226,17
14193481265,0
13986667319,1
14688426779,2
15944659641,3
14856070108,15
13635383191,15
15205166348,9
15434667616,14
15900319791,14
15681687355,8
15797365109,5
15398261062,2
14679433369,19
14999428631,18
14107091032,14
15825751395,13
15709928489,10
15739682981,18
15753148505,8
15600313075,4
14209258554,7
15701001676,9
15979446015,14
15614483188,10
15906936546,7
14194276239,12
15253141610,18
15622033143,16
15058501942,0
14487238128,10
15919602779,5
14190186627,10
15884357946,3
15105596616,14
15301982834,4
15863296145,0
15689319352,18
15786509093,15
15753150869,7
15732029773,2
14348977128,14
15918685570,14
15765687564,14
15925155413,13
14691250596,14
14351593489,12
15253217873,4
14978405313,2
15933816160,13
15623511695,8
15614580970,10
14400454221,13
15837265570,1
14464264112,12
15764820021,0
15592627915,18
13940783518,0
14748805494,3
14149151034,14
15656818529,18
15578487154,14
15801514147,10
14942766188,8
14138499883,4
15999747783,16
15258488586,0
15164175093,16
15798221898,2
15957141125,8
15773917920,16
14116486706,3
15776547226,15
14472451129,10
15646109646,10
15891084948,18
14156758319,14
15392721399,2
15902172167,13
15706234571,15
15777743006,16
15641799443,7
15635027806,18
14419305003,10
15568794892,18
15785056790,0
15793357190,16
15405224767,16
14189429494,13
14094539236,16
15463149137,16
15562446478,16
15408045082,12
15400579462,14
15811383618,14
14108272545,10
15537581439,5
15234508775,13
14299727410,13
14672205078,16
14440890093,0
15366392499,10
14669626891,14
15369422667,7
15705376916,18
15770980805,4
14250590407,12
15587705760,18
15222131891,0
15587059473,14
15741769204,3
15801936758,5
15597634821,16
14687536072,13
15924581290,13
15532103892,19
15522284546,15
14268228137,7
15700881470,5
15738307378,14
15905772759,18
15277025602,16
14157697835,2
14182775014,14
14978834695,13
15534442740,10
14015889679,0
15786848367,14
14122124760,9
15870635176,15
15834905003,3
15851032814,18
15585532998,8
15801859190,11
16034170041,16
15414669094,15
15527973200,14
15503405863,5
14178447069,9
15904025277,2
15718354996,14
15745540875,2
15807132730,4
14108980430,17
15516853701,8
15665016247,0
14394972903,17
15756281385,14
14163988797,10
15814444513,0
15512003849,19
15846034627,0
15803502357,5
14187975415,10
14984048673,19
15421962239,3
14408201958,19
14473815343,19
14402657750,15
15722706702,4
15485798130,6
16027498373,14
14146116668,14
15783039876,2
15510297328,10
15408230605,9
15905296828,19
15996343252,16
15909474913,18
14220294513,2
14098923014,14
14377181016,18
15976973471,4
14204447380,0
15905477926,18
15698561321,0
15908954201,2
16015876797,19
15243058275,14
14266320114,2
14133303344,16
15977956599,8
14175963282,19
15722771293,4
14173591808,13
14444121007,19
14168450264,10
15693432742,16
14142512770,0
15733981431,15
15729857205,16
13915569858,18
15683422408,18
14213604547,14
16014824658,16
13097290258,8
15728606047,13
15776956759,16
14073149782,9
15818977890,8
14231585182,14
14170499007,18
15712245607,10
15854844293,16
14165703181,16
15446332743,10
15600840560,18
15864097652,12
15720430782,4
15907887958,9
16007666370,10
14524114450,13
15965291304,10
14687616542,13
15112013124,18
15905468663,16
15317207156,0
14116158007,4
14332971002,0
15333194572,14
15678715155,4
14138924878,19
13999221275,19
15996228153,15
15835364018,9
15543463585,1
15175389544,3
14165827209,9
14474208398,3
14793028047,19
15893112450,14
13794288896,2
15927524096,10
14067260049,19
15238868777,8
15760074052,0
15991013831,3
15783581393,8
15714822583,19
15259174051,16
15574015991,15
14936018212,10
15090246500,14
14133276073,19
14040896635,7
15822014612,3
15984100436,3
15521456123,7
13947365674,18
15722291295,16
14180277587,2
14127182155,10
15876595306,4
15780372207,7
15537279556,16
14020108136,12
15197456170,13
15936344931,16
15894404513,10
15497936595,2
15921499830,4
15576570246,12
15176235041,0
15996828507,8
15916591814,16
15688530878,14
15322216360,13
15888145595,3
15374067812,14
15714657183,3
14464079963,2
15912223125,10
15953544848,16
15950316413,15
14400222505,11
14228304171,16
15683709817,4
13966765130,18
15372812113,3
15903748687,19
15817453839,19
15635556372,6
15838114477,2
15880750503,13
14354830372,18
14112160493,7
15825151555,17
16029019674,14
14003028031,18
15926947839,2
15476796338,10
15765480827,14
15956538653,8
14472239391,14
14211025906,15
15877675129,18
15922865680,13
15702657516,0
15125014194,15
15472847012,14
15982760924,19
15136768408,14
15837647927,8
15828158741,10
15061651191,14
14686997192,0
15641799996,7
15996497032,14
14231505963,1
15795491735,5
15392873509,2
14156758295,9
15175389155,18
14250108674,13
15820529251,18
15519752088,3
14237564318,14
14196341104,9
16034849045,19
14134493245,13
15758231488,16
14715645240,18
15624987945,14
15946720556,4
14166751772,10
15522666326,13
15602431483,14
15617246716,13
14212229104,10
14088398194,14
14126866159,19
14166584975,8
15646043543,18
15664805335,0
14199674914,16
14597243930,14
15629371075,12
13949195398,10
15942223465,8
16028474809,8
14428659253,3
15179779297,12
14658554477,10
15484455761,2
15844032240,9
15801514211,3
14815391633,16
15678947981,10
15704149044,10
14785576690,4
15877436199,18
14688406849,3
14222149468,14
14970140602,8
15895729516,18
15822823177,0
16000082589,16
15977555518,4
14156054744,19
14139508727,10
15809492780,16
14129339656,7
15803471460,16
13963636868,15
15359477477,10
15619685880,8
14203194392,0
15508778613,0
15802961579,12
15861128877,7
15911181245,13
15828559845,18
15339050664,2
15941314831,0
16013960259,19
14479511097,13
14147743174,19
15979676440,14
16030840589,14
16001203971,4
16029298949,16
14396288647,14
14438802774,13
14238220645,2
15635671628,19
13808411064,13
15732413345,13
13753020296,4
14161939252,8
15247409188,0
15745839890,10
15604574905,0
14103729977,19
15980420741,16
15810739366,19
15341064283,18
15250334199,0
15930698027,2
15699377485,14
14129190443,14
14482466247,10
15522653032,8
15681253648,7
16001512302,14
15574990475,15
15911331231,19
15960084717,8
15768948792,16
14201995681,0
15968794300,10
15914535768,16
15581702428,8
15912576714,19
15998743090,3
14360710129,14
14481245986,7
15774041538,7
15563085635,18
15688669817,15
15801804219,13
16023890295,6
14166757510,12
14126721282,19
15364058155,18
15800885027,18
15632474028,15
15356947413,18
15773240661,10
15437502420,1
15951916315,18
14422829255,8
15520518325,11
15993591948,13
15750871184,14
14951294824,5
15773039082,15
16000089996,14
16018574062,2
15978383721,10
14202187735,10
15724341123,0
14054330033,14
14339657152,3
16016211486,14
16022472481,7
15967713030,4
15492409472,2
15667604503,15
14224475428,2
14849997380,15
15729479321,9
16005409168,2
16001376934,18
15618290023,9
14471212173,0
15693193935,0
16033241725,8
15137695138,7
14852115730,7
15888153386,16
15755733821,10
14453286139,7
15850792376,0
14464435383,19
14219818522,7
15441499648,10
15109947158,19
15424954148,13
14253563365,2
15956079451,10
15713340156,15
15924213196,16
14211450375,14
15895379312,16
14231176693,16
15991005895,7
15261561003,15
15134699532,19
15906363743,4
14224216469,12
14211882071,3
15133558801,19
13885934124,1
15710085159,19
15996131800,19
15580336706,13
15992860464,15
14164491836,14
14488253333,1
15599112393,10
14347562733,13
15656828309,18
15603282508,14
15799728919,0
15600825526,3
14271464670,18
14069675902,2
15388080360,0
14449952628,16
15547058183,0
15812956633,16
15179571614,16
15777224293,0
14204156576,18
14207738919,19
15380869323,3
15945791635,14
14292278077,10
15712508413,18
14138639877,0
14175622189,18
15822288906,8
15804655193,5
15791433295,14
14209431360,10
15873741664,15
14215763412,16
15536825261,10
15964068173,14
14036214908,8
14435318086,2
15855561212,0
15768660995,18
15683871579,14
15717230483,18
14210846343,14
15999630478,16
15625479896,6
15990786519,16
15294930736,6
15425951746,12
15527417158,10
15529045380,9
14908025185,2
15683132662,7
14387874505,14
14195135882,13
14153907094,13
15435492621,12
16028609045,14
14189233185,4
16011310165,18
15809436305,19
15748702255,14
15837449288,12
14620107140,14
15619540577,10
15578483987,19
14163109477,15
14115367365,16
15307272476,0
15800179292,7
15740839974,1
15730495905,14
15822127173,18
14168713193,0
15647408943,18
15795127916,5
16010809543,2
14207975972,10
16001645558,16
15268454918,10
15749520629,10
14188599148,14
15611965998,3
15769711999,0
14488251210,10
14155434652,0
13829327003,0
15917626332,16
14891152462,15
14172799547,8
15354884080,19
15725582684,14
15681685919,10
14557226233,16
15946007041,13
16034376611,0
15577857984,14
15830960447,14
15251885764,18
14820718888,4
15163786821,0
15090544647,0
15993219918,18
15560855727,0
14804638999,10
15665905742,12
15753649422,16
14038470109,19
15708688595,4
14196897499,19
14180081134,4
14453764895,7
15939339426,14
15625253233,18
14970072195,13
14192230416,15
15999704016,9
14326710657,0
15811911486,10
14076660411,2
15905735024,7
15833718510,14
15540502901,9
14254312510,5
15833051721,2
15089599869,2
14146111107,7
15964261058,2
15243083271,13
15791086279,0
15759308143,16
15741384956,15
15594884205,2
15803913746,0
16015308649,16
15776161236,7
14142817218,3
15621739904,14
16022333818,16
15770830303,16
15848270527,10
14209833886,13
15815421487,16
14903185754,0
14165782418,13
14050725214,14
14415952065,1
14037560301,1
15197571379,4
15363452015,18
15818515903,14
15589957130,0
14180405966,2
14083961225,15
15685389111,9
14389624549,10
14203186850,19
15566311084,0
16023925401,2
14102639269,10
15689792112,8
14212447812,12
15965105022,16
15687890481,14
15531762023,8
13804204817,19
14019588334,7
14211275217,18
15895635035,10
15754186110,17
14860055578,14
15250731812,14
15569967714,5
14925104928,8
14875343265,7
15437584427,16
15600478691,3
14087093939,14
15926554166,0
15695367665,0
15708010519,16
15972378785,8
14256610174,18
15909692226,19
15995595666,19
14442933084,19
14368867566,19
14249158497,2
15934775862,2
15650394347,6
15599539767,12
14198291028,8
15938654597,15
15688608784,10
14060951007,13
15791081911,15
15889075177,7
15578714863,1
15561591430,0
15783447662,3
15887598819,14
15798702351,18
15578173890,18
14472660435,15
15871123582,19
15985658151,16
15691107148,13
15999907156,12
13974682536,2
15870446051,19
15608207642,18
15946811488,16
15999645629,1
15804602604,10
15071708357,14
15991058194,13
15945739574,4
14899744115,0
16005986732,12
15785953652,1
15831766203,14
15211195603,12
14411048236,15
14113220939,8
15995860122,18
14150124967,2
15826326860,16
15331957737,16
15903416226,7
14124418601,10
15830821032,4
15970270866,14
14403978709,14
15791730026,7
15954516926,1
15590200225,18
15990363261,19
15672640267,10
14194837928,18
15587297646,16
14478915007,10
15395477425,11
14691732573,6
16033318044,14
15808980881,18
14147114341,16
15190823222,9
14175734487,2
16010220821,18
16010282082,3
15781736960,15
15807457568,9
15272840261,16
15774019931,10
14991688947,0
15746466020,4
15959384713,4
15836669776,16
14168772459,18
15770735578,18
14491574367,8
14213295762,14
14143340637,19
15354216620,18
14479713366,16
15786445420,18
15763311201,15
13845755144,4
13726782419,18
15220412179,12
15940820691,10
14194088038,16
14130004533,14
15991204889,17
15910488812,9
14678438831,8
16016594166,3
15211369811,12
14240674350,0
15562327093,4
15971595811,14
15502530748,13
14451326076,16
15986786203,7
16001415951,16
14979614059,9
15905704218,10
14976041837,7
14128087581,10
14690106147,12
15900621101,10
15722277877,7
14013671256,18
15851346253,16
15743111009,0
14232734118,0
14215124504,10
15944276367,1
15612071293,14
14792369399,14
15997945342,14
15496599263,15
15997531123,14
15418752751,6
14482836892,14
16017034251,12
15635762081,6
15848349034,7
14921405082,2
14256939248,18
15853350150,16
14489545930,0
15339897808,1
16033328086,18
15741021759,0
14439037504,12
15117256910,13
15438335997,4
15879846712,2
15677125389,14
15448038283,13
15029925411,10
14195043691,0
15318636384,10
14105736753,0
13954235464,1
15851011825,17
15667091875,2
14417357171,3
14614780924,8
15182525389,14
15941121690,19
16012907076,8
14165743884,18
15952043845,16
14487104743,15
15955692584,13
14035913158,3
15699417351,16
14045704371,18
15931566540,2
15976264153,2
16016782539,10
13781440202,2
15906127218,3
15952002514,0
15751304888,3
16015889229,7
15698278868,14
14233891446,4
15483715171,0
15935922945,14
15319910945,8
15436201053,18
14108669796,4
15927502520,4
15915658101,18
15857470371,14
14711934453,4
16032264477,10
14422626998,2
14139099307,15
15800052862,18
13999794149,15
15527371579,10
15980900455,7
14360702486,3
15698076370,14
15837462494,2
15095959772,0
16006322191,0
15783438194,0
14266669873,13
14401224851,14
15314851731,18
15641881777,4
14240674377,3
15743826836,7
15979545956,16
15807316102,4
15785157509,10
15911784310,0
14491375967,18
15046770626,7
15047435722,15
15992063495,13
14394750688,4
15594796427,5
15786507373,2
14495167758,14
14474209563,13
15822649307,4
15195667736,8
14250887672,3
14176830580,14
15675469417,10
15767659864,0
15895687554,8
14789398469,16
15967909010,10
15821281920,14
14422165203,1
14173273408,14
15987997280,4
15671622484,10
14301641685,10
15694547511,16
15231556455,19
15991007572,15
15937490275,14
14447043118,8
15088063420,3
15875590782,15
15911785702,0
14167762985,4
15653940292,19
16017245539,4
13984723656,13
15724823063,6
15836924331,10
14764698233,3
15895111141,10
15314487002,7
15737448359,10
16023219049,17
15778626499,14
13799147705,18
15997744044,9
14136297925,13
14360517892,14
15817424871,2
15772516063,2
15285408767,10
14147729931,10
14196005062,12
15799399626,0
15807013241,15
15793495033,5
14218225524,14
14483849190,14
15848913183,16
14592252974,14
15349010702,18
15919392879,19
14999724893,1
15888653804,16
15244642266,3
14184909517,16
14138122307,10
14216697935,1
15341538200,9
15824461660,15
14492120438,16
14410377033,16
14929127311,13
14014697190,19
15206768250,11
15643957528,16
14976010414,19
15124649680,19
14150020452,16
15268039950,15
15993433982,2
15969576490,18
15933808046,12
14927943042,18
15136667892,14
15744005496,17
15441145004,10
14064746621,3
16033224895,2
14218116893,14
15804957246,16
15932426232,15
15133377263,2
15786343441,6
14129060996,9
15769326409,16
15903197084,13
15894424410,0
14185172573,14
14202267288,16
15709161371,19
14805273252,13
14689236896,13
14394512347,8
15911000330,14
14086093729,0
15524272868,18
14055485677,16
15455778276,19
15959604534,17
15508072502,0
15035822607,11
15817212586,4
14988012461,14
15922399659,13
15582929644,14
14069259777,10
15784551412,7
15946186743,6
15591987111,14
15825317478,0
15823144689,16
15894416347,13
16019852464,19
14727534596,18
13536360459,15
15895953065,2
15842793142,18
15959545511,19
14126862840,7
15904693882,4
15534976583,0
14050458949,3
15796274685,15
15891938467,4
15594266587,9
14170630942,16
14179068657,14
14173285263,2
14364337291,12
14169309301,18
14146111776,14
13864697695,10
15995349206,9
15661315680,18
15479212670,1
14425092526,14
15274013905,14
15587058739,2
15419839186,3
14028045339,10
15828248537,0
15822817427,10
15830241694,13
16030412539,0
15550462825,18
15335585738,3
16001772438,7
14859185910,0
15893010045,16
14224078772,15
16014322762,2
15909903059,0
14225664828,18
15501889335,19
14102553742,7
15640614399,16
15871132911,15
15843478399,13
14487279483,19
14351790186,10
15666203423,12
15669433749,4
15983269859,14
15395518307,14
15769269721,14
15985908784,14
13823550754,16
15894476773,14
14178855250,9
15763241455,13
15774114919,9
15771338906,18
15796874764,14
15683091755,0
16003969649,10
15879155891,16
16024717723,12
15886911282,18
15316470584,4
15694203623,14
15372214184,16
14263482043,12
14420536742,7
15702025227,9
15331484755,10
14158820994,1
15090880691,14
15278345722,2
15802603556,12
15133717531,16
15639987759,18
14185724945,2
15580681189,3
15856320504,14
15554025940,16
15630361547,19
14200731540,0
15391301330,7
15901559196,14
15823933509,2
15598649472,17
15187764385,13
14347767808,8
14171871123,10
15839892204,9
15132102046,8
15231283807,13
16017898127,10
15174326951,7
14137860341,8
15978916517,13
15818467723,13
14216273091,14
15004301485,10
14736874624,7
15956077669,0
14815601503,15
14058648366,4
14462167645,2
15391881799,4
14155019700,4
15422762715,9
14458583187,18
15802960770,18
15581513698,10
15542563003,3
14753409382,18
15840407782,0
15635313340,3
16034921081,14
14490807517,15
16017052605,9
14208744614,10
14486786985,0
15611985113,0
16014766095,14
14483072001,8
14193159770,4
15953839906,14
15844262558,19
15520332811,18
14169442347,18
13808776716,16
14225783788,15
15312985707,8
14370291252,17
14173596493,4
14393603478,0
14220828043,18
15411843204,17
14212570088,3
15970438981,18
15892291744,16
15912043326,7
15981035746,19
15729651484,19
15601239834,18
15665965025,18
14341179151,13
14349138243,19
14404577494,18
16022757478,9
14191494429,1
15752459007,9
15630590143,9
15830589498,0
15593939704,9
15793254644,3
15844775965,8
14842530257,0
15852115282,3
14145941796,7
14165101429,2
15599161996,4
15728513474,7
15462089554,16
15715046044,0
15751511120,15
15682725247,14
15782273830,7
15764407150,7
15600057509,10
16009019358,4
14112721804,18
14027218781,14
16018657530,2
13799147215,0
15001344973,16
15949299362,16
15769366792,0
15666737076,0
15687752745,2
14488251264,4
15535902883,16
15837449061,0
14187997198,7
15759826290,9
15224622783,13
15756507029,13
15896802090,16
14220754740,4
15138554778,14
14133237681,0
15721008468,19
13926005255,13
15873806918,13
14012017285,14
15273280199,0
15792576967,6
15912045430,12
16004037958,12
15306784051,0
14197023545,0
13964980577,12
15986319666,14
15935170560,8
15918953205,15
15337269817,16
15727178204,13
15839696125,5
15937157625,15
14435780729,15
14434483984,2
15435592648,14
15223623549,0
15913242313,3
13949715396,14
15980535478,18
15926265312,9
15917722328,18
15542182284,3
14128876718,0
15248189392,3
15936092352,19
15143425431,4
15668861413,12
15836169022,16
14174351294,7
15574061088,16
15692303636,10
15479065172,16
14219811059,18
14418940388,10
14227422677,10
15799976431,18
15000116268,3
15841993157,9
14557677907,14
15104103613,7
15556366892,10
15344263158,7
16014909131,18
14145571183,4
15871133224,10
15623232133,14
15686179456,14
15960485353,10
14078219262,7
15779258590,15
14469653181,13
15824194754,18
15774443776,13
14167629397,0
16029078205,0
15980298908,10
15360300467,0
15556368126,15
15916746421,10
14193953341,5
14244128628,18
16013040689,2
14158508310,13
15927804266,4
15922463634,2
15455648436,19
15740218743,15
14435163063,0
13988819070,0
14112680435,7
15015536357,7
14156840028,7
15881489768,14
13980207655,18
15855695403,8
14046863197,16
15395006252,9
16025075631,0
15782406553,9
15844098006,16
16022481756,18
15576225090,12
14484091346,4
13909464141,16
14354828824,9
14931285849,18
14176929585,3
15984938565,10
13750848274,13
15199933687,13
15843217459,8
16029072869,9
15522669132,14
15977385910,2
15291661979,14
15704690665,18
15149005847,6
16003720234,15
15968167746,4
14991864242,8
15297563136,0
14157635592,0
13954317888,14
15853611122,8
14166350431,18
14471611878,2
15774430067,15
15893133974,0
15785170020,2
16030649041,9
15569499096,19
14699170398,10
15160244424,0
15605307510,4
14082245667,4
15959178829,3
15989774838,15
15346600730,16
15404500211,15
15448412209,6
15141052386,8
15992136851,18
15743110973,18
15896909942,4
15652042970,16
15975964802,14
15837479727,3
15817005090,13
14191072214,13
15930042976,4
15983720029,8
14437444070,16
14169578168,5
15785093455,4
15895943834,15
15801536008,5
15747368535,14
16012420266,2
15891061134,10
15591123842,16
15821750377,1
14457012785,18
14329868736,17
15275234671,16
15583328439,1
14493387921,2
14330390465,4
14067743490,12
14114510959,16
15945647797,4
16008857312,18
15944781566,0
15658297357,18
16006149629,14
14194770622,0
15718544673,12
14204264160,12
15920148185,9
14752152791,7
15967660917,2
15789079607,17
15819129687,14
14170738936,2
15839018303,15
14480411741,15
13940146260,3
14194640741,15
14483709086,14
15717657987,8
15982740937,15
14477817180,12
15892113287,3
15388082063,3
15312072115,8
15739624912,19
15947598986,4
15946170571,10
15216778283,14
15350776264,18
15620763436,18
15234825584,5
14071649173,10
14160596972,8
15917431589,10
15235933480,18
14821302121,10
15090800036,14
15608045188,5
15893732460,3
15717867206,0
15770113081,19
14231323066,7
15816124130,16
15801999400,3
15221675595,3
15969413699,16
15983062297,14
15881369627,14
15834422108,12
14197992937,13
15658738623,14
15935795676,16
15484578400,11
14458406013,4
14196678646,15
15998907922,1
15933816554,14
15736178784,10
15618485894,9
15163014086,10
14751474908,10
15945747225,16
15226587415,16
14097836628,18
15994353949,16
15881489889,13
15981653351,0
15801673585,12
15759732112,18
15955254083,0
15880245956,4
15512930470,10
15684373659,10
15514699860,13
16016338843,15
15725591302,14
15600886569,18
15738307385,18
15829197911,10
14493060047,14
14094229315,18
15915416246,16
15799937643,5
15305226192,12
14177031498,18
14241938616,17
14066369858,3
15910462167,15
15699552015,14
15047435720,19
14451079259,1
14221649002,2
15973619255,2
15837489889,7
15424982728,16
15959142161,16
14330390806,4
14199557378,13
11603480985,8
14886536633,0
15891087511,11
15817757779,12
15118610004,2
15946047640,19
15516497380,4
15797901673,5
16001337985,8
15959114218,14
14430655168,9
15739800666,3
15571903925,0
15729695588,18
15625030959,0
15979412174,14
14142048522,3
15605759804,12
15887680690,9
16020458700,11
14352699631,18
15149947781,19
13914378614,4
14788978962,16
15160031687,10
14089789015,9
15935552069,16
15790075655,14
14380471097,2
14141639834,19
14074252178,18
16006054480,10
15800294283,6
15480208732,14
15508202730,14
15941456210,14
14122206380,3
15887606904,10
14450076138,12
14339724980,8
15800492596,18
15588107619,11
15726643714,2
15979575266,16
15998862473,13
15132371892,13
15218625560,9
15793454769,2
15828385799,18
15432638466,3
15753347845,4
15697678984,3
15917964608,15
14167050895,14
14071955410,19
15711101154,19
15734236315,4
14125575474,18
15766606951,19
14420309403,3
15724289018,14
15537533106,8
15938636387,16
14445405480,14
15997892503,18
14142348439,10
14376840449,19
15808632242,10
15931016733,19
15978309782,14
14740752051,18
15894265438,7
14355629685,15
15774081147,8
14392078573,3
15440647982,4
14155876450,0
15880764639,13
15303021650,4
15077918646,2
15715539259,8
15701815061,14
15730751416,12
15839264042,16
15595086800,14
14193818222,16
15897320771,0
14351529835,19
14486116012,9
15360903933,16
15358766831,18
15573053199,16
15127978851,10
14041108699,8
15354554999,16
15682747180,14
15879684640,4
14142999414,19
14473598420,15
14146142170,18
15704363915,16
15609259752,0
15767894259,10
15422929067,8
14185141043,16
15810439015,5
16011191485,19
14153476653,16
16028490976,2
14265024808,0
15310471253,14
16030648103,1
15396394435,15
14225490898,15
15017278706,4
15304697352,14
14140603874,16
15080271359,9
14188257064,16
15985933069,4
14190774826,14
15094233687,3
16008403153,14
14490126110,9
15379629932,16
15939918767,0
15835310536,2
15837791872,14
15577007437,2
15845240640,9
14007547869,14
15823717352,13
14420109879,16
15611368568,13
15988987796,12
15745381400,8
15601813439,14
15818535783,4
15978868651,18
15877489978,18
15920124704,16
14216955116,14
15984390158,19
15905985464,14
14179413291,9
15772139100,2
14214920467,13
15704095317,5
14163130373,10
15033706310,14
15938721281,18
14422544781,14
15925985945,2
15769821164,5
15865995077,7
15743816169,0
15957950438,18
15803935317,3
16012214982,7
15798309293,0
15725607006,14
14140033137,8
15697750879,3
13912480562,16
15269435744,2
15601947259,9
15632181939,13
14283239130,16
15713509589,0
16009268077,14
14225652947,18
15717621476,16
15275688281,13
15915595098,7
15282251200,14
14078784403,1
15291467970,4
14376077711,0
15770518941,17
13862650325,15
15703636132,3
15883220505,16
16016382007,7
14679707873,2
15480061047,13
15605363256,16
15880767880,7
14801912836,6
14271162002,16
15246890174,0
14942006494,16
15844971862,16
14486728255,2
14468614695,1
15296087332,4
15859789573,2
15925567558,8
15005688808,7
14087539128,4
15600312982,19
14166489870,14
14207274685,16
14761637434,15
16018219938,16
14546050963,4
14200251553,19
15936254516,18
14465967140,12
15417584320,1
15181067964,4
15827290596,12
14975156623,16
15697301443,1
15831575492,15
16008852308,14
15853495948,7
15967315222,13
15905771208,19
15263257235,0
15340114962,0
15950392517,10
14148094619,2
15764466003,7
15910160738,14
15253218357,12
15986129715,13
15833675169,7
15766353765,2
14131327323,3
14863276301,0
15817914777,18
15450280329,0
15749417271,18
15733362202,18
15108291292,13
14202129687,1
14002266389,15
15358931053,14
15870743561,16
15725911141,2
15498278986,16
15553623037,8
15941517511,14
15455704763,1
15076231605,15
15758511187,16
15876777761,12
15561605753,2
14415767624,9
15938310054,16
15054276448,15
15675099535,16
14108007968,0
15596937888,2
15926479209,0
15793802470,4
15921410114,14
15499258296,10
15956442551,16
15629737093,10
15101783173,4
15956553972,7
16016222705,4
15987211886,10
15213878543,16
15791098163,10
15617388596,16
15515281065,16
15810643714,4
15592239390,18
15696552187,0
15969923684,18
13959175615,15
15719584983,14
15890957170,13
15848217610,19
15104105920,16
14875343495,2
16026984680,13
16013038504,3
15702047277,14
14481203964,2
14800906330,0
15263006927,16
13933142179,16
14037667371,18
15445920764,13
14252257456,15
15604763814,5
16032037348,8
16031728771,10
15319718531,0
13781266256,9
15792313161,19
15774512642,16
15620988136,14
15391267595,13
15656461831,2
15663989425,12
14146308017,0
15948593007,7
14360422142,14
14167662260,5
15988284992,5
15686141607,14
14672207950,14
15722621200,14
14254355979,8
15600233472,4
15770087334,13
15816527160,0
13893945822,14
16005409394,0
15296028266,14
14197962828,7
15382709709,10
14848863758,14
16010546024,18
14189227698,7
15845549076,8
15936825642,0
14288844161,0
14059010304,7
15901546637,18
15905341279,17
14155083317,4
14444850874,12
15986866379,0
14209809485,9
15748957824,14
15986102852,16
15621796821,16
14122108085,19
13944452323,5
15732313860,19
13865852546,15
13870680495,7
15952048880,19
15764690042,0
15934929232,18
14151075552,18
14000792555,14
15718225474,0
14241938533,10
15337264269,1
15830967949,9
14252985050,0
15959436267,0
14439051136,2
15663840458,2
15996406632,14
14023476449,14
15953599189,19
14217335891,12
13827690686,18
15429034677,18
16005585828,15
14192180644,14
15717398735,0
14451498944,3
15221158210,10
14435343469,6
15714404418,7
15735312005,9
15971368270,7
13790936072,15
14298158069,14
15769681044,8
15699824520,7
15801376002,15
15787639559,10
15749459930,15
15768010965,7
15715466337,10
14093958347,9
15620026907,4
14472858758,12
15641725507,9
15327880125,14
14315449289,1
14742422519,0
14447808471,18
15191789702,18
13929958940,14
15536586450,15
14137829951,0
15097865451,18
15980439985,14
14188438334,19
15780206015,8
15774720514,16
16004359432,14
14204629060,0
14351350767,19
15785119966,3
15583709566,3
14480809451,1
15899479752,8
15646578007,18
14588268608,16
15613941612,0
16027591219,18
14191430897,14
15633743658,5
15998218025,13
13721908471,18
14780989802,5
14203256019,19
16018407067,10
13831538953,4
14352876590,3
15810284908,16
15105961845,2
14543889858,14
15424922166,10
15765313466,15
15953737994,6
13999821560,19
16012503710,16
14188237744,19
14129405668,14
15793155456,5
15728017666,12
15572561394,4
15631902920,2
15970801961,19
14351323807,10
15712022681,0
14000820260,18
16015231378,16
15786500826,3
16009174218,16
15775959444,16
14926663967,7
14215728262,18
15985542175,4
14098061556,13
16012221762,13
15245277579,3
15446315862,0
14034358383,16
14188090061,0
15750638009,7
14417049013,13
15789079754,10
14238966632,15
14077357505,10
15606695234,16
14794317605,4
14043388511,4
15805702222,2
14180695949,4
15074956835,8
15745960847,10
15970010566,12
14863807386,18
15740158336,15
15684898364,10
14083472058,0
15530848703,3
15347613972,16
15710593384,16
14191140575,2
14895793807,4
15396237418,15
15683342887,0
16015593232,16
15946520570,14
15855862834,3
16012255256,14
14323905911,9
15704888266,18
14885044509,14
15100173499,4
15078075198,4
15852803555,10
14150111935,19
14489054675,19
14435945313,7
14570673256,14
14164457251,18
15993437912,0
15872479046,17
15795543625,16
15880181397,0
14101915618,15
15519407488,8
15790458033,16
15742173794,14
15806941825,5
14249901033,10
15935035395,13
15672636776,10
14737982920,0
15189255833,2
15105227757,19
14164778061,14
15384685030,18
15257823742,3
15692718097,7
15772351159,19
14154342486,16
15743608257,4
13968341991,2
14147465490,7
15941122126,7
14137170593,13
14294941639,18
14431080608,14
14437738010,16
16002369706,3
14463873188,14
15766272625,8
15270472641,18
15906465778,16
15682851533,18
14249158620,17
15834541790,2
15873808065,6
15696153345,8
14134649209,18
15871848728,15
16010669584,3
14484320448,10
14182534646,16
15808446294,9
15764493170,10
14209484497,0
15836358144,3
13989490040,8
15980471781,13
14091424188,19
15935435062,10
14166484150,0
15822776174,18
15899242404,4
15914622699,13
14453135167,18
15802836926,18
15687025494,13
15957988012,18
14037753323,3
15823153563,14
14943333450,0
15923409165,16
15579651685,19
14175378322,19
15324636352,15
14244346164,12
14245522549,16
15769776068,10
15750497242,19
14480195609,14
14979653099,7
15090587560,13
15658533986,3
15853164187,16
14011506939,7
15508763803,2
15604104370,8
15834246365,7
14082246740,17
14657043626,14
15341134858,8
15919433738,4
14123383665,3
15731438841,16
15575199595,1
14163383495,14
15990202701,15
15355451849,16
15876248904,6
15562764606,16
16023577614,16
16002369473,10
15868166281,16
15316172311,4
15945352227,19
14144278199,4
14223855769,18
14484567703,0
15727118960,18
15588419806,16
16011053382,12
15978803710,7
15773156456,13
14219732912,4
15699082580,10
15825279180,0
15290430328,15
15698889325,1
15862618639,9
15926485862,2
15914289797,1
16031542726,2
15306331693,19
14174511061,14
14029858203,10
13865852543,0
14475607703,19
14195219712,4
15853990050,2
15844541761,7
15572909999,11
15986122238,18
15030055585,19
15870185254,13
15526240123,14
14166749544,19
16025982143,0
15780952305,12
15891496161,19
15743396173,14
15866326652,14
15854576204,18
14015021839,12
15856735663,11
14132703994,16
15623232123,3
14216273143,15
15661449171,7
15705831503,19
15685090651,4
15232518952,0
15712849514,14
15765842593,13
14438899442,5
15888558097,0
16023879028,7
15448342909,10
15787652924,2
15541476176,3
14193801026,15
16023369380,10
15775748152,14
13817611984,4
14360085623,16
15617700793,12
14151972385,0
15982998093,11
15801709984,16
15708876161,2
14764725686,18
15178986452,10
15934353843,10
14212285596,0
16014393524,14
15771424096,18
15839694570,10
15429635366,16
15892939607,4
15670239689,19
15377503980,14
14108306153,0
15979924065,2
14017053149,10
15655385844,13
15329953664,8
14153257300,10
15138659840,13
14516465073,19
15741913463,0
15901538540,3
14087173720,18
15230277951,16
15085137633,16
16020477295,16
14178430811,18
15925098337,0
14219597073,19
15802767772,2
14708117982,2
14124177155,0
15906619745,13
14177189084,16
16001619121,4
15813061842,12
15923741201,18
14665411278,2
14449521811,8
14981663933,9
15766148525,14
15116179450,19
15678947999,10
15984296539,12
15981294720,10
15990512501,14
15450970570,13
15715993391,8
15492570603,13
15979815464,19
15837290390,9
14160232317,0
15993971354,0
14252893161,7
14223475485,8
15729476575,3
14187241654,1
14215697701,0
14947266152,12
15822727596,0
14225537516,8
15781420297,9
15550180291,12
15866469140,4
14102863480,7
15934005245,14
14148100432,13
14440648426,10
14395279801,10
15271023668,18
14174529885,3
15831367563,15
14719159281,18
14652843590,13
15804446265,5
15928804089,8
15577940944,4
15976265020,14
15656792952,14
14380289006,2
15527217017,14
15443707023,19
16025040239,16
14149066248,2
15520865299,18
15779867482,18
14348118146,19
15167632461,14
15951074392,12
15671867270,3
14010274510,2
16020234225,0
14196969889,8
15979387814,10
14132700795,9
14923916518,7
14185909687,16
15723168961,18
15980603148,16
16028909523,7
15869835852,16
15939027248,14
15234649482,7
15937751343,19
15389071802,3
14751474923,1
15747976486,2
15640074144,16
14168290165,0
14206050582,4
15699793786,3
15451261180,19
15547044926,8
15765281223,10
14818525951,7
15967014253,15
15790785122,13
14255395688,18
15837537193,3
15838221583,14
15990206341,13
14128925182,2
15844036888,7
15908596151,4
15771052343,14
15617626358,4
15818981834,0
15821771331,16
15394887747,6
16013146432,3
16026603842,18
15785421650,4
14853161630,8
14146243086,16
15854418611,6
15835002783,14
14193655711,0
15984718684,1
15823724170,18
14911068602,0
14977366185,0
14496033890,14
15645711509,19
15502681704,4
15993866972,14
15258655091,9
15877214069,0
15564476611,3
15098298132,16
16014195090,17
14193951393,1
14482553776,13
15676748339,4
14132626098,14
14631290465,10
15847172702,17
15922387903,10
14494624605,18
14201405361,4
15368797400,7
15751699591,16
14137402991,2
15767287085,10
15894357601,14
14132732808,7
15940504723,16
16008429562,14
15993581056,10
16014122478,19
14205048750,18
14342281847,7
14159482859,10
14176420514,16
15861309276,1
14351572237,15
15623375062,9
16032489444,8
15724983419,10
14033038312,19
14245628553,16
15980340433,16
15821417371,2
15734020751,6
15327393304,0
15829466188,18
16027307871,16
15498169794,6
14210580478,13
14188400302,3
15805565130,16
15936256800,0
16033498195,0
15217976360,14
14179753511,16
14480693518,18
15914103944,7
15077915401,0
14182850623,9
15800471338,4
14193094731,4
14352231867,6
15776613980,10
15983740448,7
15242621247,17
15927608464,10
15889454944,9
15716945762,1
14287347490,16
15847992626,14
14811135739,3
15731743440,0
16011308618,16
14165515783,12
15986115486,0
15595167491,1
15341134859,18
15599625413,18
14473700806,14
14096566215,14
15639493531,0
15026442447,2
15566981722,14
14225102744,16
14852479778,4
14989022859,8
14149150047,16
14494607100,18
15362289350,9
15750497205,10
15947755789,18
15891262225,4
14158766486,4
15716611025,7
15795112255,19
14368574581,9
15610186279,7
15717852689,15
15909639240,3
15984811027,15
15991513788,19
14450155989,6
15918791981,13
15833761503,4
16004693615,14
14687488835,4
14086789721,2
15697787631,14
13828303646,9
15975972539,3
14470928187,12
14426729705,2
15389667198,1
15102510267,13
15983654039,3
14657876649,14
13983835383,15
15773722154,16
14472197844,11
14112728563,14
15854323831,10
14177197784,8
15731502656,17
14135813992,7
15989007110,8
15786060004,14
14411086358,3
14474946538,3
15892314713,14
14941145242,8
15122948203,16
15724985179,14
15524011951,11
14167086230,0
15797969906,9
15906722531,16
15687751509,4
14212834879,16
15260076290,2
15833261196,3
15701936502,4
14769558142,10
15334108110,13
15393232029,2
14141472977,14
14472346661,0
13921937883,16
15918147587,10
14558481772,2
15667091324,2
14107006975,7
15869489927,19
14183491838,14
14213744698,19
14184516841,16
15772575853,2
14437547644,8
14567182912,19
15588666827,14
14584689173,18
15435184738,16
15871438099,0
15685821829,10
15874530289,1
15193301996,16
15397046050,13
15999864241,15
15478222811,16
15699732762,14
15373295919,1
15908864103,1
15821903950,15
15618756431,14
15056684686,1
14152615780,3
16005891994,9
14170079274,10
15803912682,19
15911094050,1
16028670711,2
13923396103,18
15950286159,14
14426728592,14
15622684337,10
15767794961,14
15477080996,18
14298664590,8
14184799857,10
14485485829,18
15731622723,2
14219330006,14
16033413744,19
14461423560,2
15630589632,16
14233971341,1
14198592990,18
15791429110,10
15619541883,3
15991547050,0
13749317062,18
15132104443,3
15356402826,15
16033317723,18
13887638660,15
15928394849,14
14138356489,2
16027184692,18
15529767290,18
15432994359,19
15189555967,14
15893684370,0
15958711639,12
14208086288,10
14175258981,18
15549374877,13
15251530571,3
15202041285,18
15752923935,16
15888567006,17
14488032986,11
15727946241,4
14199866602,10
15793357903,14
14464266226,13
15732886363,14
15899628599,10
15591798716,0
14200326651,0
15864716216,19
14668154517,18
13818779289,16
13788688754,18
15476748873,19
14184662667,10
14821309676,7
15919763600,4
14362243907,13
15398260101,1
16006474796,18
14207883046,0
15745529931,10
15997965100,14
14488260564,16
14382950986,17
15537853576,17
15545869184,5
15991109096,7
14178778213,19
16013921866,9
15468826919,11
14766494413,10
15995140582,18
13891709106,4
15610585021,16
15996155177,13
15818697458,19
15951201141,18
15262690407,15
14166358101,2
15788851415,16
15922368847,13
14182187877,18
14221185408,16
15183299768,2
15746700812,2
14715758250,16
13839056788,16
15837291994,16
15982275597,10
14188649034,8
14029877502,16
14208993890,19
15485219450,2
15798820424,10
15769460249,7
15464837493,0
14151593116,7
15985974215,12
15311246673,11
14212387660,9
14200930925,13
14438994638,14
15810429382,7
15768305287,3
15785005798,0
15387749714,16
14193979725,3
14182281163,17
14134261854,19
15900820707,8
15466809981,7
15821705340,16
14986633021,12
15981464447,13
15802193785,16
16034251659,9
15664201954,10
15824364712,7
14453310815,1
15842419543,8
15993275559,18
16012369673,18
15991126758,10
15772543324,0
15840478423,18
16011338786,3
15630575663,18
14211248969,1
14705458869,7
15609190658,19
16008670850,9
15883479195,2
14283480412,16
14232316346,9
15631402572,16
15793778438,7
15683422644,14
15925368398,18
16014256073,14
15809876489,8
14444516393,2
15926968002,18
15356377926,18
15298728143,0
14132327433,4
14739389154,17
15211500891,1
14491481254,8
14446233803,2
13700957447,16
14208801588,10
14897376630,8
14193801023,16
14272355083,9
14710566694,12
14438911327,11
14200015881,18
15820483621,10
15281026449,18
15608473282,4
15905904749,16
13887529815,14
15997785326,19
15423941737,16
15852879095,0
14595198969,0
16014229780,13
15833518846,7
15248245582,16
15822385263,0
14177150244,8
14451509532,10
14066323745,10
16026863701,3
15350904408,2
16014689726,9
16020020674,2
14488254432,16
15303804336,16
15775725940,10
15728040672,3
14849618163,18
15508764964,18
16034832879,9
15442164982,7
15983409529,8
15819196351,16
14750847387,15
14494000610,9
15607544921,0
14220362813,13
14824071440,16
13726755711,3
14426730174,3
14236683007,19
15793857138,5
13941088369,10
15604850695,4
15981694815,14
15550571786,2
15822117387,5
14122313070,18
15880418378,18
13282006072,10
14193781575,8
15889790657,4
15782581668,7
14684736867,1
15770290534,5
15190900998,0
15708158763,19
14392283347,18
15237873249,0
15796960129,3
15955397100,14
15636844356,3
14225862424,18
15246307525,14
15878001941,0
15792665890,14
14594014454,2
15912978982,18
15545963781,18
14717533302,2
14321666832,4
15514496232,19
15727533030,18
15296497103,19
15934294843,8
15334114110,4
15526576417,8
15645297424,4
15911671391,9
15403940376,10
15720915428,10
15747102664,8
14215728266,2
15958817142,1
15753017707,18
15773183374,8
15804661333,18
15883686719,0
15791776410,19
15731089181,7
15389065268,19
15312823231,7
15797526892,2
14150878704,2
14206020819,9
15952366863,16
15940780323,12
14172867406,0
14143820902,8
14091262853,15
14915377615,14
15873658395,14
15680159751,7
15523949801,18
15764407155,0
15931146232,16
15571825707,4
14358402319,4
15758488969,10
15906331569,0
14894178768,14
15571960286,14
15104367557,18
15631964540,0
16020001511,16
15892263114,4
14135004275,1
13797483342,6
14184594107,14
14226842786,19
16009997161,16
14023876574,14
16012007329,3
15802730181,10
15588348602,19
13901388900,8
15576859595,18
15887734511,10
15902637375,13
15531034722,14
14648430795,9
14727237439,15
13924361270,12
14076330111,16
14199355036,0
15946186558,10
15354874697,10
14359550515,8
15862621553,7
15814585968,14
15537299324,14
15838001002,3
15869999242,10
15911185779,18
15658209660,0
15525224109,10
14910351659,16
15870542448,5
15896265309,16
16030905140,16
14069906567,0
14210028445,15
14155273179,10
15940956421,3
14998308067,8
15988364903,18
15341711553,18
15291021944,0
14487989105,13
15834607227,2
14212797766,14
16029664105,7
15493136508,7
15893834534,3
15393611559,2
16008857329,4
15714055012,10
15979645597,19
15341062712,18
14854702679,16
15814218241,3
16014035217,13
15463125507,19
14836808726,18
16029674727,16
15160089451,0
15931606592,7
14146924833,1
15866683064,13
15737862918,10
14180794472,10
14210615987,2
14465443254,16
13794229014,16
14218374167,16
15807617528,19
15903663393,12
14101855843,14
14420428107,1
15262520785,3
15809422512,14
15890289006,13
15689422994,0
14085454092,0
14492746842,2
15644595230,18
15871125800,8
14320705879,3
15969073996,14
15713121470,12
15823382298,3
13785819399,15
15538418963,3
14540059848,18
15849595193,4
14442213247,0
15698531177,0
16025310711,10
14384039162,19
15697777883,14
15889066451,10
15320384052,7
15785953605,18
15782405165,4
15976726358,9
14135505616,16
15854853813,13
15816393011,16
16029788781,18
15104108247,19
15768286575,14
15604533278,11
15997856500,6
14213944714,19
14380246709,18
14660649914,7
14157173733,0
15807753440,13
14276956674,16
14188645146,10
15082153742,18
14623959878,10
14276816108,14
15149946201,4
15786713036,0
15836274660,9
14201640367,18
15936254334,16
14535848838,15
14157373635,10
15614885033,7
15683820341,7
13825720998,18
14408457872,3
15798053104,10
14169569576,2
14050339036,12
15891833808,15
16006213263,14
15391316279,18
14724418141,15
14429959321,12
13884425729,10
14266238913,0
14672058265,18
14904564652,18
15726537343,0
15787640016,3
15796708384,2
14464459502,5
14265123304,12
15785447125,19
14422172303,14
13748093623,10
15784309693,15
16026066389,18
14402405895,14
15726702010,19
15980405764,10
15816436340,17
15802403562,7
14230545307,10
14452145810,14
14534482162,4
13999906045,10
15879355173,2
16032564677,4
15359478072,9
15740158296,7
15025389136,14
13811839697,18
14200329800,3
15944593373,8
15950498983,14
15709743032,19
15913867536,7
15862135822,11
15943717437,18
16023059196,16
14229701122,16
15667096462,3
15321516022,14
15249938653,9
14240309479,18
15768077516,18
15816436189,3
15334475470,12
14459275679,0
15501191821,19
15719347048,16
15892463036,0
15576938154,3
15733986956,8
15445364810,14
14207779316,19
14076575346,4
15856028792,3
15084573605,2
15958039010,2
16034391537,16
15800924878,13
16032430079,3
15931098592,15
13946898882,9
15992173265,16
15657507208,13
14251594349,7
15578254527,10
15796790643,16
15565679262,12
15671040388,13
14982004528,4
15990836316,18
15822638463,18
15528494008,1
16002540185,3
14536580449,7
14478498471,3
15800492852,4
15699416552,11
15721348882,4
14450405470,12
14538478943,18
15772410519,16
15868057822,3
15572436915,7
15627625560,19
15988636425,14
16011365065,13
16021750077,14
15844773199,10
15891076028,2
15686994540,0
15272373638,4
14137042845,18
16016788365,15
14467794122,12
15666898862,0
15104068952,8
14947318138,2
14374926904,7
15925927128,3
15233115475,19
15621689441,14
14462150533,16
14098473114,14
13818779574,15
14358681295,13
15724031644,4
15874229079,4
15951496945,18
14195149327,19
15933322417,5
14136829554,19
15540920257,2
15635313334,18
15983449685,7
15939927992,0
15723882386,15
15944975668,18
15416181986,12
13739763767,10
15220026034,4
14117896497,9
15694621097,10
15363695374,18
14212957931,9
15779258733,14
14485619946,14
15959647536,16
15989617126,10
14420288453,8
16025982275,15
14415910546,3
14183952731,10
15823695348,15
15635812819,13
15784541608,11
14105826181,13
15668089385,0
15676981492,7
15822229846,0
13727834914,9
14278842934,8
14156973111,19
14151186078,3
15734000975,10
15730493011,3
16011364590,14
15699583380,16
15211195434,7
14246655227,19
15594013108,2
15017208851,17
14410667751,2
14161575087,19
14134373114,0
15727329685,9
15678698321,18
15538773529,12
15708534724,13
15413793054,3
16015292592,14
15689449645,4
15943898631,19
15088001096,18
15844551396,3
15840262018,19
15851595509,10
15610444976,19
16015141810,3
15644316922,18
15601949289,4
14420362000,3
15231228156,7
15770829475,14
14243867347,16
14153647639,10
16009284160,0
14808139990,2
16010937205,15
15799705109,15
14205604299,14
14442254861,9
15912036117,16
14428771501,14
15934339194,10
14354668572,12
14216146835,10
15507564481,2
15835044880,16
15934436415,2
15890744971,0
14153406846,10
15518885719,3
13832749805,2
16014512106,15
14212700418,13
13536360574,7
15088502105,6
15929183981,8
14204428650,18
16012532734,10
13918454928,10
15913412967,19
16016684184,10
14139508730,18
15679113521,4
15688806221,2
15992369921,0
15539209734,19
15719129122,16
14057537216,10
15926816659,13
14352692664,10
15856134892,13
15386470281,14
15252295468,18
15729695920,3
15629645528,14
14461080713,14
13761552901,7
14240395048,12
15948138972,14
15247951752,14
15845743390,8
15767771029,7
15815089918,14
13917195474,6
11627682019,15
14964838475,4
15574747312,0
14224326443,8
14428039076,14
14167071995,16
15632572792,18
15521291633,0
13752049904,16
14236774568,7
15534049788,2
14251558562,14
15219075655,3
14140546642,15
15846888088,4
15839515988,16
15265639579,16
15907307898,19
14738272944,13
14090104341,19
14342681641,3
14257238592,18
14206793280,16
14406266520,5
15523125138,12
15535911949,19
14247241795,16
15963288692,19
14983094267,2
15515133502,16
14411573422,16
15904675741,18
14474208483,1
15829113059,1
15395141453,10
15967001367,15
14216468982,7
15775125406,16
15946648990,7
15750209299,16
13941109870,2
14486695250,0
15910504349,14
15770566092,14
15595528016,18
15334051562,11
15728691675,16
15666005106,18
14391986041,15
15757487229,14
15861768247,11
15828061359,0
14420306138,4
14004143737,10
15759459368,15
15718793441,18
15571885901,0
14214142143,19
16006233815,14
14171570165,7
15770268022,2
15819625772,0
15691226579,16
15818523978,7
15093362935,15
14720062524,18
15902180522,12
15685203103,9
15772961961,10
15518357427,16
14386028003,14
14236207354,19
15912282450,13
15708694027,12
15586021871,10
15723604276,7
15967998054,2
15612915920,8
13868369338,15
15969405854,3
15839635712,13
14101968676,14
15092545606,4
15905856431,13
14064271577,8
14021423272,8
15991203816,9
15696964014,18
13986667264,1
14006143026,13
14113783078,7
15805904081,13
15824396275,13
14405485814,4
15790650428,15
14035443597,8
15028602855,3
14440532554,14
15522112858,19
14259443749,12
15933816078,16
14118295476,0
14839835234,8
15725719182,17
15434924260,16
15329835453,8
16008323895,0
15765691029,0
14996514395,16
15575375708,0
15890586854,19
14754663604,8
15774512397,19
15983893181,1
14168285191,4
15968687625,14
15716666077,2
15536476329,0
15997754885,7
15803202183,0
15526440091,4
14493115688,12
14252077586,2
14013314952,11
15501889328,19
15637772567,16
15666312453,1
15134251948,16
15995799909,15
15454571530,4
13760355131,2
14120041673,0
15433114438,2
15831638173,9
15757366109,8
14751417014,8
16007448241,19
15833355927,19
14482553353,17
14623500091,16
15805387008,17
16026850510,0
15050637829,1
15824466843,14
15946696572,13
15919245534,0
15588797866,16
15768896489,16
15124638028,14
15822918552,10
14484659605,7
14262991115,4
15781097917,14
15521116525,19
15735681271,15
15776231748,1
15946098219,9
13828353557,14
14064138092,16
15797262637,4
15984946181,11
14183566606,14
15934851007,14
15847471291,5
14563752301,1
15589676519,0
15373837404,0
15228816385,2
15565105605,18
15493123781,19
15715651810,18
14030414682,1
14210660107,15
14129084334,15
14171895483,15
15978519152,0
15767504168,19
15770126590,13
15605449677,18
15716029917,12
14169993116,16
14194276265,12
15849082929,9
14136340854,16
14184087359,10
15634262455,15
15824717060,18
14192262632,14
14283566463,18
15909886701,12
13877821672,0
15822117539,10
14618875556,16
14258606390,14
14471100791,12
15297320872,13
15967554980,0
14210948438,16
14128200344,10
13964375634,19
15890692224,7
16030908582,16
15059209604,14
15772393094,8
15824724357,10
14211259363,2
14012962037,2
15769711974,3
15965391807,16
15228810248,13
15328749971,0
15742760818,0
15601238427,16
15526431093,15
15492564258,14
14669855765,18
15813308978,4
15655557020,19
15802264423,18
15767717443,18
15416105097,19
14319397263,19
15987051089,14
15392885007,7
14925783691,0
15284848637,4
14424019208,18
14782445577,2
15775159459,10
14491381334,3
15599112260,18
14200652218,10
14116318713,0
14198185416,4
14258238916,8
15561380286,4
15787111986,4
14190170708,7
15623266723,16
14187251095,18
15716643335,16
16027551153,16
14041110618,0
14160734573,13
13991023597,4
15985920856,12
14131796974,7
14978984583,16
14492398325,14
14134544112,14
15971893324,0
14161072241,15
15112287937,1
14355854752,14
13957625162,7
15931755923,14
15980405761,1
15800525937,10
15394579965,7
15730626366,12
14145938068,18
14127382727,15
15944409356,15
16016591215,18
15248230436,15
15773942838,16
14175474319,10
14164009150,18
14069399482,16
14416025312,17
14766643112,4
14185962689,10
13917727686,14
15876711871,14
15840477619,4
15237014802,14
14184100208,0
15350084932,4
16020178037,18
14168300171,2
15603712609,19
15821199859,7
15935878553,19
15757604177,14
15932012757,10
14159415095,14
14142521090,0
15843237269,6
15799182081,12
14102357250,16
16014264742,14
15746029484,9
14170550385,4
14226469755,8
14195330715,15
15893362534,18
15468093734,19
14140622312,1
15942228355,2
15884839738,18
14167659346,6
14170738193,3
15903232792,19
14854751366,16
14196039078,12
16012152467,17
14173025069,8
14198149810,4
14211019761,10
14126921190,2
15990614959,16
15873803108,4
15923193892,3
16034476737,2
15256513386,10
14217992351,18
15848474056,8
15950578222,11
15312554892,7
15727307237,10
15871894125,4
14193394746,8
15907203525,14
15004499203,10
14403625747,15
14870978604,16
14205324767,18
15930260438,4
14203950537,0
14376837878,10
15719826172,8
15615222601,16
15831991177,1
15735620088,18
14157452894,3
14196475795,18
14120035860,16
15993387631,0
15496619799,7
15552464795,1
15990327108,14
14923776280,16
16011393772,12
14228373305,16
15981887051,16
14101937406,0
15995551586,14
15778626306,15
13947861534,16
13916039134,13
16004860331,14
14843217935,14
13536360291,12
14185976299,18
15713376928,2
15872339819,14
15208457121,14
15590799580,2
14084849116,2
15600920801,2
15705572067,7
14807771094,7
14199645312,16
15963485591,3
15962766176,19
16004418159,2
15866681359,15
15720035258,2
15681992292,4
13945552322,15
15576840385,0
15909149330,13
16007533355,2
15207075193,2
14493462665,12
14200006809,12
14169175046,19
14446841152,18
15150496584,8
14850178129,0
14350069626,2
15244093482,11
15757038930,0
15113764268,0
15744153833,7
15491854189,0
14470844010,13
15898266997,16
15946827214,4
16029023705,2
14208368382,16
16024473545,7
15206694265,10
15828324183,18
15745279682,10
15791143444,10
15996565046,8
15645399434,9
15701394294,3
15906898893,14
14492408190,8
15715511944,16
15711620055,19
15798622296,6
15833777381,4
15995408252,16
14189438225,0
15800972845,10
13952577447,16
15718361448,10
15870026918,2
15273782296,16
15959117004,16
14091668911,18
15917062308,9
15729148726,17
15607538649,4
15602559707,2
15636795928,14
14569176506,0
15939053159,6
15777940624,0
15829797417,7
15306701676,19
14160158334,12
15525234345,16
15726617124,14
15623942279,15
15767809708,0
14165051704,18
15688196801,18
15082498116,14
16016784231,18
16014905545,15
15480465512,8
15927608113,13
14326710498,19
15814452987,18
15785065709,11
15860901120,14
15554078937,10
14109603088,3
15921180014,14
15836755834,16
16013643445,9
14113781187,19
15233005192,10
15718792145,8
15980496403,15
14029064755,2
15410770041,1
14034866272,19
14142547090,2
15939832177,8
14445717480,3
16012303347,16
14545547310,0
14355218462,4
15151846020,2
15998831710,10
15397555560,12
16028795712,8
15944320706,2
15421570535,2
14453124231,18
15852542883,18
15626492459,16
14172463053,18
15809496288,0
15688563799,16
15581793188,2
15983775027,16
16005967007,14
14231721544,0
15809431554,14
15562717223,10
14156148874,16
14955429736,5
15427729640,7
14673728093,10
14110805663,18
15081354494,10
15992033327,19
15315656430,12
16028038093,14
15838886364,14
14360559362,2
15945090873,0
14148465847,10
15018029156,3
15095314214,17
15521513474,3
14253264781,2
15782207507,1
15363906676,15
14189008475,7
15947005541,18
15139674313,7
15986160173,19
15376312739,17
14264047511,7
15363341399,0
15088519214,16
14057263630,10
15768792265,18
14351007050,15
12473178648,17
15577516798,4
15629371049,18
16024596279,16
15843545557,3
15588018150,2
15770807860,0
15794903148,0
15314290557,0
15420009708,14
14228200219,19
14155170198,19
16027307720,16
15426404626,18
15555145703,18
14144363118,13
14427107704,13
15978170041,2
15834434028,0
15717601573,9
16014162953,10
15810644603,7
15571240558,14
15939170730,8
15466810046,18
15416107681,3
16002131123,9
16003617788,0
15749842602,18
15583544794,9
14467171932,10
13997255241,2
15943411729,8
15409191248,0
15879249953,16
15803721783,0
16007994782,3
14348035457,8
15876628485,0
15472863596,16
15815975480,0
16028541132,9
15991126998,0
14145156023,18
16008393918,15
15149006089,6
15789736003,10
13741043043,16
15709881837,0
14213947352,14
14984582070,14
15793940583,19
15765249942,16
15786975792,15
14160173936,13
15792689312,19
15870215336,8
15615516423,12
15321661375,4
15919754269,18
14185969618,10
14327275623,2
15839918049,6
14358445885,1
15988833263,18
14278517344,16
14160870120,10
14442868664,19
15130936056,3
15260397808,15
14137932619,7
15965254839,15
16010293129,18
15785637595,14
15266557475,3
14142667223,0
15930332812,4
15722447968,18
14078149225,0
14143266884,5
16011315758,13
15621051833,14
15731461744,10
15886811907,4
15816891143,10
13733799256,1
15802403735,7
15112496786,16
15753405071,6
14458555174,0
15576912254,14
15981519014,9
15718352437,13
15997964200,16
14720679497,8
15717575242,19
15940822591,4
15175604244,16
15525188600,14
15827394675,0
14470864086,15
15865242311,3
14475859249,0
15309974918,16
15525133675,15
14745538316,8
16001513586,9
15606869612,3
15870918984,16
14133900218,18
13746687636,4
15716480301,0
15413481281,10
14256359951,18
15821900786,4
16007193199,18
14265123246,9
16014830776,16
15995776714,2
15621809164,16
15899121038,3
15986370792,16
14223013258,14
14131475393,14
14932922367,18
15917930923,18
15789009535,0
14240352827,8
14376460162,4
15049439146,18
15144177685,0
15036261717,16
15773603714,7
14279333005,14
15796874627,0
15398553984,14
14473279341,4
14247478527,18
14128632556,7
14943277855,0
15772961946,13
15995409925,0
15437157108,1
14231323069,0
15774114484,14
15859460225,8
15843392098,14
15601269908,14
14067207259,0
14817897262,2
15447187819,15
15790070707,12
14261618962,2
15668784426,14
14169694462,18
15943118534,16
15734946621,9
15986174475,0
14142544078,6
15729474882,10
15672265057,14
14459419425,6
14661590087,17
15860925562,12
15309466951,14
15209301390,7
14127352511,9
15820551893,14
14171672996,8
15590361174,0
16001662707,16
15918675234,3
15596392395,14
15998803292,16
14996578856,7
15854768724,7
14178718298,4
15285368780,2
15877833472,3
14493276197,3
15378055357,4
14239931905,18
15698533778,14
15201522973,10
13729792057,19
15784633064,3
15774209870,18
15808513512,18
15817759476,16
15329413058,4
15905296846,0
14848387453,0
15881355511,0
15794867383,2
15090005040,15
15888202484,18
14468828106,19
16001296139,0
15713020311,14
14487248447,12
15247955966,12
15616259197,16
14226919939,14
14426835867,2
15958450610,16
15388284661,18
15432001224,14
16030320405,14
15851542661,10
15348177878,16
14035544341,4
14486805738,12
15385456581,0
14748398230,1
14931642692,13
15872142443,12
14529529620,13
15793218428,4
15995015666,0
14213538330,13
14036602508,14
14203716232,4
15095788265,9
14023285503,10
14238383921,10
16000480857,10
15667666073,15
15965927042,13
15483874885,3
14148991039,10
15157557744,7
14390448171,7
15995348170,15
14954599066,5
14061550664,2
15664201807,4
15821633726,14
15761926704,18
14223972572,10
15161485008,18
15318178259,16
15933954475,8
15086698497,12
15625894266,16
15781488081,16
15816977368,7
15704717693,4
14167817171,0
15939384078,16
15922333051,14
15401419248,10
15937497256,17
15983608481,4
15504833493,14
15948291313,14
16033207635,16
15820734876,0
15965304264,16
15840476970,19
14281546300,10
13942699682,13
16008299533,18
15798767977,1
14756522435,12
14347634663,14
14192517881,14
15834647164,10
15331092266,4
15444517852,3
15089439224,7
15845810375,0
14229245759,15
15892263372,10
15065564139,2
15117156440,13
15815679428,15
14253732343,10
15874943504,10
15981281747,2
15813950732,14
15816358432,19
14837141358,4
14160869663,3
15799016879,19
14343797983,1
14237709877,7
14460003245,10
15627246763,14
14156034059,19
14442918379,16
15834720247,14
15881732493,10
16011311563,11
14275261736,8
14838567907,0
14106858770,19
15872608107,0
15511560319,18
15872331076,5
14006536630,15
14148792243,12
13917195294,10
16011005908,1
16019117892,18
15978189046,9
16012162426,7
15780234947,17
15822384137,7
13582315771,14
15998466160,16
14315148948,14
15786504429,15
15912616310,8
14258450357,14
14371201540,1
15787486600,3
15614057830,16
15390214970,7
15531442474,4
15840309692,8
16029648501,3
15532842132,15
14119295192,19
15256928314,14
15821368266,16
15546301036,14
14086044128,12
14351098716,14
15668547566,0
14052588229,8
13856142239,6
16030672175,14
15834846120,16
15883486077,3
14917007608,15
15428461080,8
15431599562,12
15825303294,10
15346573273,16
13902905580,13
15718702088,18
15844497287,19
16000552879,14
16015292550,2
15920188311,16
15775856287,16
14485088962,4
16014547758,1
15482587878,14
15875869932,10
14177415956,16
15264419720,0
15862754239,16
15342201239,9
15287517248,3
15784456775,19
14384323348,14
15954140899,16
14401754413,5
15756608854,2
14964131497,9
15089005646,13
14007671608,10
15731263620,7
14140290861,7
14792381072,14
15993764602,9
14443186375,0
15769666862,18
14199410567,5
13739501538,8
15896160100,14
15738725717,6
15884818612,0
14400454151,19
15927416198,15
15873626340,13
14077035505,17
15608996795,12
15360948482,13
15970546843,4
15571400397,18
14493387551,0
15955691448,19
15310971207,15
15874913469,0
15995603821,0
15534956080,10
15891204322,14
14219041947,7
14377173061,3
15914122097,9
14147015568,18
15315820275,10
14081594429,18
16034484696,5
15418777278,3
14553564751,9
14190963147,19
14719700444,19
14470680203,17
15776410593,13
15254135106,7
15960708084,10
16006043427,9
14212812189,13
14680361737,12
15975894123,16
15587731229,7
15712725002,16
15586027594,0
15607598893,14
15870663536,16
14121382001,2
15255186364,19
15715702476,10
15927603876,15
14130544614,10
15823745856,10
14193159710,9
14471152082,0
15438214909,3
16009547217,10
15862134911,15
16007925325,14
16033507447,19
15713019090,16
15275949760,12
14997597322,13
15905430942,9
15804821444,5
14359728757,0
14919815450,0
16006900114,2
15957968495,14
15810943131,5
14209380733,16
15189404314,0
16004240564,10
15731951412,19
15008689685,16
15586027741,14
15525168735,16
15434632926,14
15955495171,0
14017292869,18
16021752499,1
14989441529,4
15821845515,3
14821484302,16
15257548778,0
15917400467,16
16028498729,16
14136291327,1
14078512753,7
15834267668,10
14170428147,18
15155233334,0
15996164666,18
14853076928,9
15996157023,16
16032275512,10
14248336969,0
15457168761,4
15630331029,19
15562798402,16
14403250023,14
15831575525,16
14147742568,14
15645301477,0
14729832620,18
14481484152,8
15269613017,3
14064995170,8
15837279100,13
15359121998,18
14135971654,1
15835602743,0
15212668094,16
15670710193,14
14272143203,14
14185172535,10
15742313047,18
14186827493,0
15532443499,15
14165012225,4
14435353728,0
15095316504,18
15955337897,7
14438932314,13
15523835772,18
14132733071,18
12091942298,2
15613444806,19
15598972787,2
15488047555,3
14859113484,3
14203654834,0
15606822303,4
15522424869,3
14174670968,14
15728452551,0
14442256199,18
15448130632,13
14018512356,16
15563673103,1
15791280093,16
15445743661,19
15701933576,19
15943505580,17
15679198169,10
15169495542,3
14479314429,8
14187898112,12
14406393257,10
15996155339,10
14031568748,16
15870741696,19
14169586471,10
15437995016,13
15412134350,19
15870742402,14
14975133941,16
15897025421,10
14222642303,14
15323937417,15
14234175078,2
15589880991,3
15741388609,19
14974538238,19
15016799876,2
15715152134,5
15273761462,16
16028499619,16
15816101481,18
15978170128,2
16028711386,13
15535589788,0
15089066581,17
15959384785,1
15730533250,14
14691853160,3
15395634340,18
14247268866,0
15174105451,0
15738584589,4
15443048703,10
15704719167,12
15987748033,14
13976550522,3
15947138094,14
15571486922,16
15906580245,18
14061445093,9
15946704920,14
16001204054,7
14948024983,2
14082687770,0
16017768391,19
16014770681,14
15928636412,8
14160881523,16
14211263871,12
15621040185,14
15098613626,0
14228382118,12
15899120937,2
14221849338,12
15625451334,16
15837980891,16
13984712044,18
14233250926,10
16009443578,18
15549513588,12
15993297486,1
15906865036,4
15673407815,0
15603656107,18
15846365272,5
15781418855,3
15604214623,4
14207776144,19
15994525856,7
14219818637,7
15244086958,0
14257191058,17
14184801202,3
14993806750,12
15907882728,15
15888197548,15
15973839410,5
15860845295,5
15723390903,16
15907136011,4
15392269884,9
14155854516,13
15765676645,2
16009751559,8
15844034657,3
15768172117,3
15700043906,16
15937497279,15
15686051116,8
15804076717,5
16004107741,14
15931756431,0
15689887829,4
15957932021,1
15994635442,13
14270985373,10
15799548884,19
15780789206,5
15723396343,3
15955483417,14
15537296840,19
15996485249,1
15385315881,0
15938867696,14
14388027445,2
16013307358,12
15414088884,16
15953769057,4
15752249679,12
14606059242,12
14459347165,2
13946387919,18
15586908734,14
15793894252,0
14963414709,10
15410940355,4
15741743975,8
15428065736,3
15388629630,7
15813855895,10
15723313149,0
13963439464,0
14966728235,18
15790378140,0
15845660032,14
15929508609,14
16014111084,14
15758611556,0
15934514985,0
15014585090,16
14180402446,10
15628211667,14
15474139937,14
15727331737,6
14478122527,15
15886946869,7
15765912490,0
14131217561,13
15845830899,18
15785465969,10
14493569194,8
15811536298,16
15813525565,14
15330208664,16
15828412124,16
14014734003,19
15367252300,19
15794319376,4
15995534940,14
13984724081,15
14491285579,7
15811628342,13
14160183240,19
16018878425,4
16009829234,18
15698531297,13
15247142260,19
16033133458,10
15891123997,7
14688406922,0
14811120302,8
15349892621,4
14464257169,12
15400528958,0
15271022979,19
14900493851,18
15851375798,18
15891822187,4
15818480085,13
15822016314,0
15790156357,13
15871793056,0
15688151778,2
15782680409,18
15408658255,4
14278517300,19
14489708435,6
15777233841,13
15934518141,18
14477847503,4
15283485553,4
14218576671,19
14150653717,3
15807515979,0
14222255986,2
15623408819,14
15895926484,1
15925268667,16
14137196854,2
15843577545,18
15760494785,10
14529438251,2
13969294989,8
15893323500,14
14183544013,0
14229228338,19
15919663409,3
15622169875,18
15842231942,0
16023429711,10
15484360325,14
15727514648,0
15695788954,7
15964633904,7
15769814072,0
15552636316,15
13843407704,16
14203172148,19
15157073223,19
15865105092,18
15904863799,14
15554260903,10
14214667553,18
14823473478,9
14350069635,1
15835467920,14
15615959296,11
15831807743,14
14758532578,16
14898523299,10
15173652635,3
14169939604,16
15851158259,14
14320759197,3
15806979150,10
15959283052,19
15839010800,14
15701302518,12
15634872317,7
15872646490,0
15967511550,14
14475657536,8
15732339454,8
15356402419,7
15413033547,0
15010824085,2
14144916384,2
14003596813,14
15712122968,14
15284646346,16
14076336490,4
15821663677,8
15764240984,12
14196134168,2
15071773300,0
14137770742,4
14211067135,14
15789698848,2
15868039724,14
14414182422,10
15737425415,16
14484411662,19
14018412194,19
15998671483,4
15898920737,4
15912183533,19
14428744792,4
15927367034,12
14492461805,14
14632634426,1
14688074160,4
15944352009,7
15591032589,14
14101349430,18
16014044691,2
15687609628,3
15562773567,0
15613741748,19
15760905319,1
15236884511,3
15481685316,2
14140358089,19
16008817740,16
15983034999,12
14414206322,3
15669627878,14
15937175487,3
15674568122,16
15479320772,14
15921005287,14
15707399565,15
15912231190,16
15964289369,2
15759798767,2
15898734649,14
14196301822,2
14407285032,14
15347613642,16
15699387391,4
15778468655,7
15355957719,4
15490699255,4
14150948238,3
15727702067,12
16006161482,19
15738916501,14
15409518282,4
15962219658,4
15885189955,4
15886834157,7
15832528980,1
15747181184,8
15559253781,0
14190018759,0
15684772921,12
16018419243,16
15882729378,10
15617416565,3
14327275842,1
14155189639,8
15624811310,1
15736866051,14
15498277989,14
15605270595,3
15944352047,8
14898523410,12
15764247560,18
15560991701,11
15003567206,2
15099337006,2
14188858493,16
14218446436,2
14153314745,18
15790485540,10
15225435326,4
15965379007,10
15817978914,2
15837999992,10
14195783819,2
15763836591,12
15613112599,10
15996391850,15
15785336551,15
14213329604,7
14236181103,2
15922259801,16
15977131939,19
15500104913,19
15212505268,14
15833556788,16
14366052776,3
13911357217,19
15410466392,14
13912352429,18
15777811788,0
15221254917,0
15355272235,2
15523126512,0
14206070243,16
15098070045,18
15698887514,16
15907928181,10
15945447836,8
15842301401,19
15467710108,8
15414097976,16
14237372281,3
14127426975,2
14174960754,10
15774433697,16
12091942159,10
15832372173,17
15638764954,7
15909914005,19
15971455285,15
15766034341,18
15662865706,16
15920207798,10
14368070529,1
14112628568,19
16001410385,10
14123811943,7
15661608102,8
15899865394,19
14023901381,0
14240950908,2
15934295054,7
14420156033,15
15619913252,2
13955639958,12
13823616591,13
15069543470,14
15272719572,10
15671153611,19
15939078165,2
15605680027,13
15382584081,3
15491578543,4
15748189776,2
15872840439,16
15995846790,3
15857281783,3
14753302053,18
15468835429,11
14154933380,1
15875705499,0
13831538483,14
15723313137,18
14180080749,0
14464272381,15
15595847559,0
15823894750,18
16035176589,2
15967619403,14
14717811341,0
15944282667,4
15861106240,7
15980416475,16
14489294290,13
14171551126,7
15872928262,14
14056649474,14
15832123913,10
15087992440,1
15592202994,16
15899343908,18
15739008897,18
15798120423,14
15603465022,0
14193147604,14
14312453087,7
14125159271,4
14210685094,9
14231630448,2
14189683330,5
15944713835,16
14216714241,12
14155690110,10
14240351404,19
15962765681,2
16026802388,7
15782273818,4
15791143617,14
15708466129,4
15787497230,8
15823895491,12
15791731437,4
15983676120,14
14415778349,19
14044079032,16
13829560002,0
15950573589,13
15682698299,3
15654729701,18
15533917594,7
15422942906,13
14098358393,15
14230785371,14
16029966041,16
15977487677,15
15521033279,2
13155554679,16
16018301895,14
14052529881,16
15575444109,18
14247235025,10
15804844491,8
15994635857,18
14401652763,3
15643958009,10
15577667254,18
15768845014,9
13965467356,4
15836391586,7
15973086712,14
14910386184,4
15847801910,3
14138374836,8
14394586304,3
15607197606,4
14303688167,3
15533325500,14
15894991249,5
14481605104,2
15315990969,3
14951023828,0
15877541991,8
15714256962,18
15318166080,0
16028343180,3
15812484888,16
14402256936,4
14239609083,14
14131490628,10
14487221637,2
14184804060,7
14156234613,16
14189834689,5
15897552116,6
15149104220,2
14120030841,18
15851616734,16
14213731443,16
13902738968,13
13451918221,16
15918683247,14
14896279589,10
15919180567,13
15943558739,14
15791782140,8
15518506598,0
15722944581,19
14066837507,0
16032865080,15
15789364665,0
15785173918,0
15866536408,16
15807400365,3
15671825457,8
14841592065,18
15894556189,2
15888524349,2
15995608822,13
15559902469,10
14167400561,10
14105640848,18
14389440224,13
15811392911,16
14167061945,14
15384634853,18
14081758541,3
16028533086,14
15732356822,16
15476259504,15
15770804543,14
14231053716,14
14470925774,7
15199795198,3
14240309096,12
15925584191,15
14103536644,9
15981897847,7
15856018883,3
14202014278,1
15941695201,8
14214660152,1
15703376695,9
14019532119,14
15932376405,16
15995782332,1
15833979462,16
15644676632,18
14441581853,9
15818887266,1
15801710039,16
16012996595,10
15947299620,2
15416534619,8
15986217235,16
14403790985,16
15769107017,13
15869163781,15
14058103419,0
15956099494,3
15827618432,16
16030617854,16
14257371501,8
16000618953,16
13985236629,13
15920139564,17
15480255968,16
14223368767,16
15469052137,2
14380296979,14
14145999813,15
14667986297,0
15764406122,18
14138812154,16
16010722147,19
14165125822,19
14398963682,1
15804905099,18
15717021315,2
15745951027,8
14172794927,15
16003644544,18
15690590372,12
15606310034,15
15132775989,10
15709221500,18
15264322333,19
15725421893,9
15792221577,16
14153314709,12
14838166074,16
15184122645,10
16009788718,18
15699971965,13
15834816147,11
15247345347,3
15753525198,14
15790702677,12
15331222788,0
14137682864,14
14909279490,2
14413997767,1
15601821291,15
15849212426,12
14179979847,2
14469615241,12
15419406816,14
14223147350,16
15930355793,16
15954516759,7
15731699635,16
15672303249,2
15878753590,13
15536763062,0
14098922732,14
14957611368,10
15775951401,3
14717030532,10
14204644896,16
15927598632,3
15546252250,3
15243690145,9
15986669531,14
15995273389,0
14186981559,16
15867741646,14
15888608822,10
16024203471,2
14127689060,7
16027013137,1
15764072633,18
15736303754,4
14672386763,4
15296081835,16
14201303107,9
14203916070,1
13945992000,14
15667704693,0
15729612691,13
14042874849,10
16030527156,6
14165123645,7
15167632472,16
15592696209,16
14741059126,9
15402407530,15
14444907645,4
15798557138,5
15612702664,15
15684360600,0
15721625076,19
15630590129,4
15825939077,0
15916588805,2
14810795542,7
14150641577,4
16010998095,14
16000739722,16
15670784532,2
14193114319,19
14269496380,7
14102191972,10
15604000433,10
15814800781,0
14476744678,12
15802587215,18
15522562015,15
15929167571,14
15767916368,10
14429789575,0
14575362763,16
15929250212,18
14209388633,16
15884988493,16
14434906580,19
15939807524,4
14047532193,10
15836348075,1
15562678595,5
14152412607,4
16018605866,14
15570335391,0
15734194119,14
15622221001,16
16011772704,18
13976406441,0
14352679563,3
15837835268,9
15960684942,1
15820397354,19
13764340952,14
15941441982,14
15925796806,9
14152844281,2
14686127185,12
14947014655,3
15806900524,16
14176765581,15
16022340487,14
13942714763,10
15873239158,2
14097937852,13
15943898626,19
13785585125,7
14182599715,0
15970131286,10
14136148782,2
16027301108,9
15822367127,18
15799829094,19
15939770877,9
15922793585,14
15586688564,19
15671689920,1
15984358692,14
15727512052,10
15819768851,18
15618555285,14
15321761747,10
15223058983,2
16003449262,19
16031770494,3
15825213161,19
15449665885,15
15080868673,0
15681701427,8
15572180217,6
15491832570,2
15354388543,7
15337469378,0
15768324382,14
15630963700,2
16012540513,7
14416653485,10
16030257920,4
16011162521,2
15539262713,9
15809635623,5
15954300663,19
15098610048,14
14190275440,14
14355861195,5
14934943585,16
15749437123,7
15311243491,11
15718920505,8
15742631144,3
15521352524,13
14101455434,8
14228265920,2
15785701568,9
14964298342,8
15173546462,16
15740197641,7
15879764960,9
14404437118,0
15757303059,18
15887294050,19
15792593143,16
14856866028,14
14225133844,0
15802665655,16
15716460525,19
14196575198,16
15676690183,8
15718880962,19
14165051660,16
14472171003,7
15730560629,14
15946088071,18
14741748443,0
15788855870,16
15832240852,15
14147495958,10
14101299380,0
14244912881,0
14478597093,14
15802168561,2
15767864519,14
15763748185,13
14063342049,14
15000250123,15
15577225529,18
15831655591,8
15955101246,4
14517325330,7
15983753170,15
15682657678,18
14227815767,16
14125616457,16
15440723263,16
15684350973,12
16014036065,9
15628226654,18
16015983313,14
15065479429,2
14460200883,2
15688150845,10
15927426218,9
15544930839,3
15766722340,13
15803125405,15
15800741453,0
15895942585,16
15823310920,14
15467710338,2
15996332936,11
15686742661,7
15406544354,10
15825167116,2
15826274965,9
15118609937,18
14320895063,9
14471130350,18
15618677588,16
15742180436,16
15945734861,6
15992612946,6
15585533203,7
14420155961,14
15857674256,0
15614581551,14
13875002785,19
14145696945,13
14495151905,7
15775176976,5
15798802916,18
14474929300,9
15525224637,12
15803695773,14
14155478250,12
15996315399,10
15554035007,2
15861561383,3
14435418620,2
15908063355,16
15161131671,2
13996242690,3
15938230450,7
14154359287,4
16032070269,0
15069023910,0
15898201206,7
15378830372,0
14197471380,0
15724799612,8
15801105478,8
14073970381,2
15997968662,1
15628158528,6
15510312665,0
15298545075,3
15955277486,18
14491888933,2
14202503791,3
15731264726,19
15770188563,9
16022472472,18
15415693886,1
14269340532,2
15434938329,8
14383838161,18
15966303819,16
15246461900,5
14158416625,16
15635270886,16
15821902140,2
15907906331,0
16003644427,12
14554958766,2
15931260661,14
15992197552,16
14321715135,8
14403356631,9
14394996535,14
15908537369,3
16000956888,5
15278772571,4
16012536101,8
15514549280,4
15962766394,16
16015041088,8
14247799751,15
14004655859,12
15832191960,19
14495159887,14
15889174291,2
14582362641,10
15481095431,15
15356896022,18
14454788980,4
14207882884,18
15269819395,14
14992323215,0
15975893718,16
16029884180,14
14730300596,2
14421927180,10
15611115036,16
16018079617,14
14151287160,0
14030412339,7
15791585010,12
15294918085,14
15731668838,7
14385242872,3
15640557115,10
15787437244,16
15944153126,7
15313077939,18
14150639388,0
15840407750,18
14403993808,19
15549117387,14
15507878872,10
15887610124,10
14944303657,2
14339332086,12
14141184578,16
14205537190,15
14172965786,3
15822288997,18
14002829295,6
16013495105,13
15841993253,10
15998168802,4
15550655179,0
15380621556,19
14382837358,8
14983084342,16
14035333535,0
15829022555,16
15940960922,3
14160542333,16
14223030520,0
15090007579,14
16019815381,7
15949640266,9
14539638957,13
14910349806,3
15933787866,18
15827932749,3
15796065968,6
15639373685,4
15791097151,2
15917540526,8
15747553594,14
15847380015,2
15964368123,16
15819284836,16
15993344082,0
15997895801,18
13960426325,9
15923048022,10
15401336541,14
15770134740,10
15815089889,14
14486978950,14
15839038406,18
14227522112,18
15920451285,18
13955873065,8
14233565494,12
15408079676,10
14342820559,2
15944975681,4
15838277197,14
16018716462,16
15236966515,1
13935024006,8
14146346672,0
16015267449,1
15668125747,12
14167850885,14
15282657228,16
15747284438,14
15608207602,13
15849271907,19
15953830163,19
15273015462,1
14552097207,7
15937920394,0
15430942190,12
15789066962,9
15495958062,16
14199857421,7
16022272339,7
16025056318,0
14940486485,3
15993661563,18
15982325876,18
15676039602,16
14354668458,19
13928335989,16
15978472719,19
14437500359,1
15963638141,19
15803315296,9
15362456699,9
14580666837,13
14099050542,7
13960905857,19
15801928443,11
15824877923,4
15524833773,4
15706022776,14
16010316763,1
15327337578,7
14132841363,10
15903738208,4
15537798589,16
15880687106,9
14148123389,10
14161125513,15
15407635464,14
15694421449,4
15942134460,14
15752078446,8
14570761157,2
15832413696,10
14490206287,16
15777357452,18
15765920961,2
15122949217,11
14769753241,4
15860746396,4
14378248838,14
15857530445,7
15490411394,12
15754296514,19
14162934763,16
14492746861,2
15879862286,8
15767716654,0
15299885935,17
15707041011,16
15746792716,0
14147985956,14
14473290024,1
14201080776,14
15747371622,10
15890118284,2
15994100505,10
14980244594,16
15074179483,13
15747381511,18
15907308234,7
15914507738,14
15872384953,7
15960928541,9
14169579456,16
15988903719,10
15859789570,18
14240861390,12
15870877668,15
14563969197,7
15866326322,14
15449508587,18
16016389599,14
15275248609,12
15978353376,7
15925071311,19
15505430153,14
15973098920,3
14621346041,6
15273626643,7
14784092065,2
15716465840,0
15218163630,2
15700168661,15
15813150972,14
15945787923,18
14459442661,19
15943401958,14
15087697265,19
15905483679,8
14817351356,12
15370560659,3
14196045521,10
15784756935,8
14488263241,4
15435267727,10
14143748651,6
16028869429,4
14670491367,4
13964510499,2
14238416331,18
15878508488,8
15330358228,0
15798869400,16
15865232599,10
15354433940,19
15782970717,11
15702140115,18
15828811952,14
15963523762,7
14224756139,16
15922897819,18
14464208857,3
15559526992,0
14467934777,15
15572852463,0
15400126953,16
14475398580,2
14140308568,16
13976405993,0
15908915093,3
14148234177,16
15771480767,19
15731622628,0
13910182562,12
15264871180,0
14474547287,16
15955337847,18
15600032775,18
15821650570,17
15932163952,4
15389359246,7
15776601570,6
15937491093,14
15828547110,14
14976877243,4
14134649164,16
14121946615,4
15980807331,18
14365862475,10
15590059851,14
15726814220,2
14225384966,19
15167048273,1
14064794288,16
15981776885,0
14165130422,3
15198641694,2
15585206625,8
15536499967,19
14149215155,2
14231972539,0
14403618947,4
15615369209,18
15339674179,7
15325292999,14
14473431678,7
14199125760,10
15988291639,11
15943118499,14
14480824640,13
15901713251,9
15621689035,16
14481457986,10
15358010474,16
14140319473,0
15987046791,13
14344953934,2
14155406844,13
14486769317,9
14438800312,15
15974529409,14
15719675283,3
15594690948,14
15311446790,4
15935158251,10
14188492106,19
15734154025,10
14924359540,2
13893392721,1
15985272469,16
15903389842,15
15772318134,18
15215982613,10
14187353623,14
14171434404,15
15104825729,19
15737573574,7
15969771193,2
15827627876,10
14284053994,10
15430124910,14
14146364089,10
14207503647,7
15857388068,13
15387931478,14
14209288362,19
14141184028,15
15824881339,13
15537841414,14
14974773736,10
15427718673,18
14222583451,4
14117908199,18
15905613075,14
16014154879,18
15807724379,2
14108211993,3
14249041232,14
15921825524,19
15192823928,16
15694077822,2
14660546308,16
14109517776,4
16029281618,3
16032185479,13
15950010020,16
14140587313,13
15592873529,4
15975163819,10
14397552171,16
14599908203,0
15919437330,15
14194975554,14
14440341593,18
14160597191,12
15135209403,13
15369576100,7
15822652101,10
14440108837,7
14008537523,14
15902029000,10
15727406366,2
15279446875,16
14217838381,16
15568337019,14
15288655245,15
15778035153,1
15767372584,11
15805033741,9
15934698740,13
15604737703,14
15790157293,19
15683134417,4
15832413797,15
15143456795,18
15267885068,10
15395216428,12
15933172939,12
14017873388,19
15943472354,15
15743552914,7
15997649077,10
15528994864,2
14434536481,18
15251064293,16
14485076023,5
14167505673,4
15834994498,14
14215124406,16
15587719797,10
15345882713,7
15805394251,10
13832519664,14
15668710497,16
15622084805,16
15452100287,12
14434648808,2
15875651620,0
14807239151,2
15309563942,4
15779901789,13
14071795309,17
15921633748,16
14380807668,8
14129126374,16
15401479204,16
15934299624,8
15942296545,14
16018362070,16
14207808918,6
13777651560,19
15149265076,10
14272709997,4
14937712307,14
16027219333,4
15898598695,2
14074231435,18
15770331401,15
14114871643,1
15943372822,13
14586547471,14
14256285917,6
14480938192,4
16030668587,18
16010547781,16
15587168813,4
15246004862,14
15971598556,16
14122659624,19
14217587138,14
14162649755,16
15824653799,14
15872813222,16
15801604777,18
15733994696,10
14007547882,14
15913602092,18
15831972795,15
15218320728,18
13962430052,19
14152166834,14
15796148060,18
15712725161,16
15894706022,16
15794188783,16
15780925955,9
15848174733,14
15790980820,16
15353397482,16
15785336525,11
15951266555,7
14139365408,18
15192167330,9
14141472926,18
14388027687,7
15725569047,16
15768253421,13
16006994522,7
15788469453,16
14045704427,14
14971353282,10
15888378323,19
14481382909,9
14495181199,10
15542549909,2
14163024362,13
15981665014,19
15255550492,8
15718521313,10
13997952476,14
15510492425,7
15162340020,19
15870598276,18
15775796970,18
14229200117,2
15789886544,3
15230060891,4
14160965614,10
15733625865,0
14485318827,10
15799754198,0
15955188500,19
15087560947,16
13752010836,13
15758408526,11
14237842528,19
15802616945,12
14696940483,7
14107074112,3
14104721039,10
15525922623,10
15976454734,16
15891076180,7
14228322929,2
15926559766,14
16003012121,12
15216768272,15
14119216102,18
15769310638,6
15402227914,15
15739006869,3
13830438469,13
14227561459,19
14405462594,8
15713646870,2
14222217288,0
15741809394,16
15301980571,18
15907911007,0
15431404395,0
15992955266,3
15981163487,4
15113054814,15
14178550252,5
14160632267,2
14182924785,9
14392549836,2
15850908480,8
15348046309,6
14172182059,14
16016555144,9
15623512378,1
15993225630,11
15877093788,16
14139929310,10
14253184891,16
15792592699,10
15996639576,1
14256480484,15
15782883339,18
15737018018,14
14137892027,18
14193333312,18
15988007506,10
14200088863,14
14145211819,0
15016316930,18
15808077623,15
15918628106,19
15988606786,10
15917244383,0
14156212293,0
15849087758,18
14144918291,0
15598712665,19
15772043914,7
15264860533,18
15357218889,18
15364630724,2
15501658008,10
15978133248,14
16023500682,2
15689536881,4
14195265575,0
16029416011,5
15909859831,0
15686179282,14
15796019612,14
15576358141,16
15576358485,19
15688781510,0
14212448115,10
15323562402,1
15528522718,14
15266023936,10
14491887098,2
14031899361,0
15931943254,18
15678742474,12
15703231664,18
14244913181,9
15148613234,14
15219190351,14
15906421947,10
15919687150,16
15623306479,17
15425337067,19
14194671752,18
15086368407,10
13945039525,14
15705780321,10
15333178147,8
16034247210,10
14230420413,18
14101299423,12
15801496932,1
14114841241,10
15027540640,13
15812405127,15
14079497584,3
15096663172,14
14108665473,18
14156102680,13
14553523018,3
15991054689,16
15184485613,14
14187350460,16
16033441000,14
15786165405,0
15836839438,1
15888092889,7
16004532090,0
16014847525,5
15936813847,4
16002162001,19
15907208031,19
15730493365,14
13885991119,13
15547644120,16
15945059294,9
14084487367,8
15638635558,16
14202635416,14
14155964680,13
15793778431,7
14470445553,0
15725484898,19
15591038174,18
15247634782,18
15136575171,7
14993005055,15
14665613198,16
13888608910,10
13295768091,2
15930462438,0
14895891307,8
15907135978,14
16023770841,15
15518601215,4
14438962902,17
15776474512,19
14131325808,15
15365245119,2
15740839920,3
15810240437,5
13996564915,0
15271120203,10
14254342185,0
14011162546,14
15719466644,14
15518076779,0
14122164476,1
14189234625,3
14429854126,2
15674366694,2
14233814587,14
15824539006,9
14422720553,15
14804639002,4
15789196001,19
14382935507,17
14218882606,16
15789196149,10
14226225057,10
15735500471,14
15847204107,13
14297048263,19
15998833821,9
14001713309,0
15709923161,2
15825515037,16
15779106435,16
14151144829,14
15281465720,9
13974332820,16
15687604056,0
15919911784,3
15582213151,14
14117470055,14
15980740198,13
14225591713,15
13726592090,2
15638640193,8
15502520914,0
15274630636,2
15683710634,4
15927366031,0
13909171981,16
14157228250,16
15423816236,18
15997963072,14
16010808037,10
15742630866,14
15400176043,18
15644887343,4
15774402563,18
15463705638,10
15938647818,0
14951950737,10
14113345047,10
14052930023,7
14249735365,14
15945614607,2
13902739087,0
15834477900,16
15992817724,16
14127250084,14
14229692847,2
14605093258,9
15262563738,2
15264981330,0
14439022060,1
15687094663,18
15805859942,5
14236817548,3
15620813307,14
15801407537,16
15639987749,2
15687612496,6
14545532800,7
16033000345,2
14448136946,7
14854444699,16
15742590424,2
15085137584,19
16014872729,18
15789455335,16
15858824523,16
15832482500,16
14994786739,9
15790893224,18
15876525678,14
15784385635,18
14448969793,16
14894577152,2
14360087992,3
14063816922,2
15576650968,3
14151600254,8
15835546906,16
15698911080,13
15866651574,16
15757445422,16
15936801899,3
15816119780,12
15100172441,9
14295025531,19
14726392674,10
15774281357,12
16007368835,14
15963808396,7
15888923572,15
15907867396,2
15263588005,13
14265016245,14
14000700165,1
15827426744,0
16005409884,3
14184159059,9
15795611707,14
14172331819,0
14231070704,18
14433805941,12
14177620121,13
14287332821,4
15725024559,14
14074938765,3
14229227275,6
14751518952,10
14491574505,12
14221849801,19
15088161339,19
16012830297,15
14156939007,14
14179683970,10
15361358463,15
14457151631,14
15751691040,7
13997304582,11
14135237521,3
15314710036,15
15511788513,0
15000301743,15
15946900570,18
15247836370,12
15998221805,14
15940814197,16
14082954295,10
15626492453,16
14473003845,7
15563724692,3
15476832607,14
14377405128,5
15264422708,3
14140245750,19
13985703269,11
15345047450,14
15768367668,12
15983561453,16
14980733830,14
15999153790,3
14272057063,1
14123032636,14
14137646989,2
15459375901,7
14140205428,2
15342507703,5
14118188581,2
14183551186,14
15238693349,0
14237609684,18
15104367599,8
14163130154,4
15399002236,18
15514454453,16
15386843207,8
15235026592,8
15716464052,10
14283992589,10
14151095477,19
14482537042,2
15822384711,4
15347483234,3
15104764824,18
15796636776,5
14464940171,18
15632103863,16
16012170080,13
14632642127,14
14349076435,8
15790901887,4
14201592925,8
15728589102,0
15331090999,8
15186910095,18
15877093679,14
13940023373,8
14218224306,4
15814658236,0
15732345424,14
14058108129,19
15874844208,7
15435361557,4
15354942012,16
15436448871,4
15835140987,3
15691639272,19
15668821833,18
16012166198,15
14460317803,3
14228466537,8
15702463134,16
15731008329,2
14557336461,0
15627073645,2
16000149228,19
15886404266,18
15688308501,0
15105369866,15
15818459444,19
15948505233,18
15853618360,2
14464078981,6
15882249290,3
15841383402,10
15766227873,7
14136161163,14
15614097310,10
15994779968,1
15776279778,1
15799066855,16
15894641875,14
15870748581,2
15680277476,10
15873699226,3
14366613298,16
15432380668,14
15800464018,15
15954615652,13
16027284625,15
14049676972,10
15436058491,18
13832682204,19
15825427628,16
14494929754,0
14947434692,4
15670726747,9
14255128152,0
15654928332,14
15824154868,17
15754919272,13
14226853305,7
16026716239,19
15812277884,2
14155875881,14
14469409890,16
15815576271,11
15872418185,7
15889608248,7
15834433344,0
15883493595,7
15883281887,12
15743613405,0
14457151690,15
14188400026,9
15065564092,3
16017612727,1
15757484808,19
15907887521,2
15017048953,19
14151048141,4
15871045607,3
16023301921,2
15275745162,12
15578483902,18
15570335534,16
15767877201,0
14863359302,0
15586062015,2
15804343329,17
15807776014,2
15919629833,2
14885984704,17
14489294409,10
14561864044,14
15986492821,0
15878133721,4
15220113313,6
14137759028,18
14057859139,19
15937838590,2
15876717582,18
14319681279,12
14044599957,18
15869022869,16
14082313916,19
15968353934,18
14846722154,10
15041994084,9
14127398739,9
15958049448,10
15785272744,3
14457522403,16
15549071766,1
15549112861,14
13805457601,10
15823037975,7
15948314279,18
15804171467,10
14177030545,8
14149227517,0
14166600683,16
14231853749,7
15768276513,19
15957670001,2
14187975421,10
14193394781,19
15596429921,16
14353207833,2
14231196547,4
15874609595,9
14788961616,1
14778251727,2
14410319294,3
15689381282,9
14164432634,16
14210947491,16
15802275427,10
14089327471,14
15832422119,13
14197642146,19
16011162535,12
15689887825,13
15753997993,5
15976293885,0
14158665156,14
15570977776,12
15774735894,10
15737938278,3
15446403099,0
15981451856,3
14006394435,18
15284252325,16
15939407169,4
15431560631,16
15826758090,8
14156824623,7
15180505105,16
15917240792,16
15971153459,16
15871129751,7
14143232290,13
15836399257,8
14151894295,14
13918023513,19
15687216408,2
13734937090,10
15834012825,16
14233814650,18
14864980752,4
15301405311,1
15253345754,14
13856096601,8
15905378508,1
13770221388,14
15615445454,16
15537715481,9
15994826643,0
15802607330,14
14481878810,16
15987800482,19
14921405111,4
15894427317,10
15881566825,14
14008724957,13
14215500688,16
16009947024,0
15532283699,4
15769042310,15
14470347327,5
15620790130,18
15906603699,16
15758159883,10
15518897187,8
14102280487,18
15560070679,7
15723486656,16
14862550678,14
16032220999,16
15915598684,13
16001265337,6
15698566959,14
15763688859,4
14129204418,18
15725231196,2
15813925760,13
15897397978,13
16022622008,3
14217609132,13
14039588712,0
15354264540,14
14197262219,13
14122559748,17
14615319265,18
15237682003,18
14997854831,14
14551416365,10
14155324188,18
15935386702,9
14037659537,2
15302205704,7
16019937116,16
14378595414,7
14209602956,10
14134472751,7
14794223470,18
15893632899,15
14238902910,12
15900820702,7
15862857036,16
15432084355,13
15867669335,16
15616610212,14
14480697412,9
15164574130,19
15069484866,18
15702819381,16
14129522329,18
14867615907,16
15983608629,10
15580637914,10
16016146833,7
16009066719,14
15397578397,17
15644572769,12
15943363418,16
15553823092,13
14131395485,14
15878189624,2
15755488175,16
15831419109,12
15880767247,7
15768261814,1
15702945156,16
15815249289,10
15661116800,11
15421560095,12
15691243129,10
14168183824,9
15808892174,2
15656248950,16
15873202500,7
15777775780,18
15968105578,12
14055981657,14
14098399758,13
15478027961,3
15721000158,4
15768616420,0
15724861398,17
15470532822,10
15395120699,14
14256383147,5
15958049212,14
15804146722,5
14206910371,18
14488656262,12
14138069169,19
14287240071,15
14715295255,16
14075836416,16
15878380626,18
15983182563,7
15715283629,0
16009076905,19
14485269909,1
14126934575,9
15690220535,15
15300853932,19
15790782875,9
14898037546,12
15457553287,7
14139725864,10
15620028530,0
14153069452,15
14178883994,10
14492747148,2
13943738303,12
15796960131,6
15890198393,14
15767118842,0
14082687777,15
14201319627,10
14825969479,18
15671348222,15
14422539371,10
15028534105,14
15980478909,12
15876341375,18
14354668514,7
15704739851,18
15808676143,18
14471208278,3
15428461088,7
15912440329,2
14339725248,13
15688702794,4
15481698703,18
15614104444,4
15907754074,18
15536736725,15
14435885741,8
15138554770,2
15749437673,14
15056864460,13
15577892528,18
15744502375,3
15879360941,16
15744211067,7
15890532007,10
15993568631,8
15723862631,16
16007019165,16
15601743441,16
15716643414,4
15682851912,13
14472197000,7
16032768914,18
15683717851,14
14165030940,8
15868157015,0
14377444630,14
15915829109,14
15627088908,19
15802973679,1
16011394015,12
15813081952,18
15973801957,10
15063538131,8
14869758458,14
16034293962,16
15703966816,0
15593940461,16
15541808868,19
14410319510,19
15842400783,19
14464996483,17
14154927301,14
14486805729,8
14091970090,19
15385589675,9
14067809766,15
14120325280,8
15671949142,9
14388027739,18
15851780409,14
16011542790,18
15996439178,14
14094551984,9
15835483399,16
15440648256,16
15148244219,4
15757537860,16
14199842229,12
14206577718,4
15945682570,0
15230748673,10
15507393582,3
14049318200,0
14480604640,9
15829408521,2
15192375286,14
15714435846,19
15390931029,7
15912307646,7
15982220759,1
16032458407,0
15717948047,18
15732857789,9
15246235634,16
13824532432,12
15771736732,14
15962580393,0
15743391194,9
16009947064,17
15806423996,19
15767572679,16
15569701502,18
14158257792,7
15906822256,14
16015864540,0
15907895272,3
14006035877,19
15937733617,13
15251715462,8
14395736364,14
15669517849,16
15532284102,0
15909867021,19
15733341358,0
14198031948,0
13976744919,18
16030213902,16
16000004822,14
14147535419,13
16031293934,0
15759813156,2
15308670404,19
14554567018,11
15515210217,3
15795407316,4
15696049166,11
14205159829,2
15704096714,18
15832633918,9
15996326739,19
15859233629,15
15522948738,7
15168225195,13
15777581551,19
15969315509,19
15803740547,19
14249169639,14
15982714121,16
16029148075,14
14380222775,19
13976943575,3
14953093742,3
15790462844,14
16012624773,13
15733241350,7
15754286313,12
14341137191,0
15989672879,3
15736445139,11
14037439235,10
15146518220,1
14433148829,16
15782312214,0
15824879318,7
15429673061,18
15986775514,18
15333980164,13
15568619241,14
14480824650,4
15728500845,16
15969927701,1
14569176246,5
13966455710,12
15929706314,15
15987245292,18
15805004830,5
15785232816,14
15060062847,6
15836791061,1
14620271942,0
13809467837,19
15911138048,14
14719700466,14
15921397151,16
15106242715,14
15725485003,18
15537180758,0
15940807421,17
14383837379,2
14085122815,10
15738709336,14
15609276481,19
15893277920,10
14461654014,7
15980411841,17
15524619808,15
15523092495,10
15788948223,10
15594522819,13
15584642286,0
15545251627,15
15790110987,2
16014572548,0
15979156642,16
14020445116,14
16014960158,18
14493126253,15
15803119697,0
15734585994,7
14125609354,11
15502511423,13
15670760449,4
16000588947,9
15879363402,18
14985571008,7
15935253773,10
14181886814,10
15958700629,3
15722373714,2
14141682132,19
14392142535,19
15259024287,12
14093814605,7
15644211681,14
15348038256,13
16014784050,1
15818606650,16
14127503910,3
15669626494,0
15786585979,10
14101657637,8
15893245643,16
15407392108,0
14090846716,18
16016047034,13
15670698769,14
15912212272,10
15221873778,14
14214920852,0
15802001719,8
14981536652,9
15622159448,7
14118836359,8
14273886194,3
15824879065,16
15648169683,10
15723486732,16
14285775487,14
14369761538,9
15868155647,3
16008963583,18
15564351400,18
13986105484,19
15922823755,9
13960905819,19
14490440251,7
13997482837,18
15803029110,5
15757038946,16
15362456707,19
15635671705,16
15686694200,8
14422580131,8
15698889375,10
15442513591,15
15092758345,16
14237979367,19
15352942951,16
15593863709,10
14472882215,15
14068367842,13
14494363850,2
14470475058,11
15573463481,7
15193526706,14
14214537152,6
15847822775,8
15914535216,12
16032189592,10
15147615628,2
14138778470,13
14146176011,14
15388573154,0
15520347994,13
15506592162,1
14168257369,7
15554864013,0
14445394744,15
15004699442,16
15772642178,7
13835270560,14
14225593241,0
14219140477,19
15234491866,12
15716609859,8
14467988243,11
15824372662,19
15866306413,0
15683999455,15
13843450593,13
14984386363,16
15874800069,17
15894959144,13
15220611922,13
15752716828,8
15835216645,19
14864381872,10
15799026967,0
14161103016,19
14491782365,1
15334661171,10
15974617738,14
16023787956,10
16027136217,14
16013451676,10
15809431831,12
15463736426,14
15959576042,13
15362309478,9
14220617160,7
15361858651,13
15655795070,18
14219717940,10
15946811538,1
15821750405,0
15547310550,3
16001216101,1
14481234555,3
16011355967,12
15774155853,2
14122124797,4
15869387256,0
15789123597,18
15981462719,10
15951111262,16
15749011052,19
14162157435,19
14141589069,14
15770946645,10
15769604041,16
15826471643,10
14173197532,15
15705755653,6
14172601941,0
15585502777,10
14005200406,0
15819733452,10
15032865334,4
15728566091,18
15582198232,15
16011805449,16
14142521274,18
15765856792,14
15935288421,10
15029396386,8
15019024151,16
14235156328,10
15579094910,8
14132703427,14
15422008472,8
14470075331,11
15751698992,9
14097625689,8
15742173780,19
15908535803,6
15706065755,7
15393584876,2
15829176605,13
14137706714,16
15772781434,17
15850801586,8
15485794835,7
15441013881,14
14369086991,2
14434466142,16
14263385543,14
15793250198,18
13786340709,4
15915649208,8
15851803406,4
13960229471,19
15972732758,3
15834037555,4
15639938405,14
15302003464,4
15801305793,5
14355485487,15
16012573830,10
15763322925,14
14191392993,0
14199231428,18
15831620895,16
14119419574,4
15837526547,16
15510456182,3
15700967357,7
15833777227,2
14089580583,1
15370899352,14
15954742967,2
15966587469,18
16030267338,16
15182336891,10
15603387207,13
15907646336,2
14135972498,9
15668845712,4
15547043338,18
15157650621,6
14312451714,4
15410710788,4
16010306167,8
15177777291,14
15587840688,16
15962163674,6
14252397378,15
16031051332,16
15739916351,10
14216697938,3
13847480995,4
15268325004,7
14472195525,7
14688074166,18
15804811535,16
15985734300,14
15663907385,10
14212827756,0
15767869932,16
13375099295,12
15061104182,16
15989921844,9
15766779943,10
14467617324,7
15822370059,8
16015121457,19
15863340994,18
14126469020,2
15988833624,7
15991007038,19
15207839774,0
14157221589,9
15999586156,16
16003505054,14
15923066759,7
14437293827,10
15639373525,7
15732841443,3
15092046405,7
15106048407,8
15932116396,3
15733777402,8
14217867862,2
14492681379,19
14359093008,1
15600768314,2
14149600004,6
15627547908,16
15911180731,8
15819117758,10
15991005519,19
14451332897,18
15717871592,10
14225806268,15
15582212990,16
15807336711,4
15703188311,16
15918875586,18
14846013660,7
15907186989,0
13883758272,8
14154877301,12
15730191194,13
15148659270,0
15829595161,3
15779901017,19
14219547197,8
15812578781,3
15603705406,16
16008500669,2
14772643696,0
15758013405,14
14442336490,14
15813286963,4
14420416365,1
15810131949,3
15693567417,4
14334888832,12
15846518811,10
15806433316,17
15962968909,19
16012981635,8
15845445181,18
15238533664,16
15798216743,19
15400534529,10
15734820459,0
14216660385,12
14440903532,15
15938832678,16
15766731121,4
13783347798,15
14153137769,2
15301746652,13
14392113370,18
16021128600,16
15769683655,7
15821758867,18
15988949139,19
15748053849,14
14856046750,10
15566705110,13
16030525475,2
15983489812,16
15591723739,8
14490089253,10
14485536909,13
16000350721,16
15731786702,10
15826842629,14
15670491951,7
15759212316,14
15956596902,9
15756854870,15
15429105496,10
15873710350,16
15105171362,15
15955661563,17
15975588358,4
16005389270,0
14142260231,2
15479183274,9
15736186070,4
15856721306,2
14450876341,12
15890339238,14
15531580118,10
14333257720,8
15417484602,4
15814737319,19
15952300412,18
14994620571,13
15406515357,18
15307642150,16
15277628534,8
15244509429,18
15884030468,3
15568802186,5
14094330315,0
15738087422,18
15851623673,17
15515369414,12
15835239333,13
15835163102,16
15936735235,10
15739916347,4
15799917088,14
15939771048,0
15873248241,0
15752510707,3
14124717856,14
15229811712,7
15444692835,7
15888378647,14
14230979531,17
14203197438,0
14283349561,13
15984880824,16
14616865958,16
15952049638,14
15713921571,18
15449026885,18
15998011282,14
15536845003,16
14565484287,18
14381099326,5
15420651618,0
14145650799,18
15563443905,7
15697776376,14
15799923769,16
15806981727,13
15956554490,0
15786051211,18
15390651008,0
15505270465,0
14493462253,8
14355862654,16
15043101309,5
14888685439,12
16005694984,4
15254655654,12
15640421913,19
14324998386,0
15978593365,15
15428524981,14
15609432121,11
15810564836,16
15538884427,14
15807437411,16
14417052652,12
15730479485,18
15673203086,12
16034655505,4
15835953881,8
15928471311,0
15994763994,4
15274327215,14
15981861929,4
15790111922,10
15328487387,8
15726924517,15
15868513157,18
15886879239,6
15885242480,16
15897029502,3
14148840493,16
14200036251,9
14441336636,4
15582316426,14
15983029063,12
14146346447,4
14657227308,4
14177366210,18
16001386393,9
14156931995,0
14461763376,6
15749521408,18
15794616416,18
14415988088,1
14741012235,9
15731263345,4
15013300267,4
14947245015,19
15610000592,3
14204119673,16
14150117227,14
14190132612,4
14010404578,9
15658578337,2
15814346342,10
15844022018,14
15673202949,6
15611736584,16
15789005795,4
15544264749,8
14836099021,0
15609101583,13
15820391253,16
14416034970,9
14074252324,19
15980447550,4
15791630576,13
15029331052,12
15812579787,18
15952599585,2
14407886532,0
14254938060,7
15670756513,16
15747006870,14
15804831020,19
15980007006,19
15745527661,0
15813220657,19
14212714221,7
15364026469,14
15581656413,10
15693268019,4
14117284713,16
15812499627,9
14298664631,1
15359480522,9
13916109525,18
14893973961,9
15216129129,8
15932113732,18
14009093442,8
14145141110,10
15986578803,19
14430263135,7
16023209402,6
15779919522,10
14451492761,0
15450969754,11
14884739272,16
14229482657,18
14161394080,16
15833379318,10
15624207540,16
15806699660,5
15691449950,16
15477280084,15
14127466119,18
15709881823,2
15557034996,16
15982807778,1
16014963097,18
15766034245,13
15571984011,13
15682746581,16
15595023752,13
15722546417,14
14218966089,15
16028974735,11
14447066523,10
15941439949,18
15952046435,1
14157380432,18
15958079632,19
15908679993,5
15909921765,16
15869878642,10
15186721835,19
15957049869,15
14754307682,14
15849798196,10
15662276173,14
15542174363,7
14213315319,18
14842222954,4
14192286587,0
14912308403,4
15519755572,0
14142550484,4
15949079746,1
15519649304,0
15986549446,16
15993579677,0
14186625604,7
15724525983,3
14608857224,16
15901559292,10
15605278401,3
14147024345,7
14020088788,16
14264200175,13
14158592039,13
15635400434,7
15361405344,8
14211159578,16
16024155736,16
14363023469,18
14909758258,10
15825751365,2
14171716295,19
15943734434,3
15898117836,2
15438943985,7
16004107859,16
15879978608,13
14944888934,8
15369109746,3
15901416700,17
14417048514,13
15564476745,1
14199714405,7
14870295220,4
14951294939,18
14112715826,16
15709205605,14
15807921706,18
15708694094,8
14163839524,18
15633776728,2
15270294840,13
15902424857,16
15577995226,18
15712579075,10
15944186662,9
15925185563,18
14435780090,1
13985236594,18
15468793395,16
15610282308,7
15821899828,0
13975576145,4
14803655786,16
15685726142,18
15932974533,19
14278063549,13
15668670550,0
15562652423,13
14342811721,10
14194718785,10
15954069715,19
15987997556,14
14451902686,2
15965660576,10
13952015892,13
15910626744,14
15952034707,2
15806150736,16
15828468419,8
15725061568,13
15587752138,4
15760191808,3
16012303305,16
14219905508,14
14253753302,8
14222373633,14
14707739018,19
15414680857,16
14223875786,3
15828227842,14
15716547401,6
15592193964,3
15822712860,3
15247829176,19
15980409442,9
15936450821,10
14189342450,1
14104343661,10
14430011023,2
14179038325,0
15446047540,14
16006961164,19
14955982396,4
15786972509,18
15771445876,10
15796232777,15
15577853049,0
14484664788,16
15890885164,16
14284109602,10
14196039151,18
15690929384,14
15627495495,15
15794378849,14
15876119400,4
14667784367,5
15743959442,16
14249005035,7
14491574436,11
14342278291,6
14163988698,16
16012803695,15
15291467964,2
15939719934,16
14130505084,8
15394710723,14
15691639085,6
15608936960,16
15374841798,3
15962556186,14
15621850325,15
15855713880,10
15685368886,12
15622746242,16
15728648033,0
16012501587,14
15854804396,18
15685381383,10
15817845674,10
14740924448,18
15844072097,0
15992033561,19
15900624856,3
14033286127,16
15969502526,14
14071795310,9
15716450728,19
14191846928,0
15869714205,8
14691863656,16
15929132265,3
15571884225,16
15286410731,7
14495378153,19
15817917943,2
14160231457,11
15908292663,14
15620928381,4
15592980798,10
15958480763,12
15566486841,0
15515213349,14
15762723631,4
15967596394,0
16001478500,13
16022690994,14
14491751391,6
15691962374,14
14154885390,12
15903285328,8
15798250905,5
15793761647,9
14472280085,7
14466094262,12
15715556637,4
15952026482,13
14154946777,8
13806568434,19
13996030837,19
14953950687,1
15919969856,1
15096418208,14
15840370836,4
14192044286,15
14327275550,17
15513623523,19
15830173332,13
15879296193,0
15844034604,18
15827738520,10
15537896359,14
15610742918,7
15821064882,10
14224395099,8
15529110794,16
14202017490,15
14143782401,5
15732071307,16
15799873982,1
15814319757,4
15086600947,4
14159723161,4
14203336998,2
14998310508,13
15805733633,2
16033045883,12
14437425061,14
13980327668,7
14320223194,13
15896132187,16
15344418760,16
14106963365,18
14424103146,9
15869490866,19
15551465791,9
15378978413,18
15821289211,3
14621687949,12
14284069622,7
14127342541,0
15103672300,0
14138761330,8
15942996914,5
15359587119,4
15766972312,15
15867471749,15
15418469187,14
14546367686,19
15712748116,16
14256380433,15
15286509432,1
14874060043,10
15980694947,19
15712508371,2
15981519502,7
15871218520,18
14351805928,12
14207235451,7
15731498268,19
15909149293,13
15863193123,8
15209354819,7
14440823079,12
15714252264,16
15861205981,16
16016591649,13
14218109103,4
15919283912,7
16022568927,0
15789920868,16
14188398304,13
15810917135,10
15995277498,9
14470059532,7
14421697465,15
16002971976,19
16002056773,3
14235273979,13
15781361780,13
14094305199,4
15344844273,9
15570328813,0
14116202512,14
15235565302,4
15799141140,18
15704308218,0
15310502102,4
14983658076,10
15999225304,18
14214074201,13
15983449334,5
15579290508,4
13922324361,1
15996352555,0
15637725392,16
15930460822,2
14090444658,10
15805010851,16
15810744749,16
15665391778,12
15577911612,12
15772054409,0
15949993699,18
14803663748,4
14258849039,19
16026849929,7
14481369283,0
14136353231,9
13825684145,1
15859971519,13
15820779612,4
15621068982,7
15645474639,3
15822287985,14
15946156538,3
15828559949,18
14199277858,9
14662512311,14
15932371359,16
15806641482,13
14190426445,2
15909152165,14
15877134858,18
15992670352,0
14473080090,11
14165191484,0
16006803753,9
15995326113,2
14471237521,2
15992333811,2
14043991746,15
13975895481,9
14065531055,19
14084954395,4
15459213409,18
14350419808,18
15529872509,18
16027271055,13
14143968490,19
15936097843,13
16007847174,2
14153430398,2
15838190423,2
15221754392,19
15424990686,14
14073468138,3
16014662804,8
15106415220,14
16015233515,16
15769615864,14
14200726049,9
14407503410,16
15636770098,15
14155852745,7
14465930500,12
16034667615,13
15355957033,13
14535846467,19
15753675770,10
15037433681,19
14031881128,0
14472210651,10
15718483021,15
14188207987,8
15880492356,16
16032543445,0
14050150981,0
15907325535,14
15889166876,14
15391864026,11
15931383760,16
14348034539,13
15947627560,16
15982554323,7
15979452272,10
15893941876,3
15535547932,4
13814101986,16
15348697840,2
15695791026,0
15186550662,19
15718852836,4
15260566139,10
15683794842,4
15806963891,16
14218982566,14
15970899277,14
15919170772,7
15416652558,2
15873484285,18
15801980984,7
15956910741,0
14492701395,7
15998442460,10
14371201636,0
15946522362,2
14166466908,2
14989398728,18
15922324012,18
14207649475,16
14484411811,15
14108169922,16
15087966923,16
14936715871,18
15348058049,10
16028444104,1
15963335301,5
15738871564,10
15096071231,16
15856697823,14
15937471077,7
16027284624,14
15739899348,7
15839751159,14
15353716415,8
14073561407,19
15831048394,8
15448437624,4
16016290049,14
15808645746,1
14207778244,7
15875694621,2
15981191287,4
14093447103,17
15772767129,2
14157965240,0
15773325124,14
15828990795,0
15723826908,9
14143042853,13
15146347216,16
14252441666,13
14108310719,19
15722291320,15
16005997748,14
15975609897,14
14172284887,10
15890505722,7
14264047568,0
15498083184,0
13790818806,9
13825752921,7
15937630489,16
14226522257,15
15524002385,2
15928513516,2
15591183389,4
15830700333,16
15713306784,2
15989669771,0
15744104008,7
15481115492,18
14128093242,8
15872285586,18
15922858052,7
14121195327,6
14382152092,17
13960061326,15
14153470242,16
15946704557,14
15086698478,10
14203277107,12
13873185310,1
15738082849,16
14126720859,16
15967770828,0
15337060042,0
13838826709,2
14467705368,18
15907131821,4
15982815768,8
15836415798,16
15830969915,9
15990277776,14
15687221852,12
15710280217,8
15804810898,15
15568794817,18
15349062391,14
15724099719,18
15912465177,8
15439843614,16
15933800083,18
15765867985,10
15738689026,7
14199558413,3
14084315141,8
14478804766,3
15745839791,2
14355218482,2
15786623424,4
15667890351,13
15872813199,16
15802901154,15
15909403595,1
16017941174,13
15999638494,0
14200036504,8
15419104419,3
15801383306,4
15850507296,13
14420533694,15
14491762057,4
14036638458,13
15694355961,16
15792785783,1
15837354151,12
15571513820,10
14481422818,12
14226919472,18
15768500963,2
16030412173,14
15816851288,16
15782279357,7
14948229536,14
15732286251,2
16018534759,7
14226024656,18
13905867770,18
13968654060,9
14480397914,12
14457910421,1
16027424744,16
15905390029,2
14435779750,13
15912407437,13
15356693317,16
15670499233,7
14691129580,10
15764692931,18
15902407678,18
15469167525,12
15197052810,16
15545129942,0
15995456297,16
16008573824,10
15246964397,10
14204197559,14
15211498806,4
15288986870,15
13655755369,15
14144717066,0
15981408821,7
15728505189,16
14654716214,2
15912784129,5
15952003151,10
15604699025,19
15976679962,0
15816423467,8
14225171282,12
15521114859,19
15998446779,0
15663354320,16
16032121310,4
14998606821,7
15606914972,0
15921004249,16
15777535487,2
14183421315,10
15816216202,18
15766546085,12
15955303963,16
14115420172,10
13721906829,14
15328323580,14
15438637506,10
16012540203,8
15896999744,14
16012856298,15
15164591272,2
14415926245,0
15871123609,16
15540397507,4
15943742910,10
15984918415,16
14103523977,14
14198288060,7
14149599894,10
14158216873,4
14344241634,16
14402558405,0
15831387797,16
14081759047,9
14529446500,18
14190605254,10
15996365031,8
16034885227,10
15824520503,1
15587418935,9
14136411041,10
14104409137,10
15789449175,18
13937959965,6
15509313269,18
15982189147,9
15975972403,14
14158011287,14
15979452498,8
15803143781,19
14417773267,6
15246526686,19
14483711119,18
14180703330,7
15775324278,0
13923396196,2
15877496202,16
14227444350,2
15297474702,3
15766831800,13
15574803626,19
15245785207,15
15842978627,0
15380226306,4
15512131874,12
14402657806,13
14932859860,2
15755852130,2
14857331648,5
15767805277,16
15818130457,8
15345074784,4
14129542776,0
15969786479,3
15807440650,16
15649411099,10
14137008519,16
14321730224,3
15711946198,14
15705515836,2
15672631824,13
14069442412,14
15410770236,18
16010804792,8
15728495337,16
15004898560,14
15867564521,13
15642639580,16
16017771073,12
15924277254,15
15562446243,13
15596617567,1
14351329828,4
14207482294,18
14351352735,18
13825631984,3
15838173645,16
14226833915,16
15713381438,13
16030125685,18
13773680949,4
14098982491,16
14134846348,12
14199062301,16
15713338683,7
16008398552,19
15538612247,15
14150215058,3
14491260758,15
14148137180,19
15990695862,18
15761133834,3
15948005127,18
16011036476,8
13857324737,18
15878300398,12
15893285471,12
15771562913,16
14848882347,15
14974539085,7
15064485716,16
14082013802,7
15402955261,10
16013107710,9
14016089080,16
14958669393,14
15244382595,14
14870553379,13
15933319499,6
14493200078,7
15949628940,2
15969249981,4
15731438702,3
15824796472,18
15943342577,16
15332029640,4
14120457100,14
14932707162,10
15835601798,2
13967933635,19
15440436232,16
15692266337,1
14999701886,14
15781737128,0
14476196090,9
15976651735,4
14382831831,6
15746389062,2
15676980738,18
15258756449,18
14196770853,16
14421441831,6
15987424232,14
15926555273,10
15907055556,6
14258555170,1
14245864937,15
14835370053,2
14480195000,0
15266852412,12
15700086689,2
16018511758,8
15448837205,0
14175001480,16
15028046104,10
15763241404,18
14127398267,0
15937158779,10
15683759692,13
15665016243,8
15325367018,14
14740075268,3
15077712023,15
16013141126,14
15670944814,18
14193655852,18
14187748922,8
15955124289,14
16030380224,4
14230156623,2
15582888444,0
15951530389,16
14736464942,8
14721844213,18
15718353438,4
15954665792,3
15766345033,7
16002561665,14
14344171277,7
15990327133,15
15308023739,13
15973861329,18
14126463481,15
14202841543,14
16014770932,19
14487100763,18
15964365011,16
13758473939,0
14224628475,4
14159203870,18
16011932413,18
15961428658,10
15961411254,18
15602701748,12
15854850773,0
16007946268,4
15277462528,15
14974134854,16
14457151648,15
15482435783,13
15676657420,18
14676138500,18
14358397673,8
14120024018,16
15072039631,7
15392883967,12
16026974291,14
15903984621,15
15224213027,1
14104269562,3
15806546235,3
14490144910,13
14665690517,18
14172576380,18
15873685665,1
15610408979,16
14853161768,15
16001415198,16
14171549521,12
14493734751,13
15834512284,15
15931098425,18
15766786209,3
16031738002,18
15680530129,7
15221705968,14
15730421107,10
15628158830,5
15932668027,2
15921854510,19
14457528073,19
14177493731,10
14608307922,14
15906936254,19
15068207438,18
14283557260,0
14063170043,1
14148841441,17
15819990341,14
15698278745,16
14167695720,15
15780521785,13
15831378336,9
14013701100,16
15522322238,7
16018387962,17
15936295307,10
15980421868,16
15875578634,15
14124291227,0
15751463924,18
15006556573,1
15334661137,18
15264574099,14
16015161798,10
15927610615,18
15363180252,14
14480824389,0
15598983848,8
14219546444,3
15807400544,16
14165719452,0
15717746907,12
14077356913,7
16009466451,13
14040349502,4
15786526761,16
14185962748,12
14472437028,15
14420899647,0
15940923938,16
16014818671,7
15942652626,14
14443810534,3
14159325226,10
15828657361,0
15774360101,14
15765888436,0
15876048966,2
13867463436,0
16014837903,18
15831911347,7
15515089890,16
14478087415,2
16001349935,13
14980717607,19
15681208288,3
14273886089,10
15751701673,0
14391996771,9
14209307920,3
14212313521,14
15797191086,10
14193043263,16
15983855233,7
14159226106,10
15940480742,14
15684661386,4
14395988154,7
13963439467,18
15753446602,0
14140965947,12
15253344728,9
15362685004,6
14131052609,18
14227633241,6
16031825274,14
15744756530,13
15480218842,2
15925563179,19
15317270956,14
15704023576,8
15734051655,10
15907130913,16
14944949719,18
15794202734,5
14665093892,4
15600027407,14
15879207953,14
15587421082,3
16007589411,16
15713223102,14
15912804997,16
15794741361,13
15912282884,16
14725211767,13
14196875282,3
14060946351,15
15800558622,14
14428174233,16
15149947067,6
16001387478,0
14865732267,8
15741237927,1
15692119562,14
15998679608,14
14202599622,18
15822998909,7
15555844029,16
14964131592,6
16002133873,17
15897662489,19
16003828558,15
15358966835,10
14207245203,18
16008552843,1
15812358147,15
16033556860,14
15773251859,2
15910051190,19
15706313019,18
16022601491,10
15575923206,12
15396743083,14
14065959950,9
15766570595,2
15729433591,16
15921493206,13
14153272066,10
15811579441,18
16011046334,7
14536527692,12
14321517424,13
14122509066,16
15891071487,4
15738532758,3
15321827239,2
15729617364,0
15193749618,15
15849949009,16
15702453495,19
15774276342,1
15875857366,15
15534046688,8
15651203557,14
16015287505,18
14182628670,18
15880813067,14
14088256254,16
15243066196,9
15829340626,14
14143496188,4
15887578491,14
15877493525,14
15801305595,8
15531689489,15
14140587305,13
14472416054,2
14086792379,14
16016456715,14
15882521916,14
14326710522,10
15084656311,4
15294753619,2
15664224024,8
15577852218,18
15946007019,13
16017710909,8
15807538890,5
15903304521,7
15300467032,0
14975133716,15
14862550146,8
15231023672,2
15186458243,2
15554093756,19
15890120254,2
15394812199,16
13882157792,14
15743535341,0
15593067118,16
14192027504,13
15741852732,2
15463308259,13
14187650537,4
15575272208,7
15988211998,7
15615227726,16
15939651881,0
15801927104,18
14196518755,15
15946040375,15
15314610316,14
14136353157,19
15702047213,14
15585819972,18
14253763352,7
15896132932,12
14199556152,4
14481854603,4
14111955799,9
15896797439,16
14153653140,3
15244498103,9
14144918206,8
16005280360,7
15391074118,2
16034239150,14
16032266350,4
14184984090,10
15792636198,5
15923237557,2
15831093690,16
15843336905,4
15967617998,15
15908970219,2
15786155033,19
15904734338,2
15549138396,3
15926819531,3
14558540835,13
15101088082,3
14189229483,18
15487978333,10
15907621500,10
14465738372,15
15770797259,10
15623595909,16
15955851948,16
14315233746,18
15921581153,16
15724950081,18
15769757052,14
15379444701,16
15796830723,5
15033242212,19
15835604745,18
14108789068,15
14493202386,19
15014912489,13
14169444881,16
15619818779,12
14463587589,10
15740441463,15
14858152165,10
14388470270,12
14448641982,0
15004570165,6
14148465880,10
15823933521,10
15437608170,19
15876350126,14
14876247011,10
15165128919,14
15888466490,15
14205567511,14
15961099662,10
14414096843,15
15591750962,0
15273376669,9
14211928744,17
14207701579,8
16029143074,18
14094216286,10
15591375653,14
15492473927,1
15891686465,8
15564497752,1
15796015426,2
15245701146,19
14174995581,4
15509598882,18
15220611658,3
14936018153,18
14067554672,10
14693067019,10
14389929639,1
15627492229,18
16020727065,14
15630331094,19
15716448413,14
15828427827,9
15890010899,2
16013427217,10
15784575621,2
15719395497,12
15772050222,18
15092036753,12
15229798646,16
15071534207,14
15401336601,7
15542174232,10
14041901934,8
15933373364,16
14745556427,0
15635270876,16
16011186904,19
15777563065,16
15909452596,16
15675244450,10
15820736585,18
15414568753,18
14116153441,18
14837749606,18
15744875485,16
15717650225,0
15147158654,7
15925568912,0
15242904877,16
14391985868,15
15893150417,4
15854311824,15
15975405583,3
14906517669,16
15234946110,14
14210567930,2
14069219083,8
15907856510,10
15832482612,14
14164618602,14
14929706921,16
15724326568,7
14158064430,10
15818469787,16
14089788475,1
15242989146,12
16014905674,13
15999814547,17
15079523618,0
14420338148,7
15594794747,10
15802816070,16
15967997918,16
15805189304,4
14128243546,16
15921174380,14
15784738925,17
16009635575,15
15913487567,9
14317571853,0
15478041561,18
15649252012,6
14180588881,10
15803110670,19
15371520170,14
14492746852,2
15944260849,0
15939504579,16
15870774176,16
15609754381,14
15992379010,5
14409223795,14
15992370030,17
14882884924,12
15757670136,10
15546047879,8
15874518747,14
15527109425,7
15810907558,12
16026604066,8
14989121171,1
15905746189,13
15716397087,16
14354102942,2
14522811383,10
14124279502,14
13879752933,9
15830187960,10
15446580189,8
15731595078,4
15695446761,18
15843577729,18
15280471363,16
16023222558,10
14209761213,4
15327889328,1
16015230398,16
15600009139,8
15790846369,2
15596264905,14
15724420767,18
15767894001,0
14225769143,15
15380099825,12
15197040420,14
15964368038,15
15675249842,11
15829948888,13
15723994357,18
15134943142,18
14138413276,8
14154891462,0
16004099105,7
14241000730,19
16016553628,14
14203657042,14
15683402823,8
15370333095,10
16030282844,19
14491586253,13
14103508330,15
13820232391,16
14017431651,3
15948138706,14
15519351792,7
16003459508,16
14176422090,2
15484530878,19
15623533736,4
14194013343,16
15085912639,16
15828324199,10
15722186799,7
14168719130,16
15592660426,2
15876512445,10
14061839800,0
16012830393,19
15745799982,19
13786868525,7
15413353631,16
14526797716,19
13942714765,3
15596259483,7
15314611989,7
15655648313,14
15893105953,4
14031142447,11
14327275622,7
15376493405,12
16001337749,2
14208692907,10
16003575724,3
15663989461,14
14254408937,16
16004693512,2
13851104446,3
15593940701,16
15411677603,10
15734597787,1
14358451974,4
15950897921,3
14878456536,14
15877369410,18
15465667547,9
15695368682,0
14181251713,1
14206539143,10
14411228542,0
15892178913,12
14151679752,16
14349164706,9
15766353525,4
14576501911,6
15712408760,5
14282118742,14
15871663426,19
15574316844,15
13926010792,7
15669526561,10
16008782503,8
14665731719,15
15976973544,18
15256172423,10
15811693093,18
15836096675,4
15766569867,4
15900602973,19
14546050514,0
15817753974,14
15810985004,14
14217345215,3
14130403413,19
15824539096,16
15221010547,10
15716478272,15
15562619077,11
15642474765,18
16028390485,10
15936417386,7
15870056135,3
15231277322,16
14401051767,16
14191406589,10
15499161988,10
15940170649,18
14074938800,14
15063705772,16
15724665592,3
15772851285,16
12111125155,12
14898305461,3
15211449058,0
15322182035,3
15290494969,2
14151312682,8
14205512561,4
15679223825,19
14152615633,18
15242409220,0
15823744014,15
15621695900,19
14174428275,3
14605477329,6
14189896708,12
14147690324,7
14179554938,4
15838115927,18
15713330266,14
16004884539,15
14203081907,15
15577344647,18
15752485205,18
15552661213,1
14553388971,14
14624927973,1
14079772432,19
15790989304,16
15746213388,16
15427414611,8
15987424108,0
14226043072,1
15951519172,16
14215726104,14
15853569995,19
14393633215,6
14193226700,18
15787728681,4
16006872887,19
15935027822,16
15906478783,16
16030551345,18
15968829016,2
15401184441,16
15889819494,4
15638947604,4
15568619248,14
15529989348,0
15714561759,14
14136755628,9
15734019426,4
14221116774,12
14113441353,3
14208557504,10
15761498213,1
13783108751,16
14279596655,14
15800066446,19
15962968898,15
15152713982,18
14342804767,2
14485318378,1
14120325071,19
15785117075,3
14202329804,0
15088519415,14
15717414761,6
15750209297,4
14156161779,13
15428564158,16
14212899623,0
14174520981,2
14383350547,2
15085151615,11
14159325202,4
15493362171,7
15339795136,19
15628909252,7
14156066457,3
15789116492,0
14680308136,2
14212724637,16
14380262192,3
15276477682,9
15980438562,18
14727524779,14
15630410587,2
15901766481,4
14092287392,2
15061648153,8
15431342491,19
15923253941,4
15816977258,4
14211227379,16
15823309856,15
14166830854,7
15664648908,16
15831953578,9
14421802538,14
14345268501,1
13989117448,3
15941020978,5
15094208613,8
14454446874,0
14225079695,2
15812127642,13
15370726197,7
14731945827,2
15875110905,10
15937274808,14
14808042601,0
15607127031,16
15310644903,14
15617449124,2
14142391303,3
14160181205,0
14218235728,12
14203096842,16
14472311551,7
15673689067,0
14159821314,13
14966783821,19
15956515036,16
14136772118,7
16014016157,13
16002718195,13
14818390797,10
13847100439,16
14759815883,10
15789122904,14
14138879014,19
14010129832,0
14128697614,0
15828565416,14
16004177511,14
15993591941,7
16012332986,17
14141271443,4
15913512659,14
15787515787,10
14440577026,15
15938879307,16
15695931001,19
15983706310,13
14231712387,3
15637610280,16
15922034975,3
14088058554,9
15723116073,13
13755034853,10
14931374451,13
15874308858,16
15794768534,18
14233420142,4
15060051262,0
14403413758,3
15773572558,1
15732357087,14
15728566074,19
14470583143,16
16017057172,15
14392089656,3
15979599336,4
14990178707,14
15332551208,4
14116617441,14
15795277064,14
15799642301,7
14129230134,14
14795702335,14
16011964030,10
14391990987,9
16033178071,0
15634432865,4
16003969645,14
14063844296,7
15979651954,19
15759343727,11
15562798373,16
13955641105,19
15841523764,10
15633774528,0
15733630259,16
15448038764,13
15239080501,19
14365967343,4
15362844778,18
15985864207,14
15865554988,14
15537265064,0
14168735537,18
15541809191,14
15831237057,4
15361263630,6
14061559318,3
15951251311,14
15579573656,14
15974971492,7
14056700395,2
15826472120,16
15192823333,15
13949105674,14
15974631012,18
15999644744,1
15433444573,7
15573141632,4
14202134069,10
14192281964,14
15729672539,2
15623854764,16
15717609638,0
15106120421,14
15522309139,6
15794855092,15
14138119583,19
15529774572,0
14076449723,14
14035366017,13
16009500204,16
15696261506,18
15775951341,18
15903881420,14
15948583464,13
15883492242,14
14852125796,16
15701392471,10
15786520417,14
15930949438,13
15957630016,10
15679153315,18
14349400795,4
15422751044,1
15803574674,14
14209401210,14
16008411584,13
15923409605,19
13778791701,2
15314139545,4
15870635221,2
14181631876,0
13696843478,8
15731034794,10
15668710804,10
15938657518,19
14072111474,1
15800500788,19
16013355087,7
14188447272,18
15466033398,16
15986054189,14
15786435789,7
16012151657,14
14192980611,1
15933478528,15
15940607075,2
14202899536,14
15765708805,13
15446153921,16
15925962815,13
14215814638,18
15712543256,13
15801426709,19
15531566300,2
15903431636,3
14656996347,4
15382784560,14
15872948379,14
16013933415,14
13173392255,19
14115473479,8
15356643428,7
14437289230,0
14678060231,13
15268325022,0
15575638357,19
15799779458,0
15773979560,0
15736231411,14
15919197066,0
16004702513,15
14150634742,2
14017428284,14
15111849526,18
16000641564,13
14599726674,18
14043344418,7
15692119627,14
15742359654,14
13828956487,2
15465281358,14
15977555511,15
15902637463,15
15940904125,12
15725667265,3
15876628531,10
15729511756,10
14263129961,3
15749763803,7
14097872015,2
14542876299,7
16025078269,9
15989997764,3
15584629523,3
15925503212,14
14071776024,10
15580341229,0
15751691141,14
16026419914,7
15231014978,13
16014041400,8
15630112767,4
15669722630,14
15744501398,12
14361427059,3
14522388161,17
14339725227,0
15985856498,14
15776484764,19
15125276510,7
15502200433,2
14256385118,2
15305744285,16
14982224310,16
14926437467,14
14059910085,18
15789749273,7
15723829952,18
14168257603,4
15258260431,9
14175152879,7
13885934177,7
13863013147,17
15668965409,10
16021745604,13
15889742761,10
14091662050,18
14203950608,13
15936812771,16
14877025680,18
15791607321,14
15277503939,15
15858293208,16
15833558925,0
15611775821,9
15520876408,0
15591719503,10
16002702418,14
16031212059,18
14164720004,14
15171500797,12
14254733251,1
14418702423,14
15800912017,2
15870324317,10
15905517314,13
13955651030,2
15934960785,11
15645399209,19
14096364671,3
15800173351,4
14384690516,10
15616163302,18
16008323891,8
15980601242,13
14145038328,10
15849952693,1
15774431737,16
15172048340,19
15823972654,2
15821050988,0
15112807720,14
14195579878,16
14145568368,16
15906965306,10
15986565681,13
14126896832,14
15946156133,0
15984865753,15
15993555284,0
13775484998,9
15718852419,14
15999622222,12
14185240465,13
14494940498,2
15783039789,17
14905739342,9
15976921293,2
14393516929,3
16016593704,3
14171122200,0
14166442279,10
14072765449,7
14481614689,19
15836415044,16
14419822174,1
15636164120,3
14001071454,9
14128254281,14
15906283222,2
14341638555,19
15797971561,13
15894266372,10
15812133185,0
15892341978,3
14354668571,13
15771350408,12
15896515714,0
14403620371,19
14554963679,16
15923188188,2
15704695264,4
14164013396,1
15981581853,10
15908116680,8
15854269254,0
15810406523,0
15829394767,4
14475407334,10
15759658397,14
14196926167,3
15884504147,18
15521242858,14
15815256748,4
14143606676,8
14026481702,18
13889171040,16
14445172565,7
14987282278,8
15927650355,16
14271769316,19
15856521938,12
15743912550,8
16031497566,10
14469420909,16
15699021071,14
15363742549,13
15799259262,0
15766247862,2
16031048202,16
15688732729,12
15775690872,16
14731012133,2
15164834208,16
15332705689,14
16019852465,19
15751699981,5
15539532270,9
14960299248,13
14177964340,17
15365255216,19
15992812691,16
15959499945,3
15213140292,0
14095731334,4
14175307791,14
15722861530,15
14926808288,2
14247198197,2
15152673744,7
15798001020,11
15797769798,13
15758423287,16
15678995069,14
14202333648,16
15498184853,4
15610654126,16
15640714014,10
16003720165,19
15081668365,11
15386979945,4
14368346880,19
14179738401,4
14135935498,10
14408234152,16
16018070396,18
14154446814,10
15334069495,14
13848298874,7
14216762861,10
14073701725,16
15602341563,19
15874504817,16
14230646658,14
15082498015,18
15732797582,14
14035631266,18
14675021262,15
14872383490,7
14186189236,12
14148241014,15
14230997888,13
14138651963,1
14995961958,0
15923359185,16
14413499861,3
14165793048,13
15619503240,14
14952444081,18
14175277352,8
15348295988,15
14081250906,0
14459410081,8
14178936591,19
15384644087,18
15600534326,16
14175861255,14
15289416745,1
13993573677,0
15426036442,11
15405464313,7
15582000065,8
16018377017,19
15775906429,18
14422172288,14
15511611003,9
15224622878,4
13873268905,0
15867853780,14
16006888094,0
15925381724,19
15259916186,0
13831005177,8
15408041227,17
15697047891,6
15927786820,5
15379357389,2
13635383211,14
16013126507,15
14443562449,16
15401012928,8
14030380859,19
15742216360,14
15836009191,18
14489213190,13
15580396387,3
16002586779,19
14182712308,16
15919075648,10
13820731514,3
14271316345,16
14825223521,4
14143821113,10
15733990659,16
14067260613,8
14144575940,18
14133173896,3
15921123484,2
15888748861,8
15508203054,14
15203035540,14
15982555487,10
14732427137,3
15235792418,13
14424611530,1
13856131485,2
15598241193,16
15947606347,19
15837816822,13
14478736846,4
14161785183,16
15360154585,3
15098781342,10
15407817619,12
14193101741,18
15334046166,13
14341167594,13
15911363561,16
15925098510,2
16014835839,14
14868784093,15
15728588962,6
14363899814,2
15529010085,12
15840823041,0
15768191372,14
14203751143,16
15844748900,16
14191475098,19
15905943022,4
15993704258,4
15675544219,18
13976568635,7
15802593339,8
14190691551,0
14194875683,14
15973966009,18
15902362503,14
15909746266,16
14159312940,7
15986803075,13
15903611411,7
15222354566,13
14459409447,19
15296196147,9
14075107200,0
13861354114,18
14477756743,7
15800501659,13
15873273938,13
15537533272,14
14072347745,10
15038313470,1
15386980101,9
15342293167,19
15904645840,2
15784684048,17
15920959542,19
15861308712,7
14063168346,4
15666494221,0
15976543933,7
15735219955,18
15176133949,10
15736792976,15
15993691261,2
14467704303,15
14322946960,19
15157055875,14
14152703541,8
15784573363,8
14830541996,0
15548602446,19
15767629117,8
15705574336,2
14234698295,14
16017631350,16
15690336554,3
15741844740,0
15492497740,4
15564757948,2
14019878222,1
15823617831,2
15324636269,0
15187724188,13
15857080994,0
15798748362,14
15829265518,10
15967736960,16
15606309895,2
15765912501,9
15719325469,19
15622651400,2
13918452168,3
15896630606,10
14103668224,12
13907381578,4
15803703313,12
15700811834,2
15669571508,17
14729543270,16
16015674556,18
15911358693,15
14169555264,14
15603778607,14
15939825816,19
15824306489,14
15822617861,14
15472013823,14
14489697378,13
15821718832,14
16030398880,8
15840825746,12
14468060956,9
14470078684,11
15014019323,6
15097245466,14
15861324230,14
15413106938,14
15702342579,3
15359372182,12
15953664090,12
13839133463,7
14193005143,19
14189489582,19
13946550355,0
15983137503,13
15926160297,10
14920728901,19
14185879492,6
15357370162,10
15562230636,9
15815878742,14
15804977410,16
14024347751,16
15534604510,16
15730471221,14
14207901990,16
15838559356,14
15827625837,19
14063918822,16
15870667277,0
14944122462,4
13864697192,8
15838038677,14
14415090879,18
15580582865,16
15925379765,13
16026849896,10
15235115758,16
14379640901,12
14174936782,13
15811608490,0
14079768288,4
14212714169,0
15835111742,1
15884396929,19
14119334783,10
15815207675,0
15990689069,3
15981570527,0
15558557045,2
14131215472,12
15806392503,3
15922496850,14
15653342966,15
15884178660,14
15235051531,18
15985999205,16
16033113896,14
15996388621,1
15487218562,13
15745800266,19
15937920574,9
14235468695,18
15851046582,16
14125605383,10
15833720426,16
14909619714,9
15348039419,16
15332912502,4
14084148443,16
15391881804,7
15983001853,0
14780882018,4
14151668478,2
14359595233,16
15837791903,15
15877821168,2
15895971776,4
15805647324,0
14447750039,4
15184331636,0
15925723172,16
14214742588,1
15963334762,7
15976143079,3
16006025031,16
14635571108,10
14087580253,15
15441144946,18
14200115307,14
15798351498,7
14150653562,2
15699825208,19
14162513867,16
16012118071,13
15886879729,7
14420408784,6
15792752893,16
15291050595,14
15803168082,14
15736799360,12
15785060908,10
15265374275,17
15835859243,10
15726522204,16
14456613903,3
14145117127,18
14531614083,0
15260211828,7
15954419894,9
15098647937,5
15595663331,12
15933847840,8
14138642752,0
15672953120,4
16015374882,4
14380458817,4
15792286675,0
15228446248,16
14450076075,8
14229404664,12
13995481921,14
15898905847,15
15790650874,4
15512522920,8
15942738313,13
15788453181,4
14143967866,19
13871332980,10
15204912132,10
15362569704,6
14187746628,12
14122513457,18
15888197572,16
15090688469,12
14115685981,14
14121884378,16
14202598969,13
15987415094,16
14193365248,16
14115341508,10
14479736826,15
14479383111,4
15970756311,2
14199787381,19
15784683834,18
15786114937,15
15392861507,4
15669457606,9
15996364021,3
15789683402,10
14586761007,16
14074222751,16
14862946766,16
15755733384,3
15787422121,14
14144557039,1
15591275399,1
15943395514,2
15962577028,19
14209705764,4
15611728972,12
15363906659,19
15805575528,19
15910068164,2
14183710241,3
15901416702,18
15979255503,18
15770924285,16
15723709817,4
15976551560,17
15608934597,0
14155830856,14
14202321250,16
14009239386,10
14235868110,0
15714252641,8
16010195659,19
14393756212,12
14145947665,8
14028732397,2
15958259506,8
15797623799,6
15923330439,16
15843321086,18
16017710510,18
15826328525,0
15726327039,7
15814361826,16
14098398672,9
15800574668,0
15773150296,14
14086100605,14
14108008052,0
14454442737,18
15645282928,9
14175120132,14
15992229801,16
15998924746,1
16013834470,12
14214742605,2
15472914607,10
15913208213,16
15999627740,12
16010747047,4
15521032849,2
14099469181,7
15878191344,4
15279462804,18
15615227715,14
13805552393,0
15380071071,8
15853098957,16
15807620970,2
15141567600,16
15790990169,8
14493462091,10
15820597086,10
14210573747,13
15980498238,10
15908793772,19
15380849783,0
14375781482,9
14486729841,3
14025415060,18
15863438301,16
14054000604,12
14025464576,19
14344241507,18
15833104705,14
14213031962,2
14910054406,8
15825228519,16
14129801078,1
15847782613,0
15074956783,10
15115032968,0
15704489124,13
16003989926,14
14223425058,19
15980900802,16
14361874972,14
15592628369,7
13844111121,15
16001216090,10
14194331987,14
15634435946,3
15200811734,16
14266975354,13
15266124654,16
13839144005,14
15783036412,15
14437405812,13
15142110449,16
14275510290,3
15587173376,15
15317850470,16
14252608976,8
15918470064,13
15246517514,19
15490228365,13
15719286139,17
15685181757,18
14443810546,10
16011932407,2
14101455362,4
15851780487,14
15917794481,15
15730595384,17
15397237836,13
14380238970,3
15291104621,10
15789464008,6
15970270783,16
15822367420,18
15877803510,0
15748071872,19
15652937611,6
16013980390,4
15609344329,4
15959585771,8
15668125978,7
15673650084,14
15354216633,18
14422679163,3
14037659529,3
14128276992,19
14024525920,16
15832801579,9
15922640436,0
14261083722,10
15261749459,1
15815996633,19
15621047780,16
15910162407,0
14190084850,16
15916927244,13
15686493084,16
15543501763,14
15077365109,14
15595848218,10
15704134603,3
14493387263,9
15585203098,16
15088774485,7
16008629145,14
14188811178,3
15322949052,14
15982738208,10
15799924556,14
15518793977,12
15831976245,3
15844748888,16
14181408657,4
15764236664,8
15030495823,10
15886833796,9
15770241622,0
14183084667,16
14175473268,13
15761026410,13
14491291288,8
15739516807,18
15928391089,10
15361312751,18
14051243424,16
15380393637,19
15808360029,5
14193039068,16
15675710152,0
15818130510,7
14393653091,6
16024169674,10
16011255580,16
15827044418,16
15818518033,4
14137867298,14
14054312137,16
14074151563,10
15796016105,10
14375781238,0
15264255437,19
15562663172,18
15819607502,4
15537419360,10
15423043762,14
15989182193,3
15536459991,4
14175230026,19
15656819317,5
15899335969,10
15935335117,3
15107473367,3
15992666051,19
15195249372,14
15773213992,7
16000181098,19
15696070239,14
14082983572,7
15852500708,9
15173351222,16
15837399269,8
15369648029,14
14383836778,10
15539516265,16
15496598589,19
15978269880,16
14728307430,16
15245457532,0
16000996493,14
15608924261,0
15885466603,4
15390315235,19
15789803249,18
15544160030,13
15950314925,16
15714470438,14
14209706968,18
15993389034,9
15720166517,18
15303628498,10
15665147920,9
15337953364,18
14195847124,14
15787513051,16
13857960952,18
15743396547,18
14107136884,10
15885618234,15
15764026298,2
14157931141,4
15717940147,14
15963640392,0
16033163650,10
15763820080,8
15687934131,10
14323904997,6
15859162987,12
14149829111,15
15572749856,7
15832812294,14
15189325701,3
13940783659,18
15266593169,2
15990931593,3
15494091002,9
14462598133,3
15264981202,13
15790302084,4
14197754585,19
15718391699,18
15837301360,15
15814050088,17
15866143203,3
15758532882,0
15452179318,3
15711604819,8
15939415009,9
14669587175,17
14153576405,0
15693909064,7
15957976179,14
15246113349,19
15578816861,10
15744715224,14
16004685044,12
15828368668,18
14986190045,0
15566453119,1
15824758197,18
15451282024,12
14087833752,19
15766873823,10
15933567809,14
15433238700,16
15878806950,13
14463248551,13
14438984543,0
15924792888,10
16022917975,2
13906241768,0
15810122151,5
15132771581,13
15821740885,0
14692038722,10
15501202505,18
14432151091,13
15819246048,17
15968391845,16
14201597951,16
14040910633,10
15935108576,4
15030456064,12
15250409433,8
15744867256,15
15927604467,0
14054965095,0
15315974774,16
15831821189,15
15767637317,12
15848505187,18
15731721593,16
14377404950,8
14237322024,7
14073941114,12
15050637822,10
15725919857,16
15801771559,15
15875554784,16
15572339862,10
14155876464,0
16003172425,14
15844675718,4
15096350399,18
14737734503,2
15002745280,15
15781160515,15
14244445475,6
14257371758,14
15797527368,15
14985375472,0
15895437070,16
15617620740,15
14469212325,15
15907857518,15
15933816750,14
15811440603,0
14189393869,0
15676657396,19
14447625921,10
14450381871,10
14469389476,5
15987635668,9
14435337990,4
16011318160,10
13918389919,12
14190917612,0
15824361979,7
14471150088,0
15520996775,3
14354831199,13
16026074046,18
15927901964,17
14252033707,8
15780344461,14
15486973355,8
15798845789,14
14011128862,14
16021126709,16
15500994462,4
15563722937,0
14038183991,7
15345034655,14
13988385284,15
14025406534,2
15867694225,14
15835500004,10
14458126224,4
16022341381,2
15438203486,1
13816416752,18
14420095274,16
14164211216,4
15793407338,18
15861482155,14
14600614198,2
15444143571,16
14380807806,17
14162551461,15
15349473150,7
14873920808,19
15878429178,10
15291100749,1
14711046967,14
15902597389,16
15934644418,18
16011178532,14
15684737123,14
15529211480,9
14943866549,10
15788672467,3
15230978361,2
15895113398,16
15424471144,2
14824748394,12
15791749376,2
15994534246,0
15302618273,14
15605875833,13
15914484418,6
15577344657,4
15623867719,2
15249604359,14
15709362743,12
15685180856,3
15668600589,4
15792422690,13
15897547821,0
14741059509,15
15887247060,17
15592696100,19
14201405415,0
15391073802,0
15362863829,1
14262549743,3
15807757633,4
14623917994,16
14674399794,14
15773097898,16
14781645484,0
14228513241,14
15278077564,0
14381945298,2
14219732901,14
14437411798,4
15800761746,4
14494216165,0
15432383451,14
15665466897,19
14485291266,13
15668501042,18
16014901365,16
15848868577,2
15999660491,9
14128711703,16
15732358081,19
14366601438,5
14430980285,2
15523976465,3
14180714485,18
13965745801,19
16031082771,0
15733241992,10
15187032168,0
15944260894,10
15796342516,16
15759563527,18
15485739275,18
15677738543,10
15202575602,19
14206414347,0
15648972433,8
14108994511,1
15935435043,0
15862304051,14
14422619081,18
15837264818,14
15106078142,12
15774640417,10
15981507712,13
15773253708,0
15509770914,16
14418246149,12
13842256748,13
14468023572,0
14204752075,12
15316378592,18
15774038329,16
15247149296,3
15590681661,6
13940152823,18
16031040366,16
15340110223,14
15734021236,14
14174027414,3
14167403376,4
15774652671,18
14139887172,1
15800525455,10
14195369042,4
15379224082,10
14200750614,16
14030809437,14
14224166361,16
15552387904,0
14166499102,18
15996143872,10
14156834610,2
15879805454,0
14951425006,14
15776314196,13
15770311853,2
14100251438,2
15373734892,16
14223429802,12
14351694132,3
14178911357,18
13700905053,13
14288836813,15
15377831413,8
15835420509,19
15818657560,14
15824833900,14
15832236906,18
15530829301,4
15947126319,9
14064326071,17
15239702880,3
15256204004,16
14446533979,9
15343413136,19
16001389207,15
14076744961,13
14155690251,7
15160084137,10
14981982905,7
16009671343,17
15768606264,16
14105504369,7
14440939250,4
15921598589,10
14175941924,13
14535061745,19
15780439989,15
15358965463,12
15985973704,0
14245484272,14
14052433223,10
15941423535,10
15808959149,12
15684898756,2
15922743553,19
14444881426,15
15399495500,10
15766072404,19
15691852368,14
14148179489,8
15759473555,10
14521985448,15
15982758862,2
15876821096,9
14078188017,0
15936232347,10
15261785991,0
15691243425,12
14203648357,13
14437604441,16
15097206619,1
14384780600,19
15421370986,0
14148585651,8
15943647830,18
15737608433,19
14819823493,4
14262806637,18
15862476785,10
15405148795,16
14208927251,18
15917725619,10
15782399038,18
15508758681,8
15247191406,14
15664477270,18
15283944512,19
15994778854,0
15598099616,6
16009751387,16
15669268033,14
14173999346,19
15872798137,3
14129053953,7
15790125427,1
15937626860,10
15633738816,13
14491155736,1
15896487996,16
14514488840,9
15683590797,7
15355271454,13
15787111792,18
15917425716,14
15253503633,16
13841893124,7
14225594544,18
15756270705,16
15681830718,16
15220412098,3
15139568655,14
15997924204,18
15951201082,10
15835687415,8
15388214679,7
14137243119,14
15481085613,10
15987415308,16
14207699973,8
15357690452,10
15323649809,4
15701302322,13
15051140180,15
15860508845,15
14196000408,13
15711932469,12
15905625946,4
15982435613,18
15653782521,18
14212520664,3
15365090810,0
13950885034,8
14066837510,2
14736537561,0
15578096717,13
15305744491,14
15821310055,16
15754611589,9
14083565345,18
15794171077,5
14433591014,9
15991514281,19
15968983507,3
15932293647,4
14154789066,15
15796592925,9
13871550321,18
15936078348,18
15774431300,16
15264862833,19
15971851745,7
15935449087,7
16018438882,19
15072530870,1
15979296631,9
15523093738,8
14215495988,3
15159557572,19
15233933649,2
13873385639,10
14221673706,19
16001619253,3
15960707937,16
14329858907,18
15680643782,16
14809489304,16
15907910601,5
15975654221,7
15741852764,7
15705747523,15
13850733573,3
15728473469,16
15374472065,10
14433241855,12
15627899460,14
15885299613,3
14467373707,8
15981825981,18
13962429243,19
15366111423,9
14434623113,15
14130577761,9
15793129703,16
15565612013,19
15277355328,19
15763695232,11
13860180619,19
14938996887,8
14181820738,6
15825898506,16
15776285192,2
15901692001,7
15836270087,11
15586387314,8
16033442306,16
15927650109,16
15015042878,8
15931750479,14
14397273781,14
15734573382,10
15926880796,8
16030669881,19
15933826887,0
15778629968,9
13990081051,16
14225468849,18
15891063458,0
15980026812,14
14102021060,4
15953497090,9
15914514556,16
15878754276,0
14063927302,0
14247978735,14
16021222968,4
15649355415,14
15538465938,15
15696583402,18
15252585822,6
14414186495,16
14032810528,18
15363653373,16
15970938581,7
15050176582,18
15920667727,10
16011232637,19
14040349636,9
15787929755,1
15839965564,8
15621992403,4
15150493974,13
14979656165,3
15929226986,0
14271702736,14
15285115682,19
15819618174,8
14149316612,17
15988769723,0
14189928999,16
14945396292,18
15995504622,2
15392729655,3
15999728413,0
15836841983,17
15790185954,3
15999619376,14
15220329347,3
15982805636,16
16001318863,14
15262234778,3
13991384304,0
16013166826,1
15958415599,0
14473001720,11
14023895721,7
15998739323,19
15718593187,5
15703021897,5
15871125659,18
14204090962,4
15999433538,2
15521291853,4
14188563916,10
15996964490,12
13842473106,1
15029328119,8
16016862764,14
14945681311,14
15351388429,8
15585341994,18
14188579874,10
15812080210,4
15916392949,3
15643530141,12
15521276594,8
15392223844,16
15882105477,19
15888254216,9
15832141168,0
15511455547,19
15370109693,7
15704674771,3
15820276339,14
15773016925,8
14158622913,1
15267254020,10
14167051884,4
15966111003,7
14451608507,3
14128026602,10
15576809738,4
14344241439,17
15065243863,10
15888046894,10
15414747440,13
14937149689,0
15899889709,10
15630404263,3
14211621093,7
15799550439,16
16002909538,15
15810455842,16
14183455769,3
15803831504,3
15908229248,10
14426730040,6
15820778987,12
14126396513,2
15990841899,14
15821896416,16
15979247820,7
15630746674,1
14320898207,5
15793264280,18
16002441140,0
14219591810,15
14178886341,16
14260135243,8
15580287143,18
14081510517,18
15741852728,16
15681769873,19
14377170502,19
14440661510,6
15832421502,16
15723967170,16
15395563967,14
16027639826,14
15623306462,2
14315450015,4
14323919562,3
14084560070,8
14148774884,0
16025916786,0
14170920976,16
15805724604,1
15574407181,16
15943826047,16
14206303584,18
15851341347,14
15995771044,4
15448683504,18
14100751417,0
15588497205,19
14917940788,16
15307442730,18
15787512486,0
15725153705,7
14471193779,0
14743484567,13
15188076903,10
15831045925,16
14434660652,3
15983024998,12
15905873068,19
14863864716,14
16020474342,14
15994607008,8
14849969935,4
15827658886,1
15886812116,2
14031611267,7
16021047884,17
15130067044,14
14219571102,17
15717398712,10
14472423981,19
15971114048,2
15820390501,14
15250398723,10
15365232417,8
15829953899,15
15693295833,8
15246341999,19
15813158537,8
15925113924,16
15291330147,10
15060651042,18
15827983645,3
14138567342,18
16002156500,19
15983277788,2
14201945393,18
15920113648,14
15903436222,13
14165926359,10
15943603859,16
14273102687,3
14096491473,3
14464271681,15
14165035303,4
16007533376,2
15816499998,18
16030201966,13
15238390185,16
16016784173,3
14151296296,10
15769850176,18
14976996108,1
14079645513,19
15941837237,14
15977758744,16
14382937813,7
15982740402,18
15792519917,0
15314628433,2
14180457426,18
14898037478,0
14344241615,8
15726072072,14
14127729175,19
14223672186,16
14475704989,7
15610191915,7
15823410693,4
15331076609,0
15894355325,4
15874913662,16
14205279187,3
14478545393,17
15772756382,8
15184645009,5
14210374701,14
15297474869,9
15237777816,14
15353655348,14
15388664588,6
15764488220,13
15736201643,10
15887652763,8
15401455019,2
16013999614,14
15869279162,10
15839518481,12
15855731193,12
14153476665,16
15829913590,14
15789194246,2
15695174373,11
15849202446,10
15030495217,2
15772342923,18
14449418354,12
15246023334,14
15803204395,19
15833191467,12
15667339622,2
14199065262,19
15964437227,4
15743164278,16
15603018144,7
14459496846,15
14433368981,16
14946340994,14
15915749138,18
14148840499,7
15980372499,1
14467699883,2
15984673932,14
15964111832,1
15786510646,3
14685946480,4
15866900317,8
15819499847,10
15604446197,13
16007391242,8
14658591436,12
15935449224,18
15993417957,14
15690280464,19
14032607024,3
14152772475,5
15807175476,0
15376815001,1
14851113360,16
15867668855,14
15284229831,14
14003071258,14
15724342285,14
15728197452,0
14450155863,5
15783797132,16
15720069257,9
15958828316,18
15230745302,2
15827738503,8
14937988628,18
14172225306,7
16025940393,13
15837461080,3
15589857020,16
15936256867,10
15816358105,16
15944983666,0
14162922261,10
15770016195,13
14554532499,3
14735080126,14
15812788572,12
14492681448,19
15806037569,0
15938208321,5
14218414028,16
15830029840,10
15484568404,14
15230347529,3
14218302060,19
14188024842,12
14204637545,0
14485910896,3
15622918913,16
14212406112,16
15842410264,7
15949025521,10
15631195988,1
15803887083,18
15785157369,15
15608418042,2
14966783865,16
15445743655,8
14089387676,0
14141413065,2
14422634344,2
15720984014,15
14487103339,15
14192383984,16
15805230786,5
14820274983,10
14214091501,4
15508758448,2
14451813973,8
14217600912,18
14194920529,8
14472275204,8
15877133151,17
15652225550,3
15872646422,9
15187134481,7
15790087625,18
15340114952,8
15927528368,16
15773014238,16
15858955765,7
15690936076,4
15331057647,19
13960061314,16
16009394379,14
14193754532,9
15358966166,18
15856161761,0
15758119020,3
15606696370,14
13919462324,14
15802106657,10
15837980739,16
14128182160,19
15680716849,4
15898906318,1
14811083877,18
14222463828,12
15983188429,10
15912364972,1
15751440221,11
15992601108,19
15832633907,18
15492473778,0
15983579885,3
14446991668,3
15939163253,14
14393707699,1
15697211455,10
15450871090,14
14339725260,19
15990671700,2
15361226238,8
14844085364,4
15799088814,10
16012006182,7
15849343136,10
14368868011,12
14232549310,16
15774043808,11
15791663298,1
14258854662,0
15636984765,14
15681686357,14
15942729078,16
15388723293,18
14355485495,10
15589663816,15
15702944653,14
15808963293,2
15005098618,2
15088883509,3
14380232899,19
15895635251,0
15968081143,18
15108484425,14
15283012385,14
15511258846,10
15429337328,1
14707567427,18
14802325996,3
14171482806,18
15735678774,8
15962168081,14
14952429714,18
16024716659,18
15926891927,18
15803729527,4
15344106238,14
15766090003,14
15814717937,14
15835908139,14
15785017302,10
16002440575,18
16033299673,19
15993211186,14
15539514245,14
14254970529,18
15904922003,18
15725119358,10
15577516357,19
14168151124,10
16025558779,16
14123047240,7
15879458488,7
15729476825,4
15760075115,8
15246487359,10
15964458849,0
15938092387,18
15222876999,0
15985557387,3
15107336461,15
15498323813,2
14228576607,3
15899212999,3
14127745864,1
15361393456,4
15780959028,3
15538465532,2
14067143337,16
14202710170,4
15983054624,11
14478742479,17
15601273573,0
15873710091,16
15784379835,2
15425961787,2
15431404560,5
16027582601,16
14155640890,18
14846012771,16
15888647168,17
14103536638,14
15995078146,4
14178815691,1
14477989371,7
15945202574,16
14484353859,0
15106049540,10
14414221250,9
15661135980,19
15557593470,10
15944853458,18
14046219696,2
13984712359,3
14177603372,10
14043334976,13
16027244738,15
15544178146,19
14441274773,4
14056384061,16
14178650111,13
14126770093,14
16010514188,16
15265190218,9
15460850296,8
15945446306,8
15097244603,11
16009251939,11
16019741798,15
15880750810,16
15800740559,2
15876102684,13
14128147617,19
15694976000,15
15417484792,16
15730735765,8
15745637867,16
15851198191,14
15746468218,0
15685341774,16
15294763547,16
14467660924,2
14320703893,3
13908483233,3
14970180768,16
15911266317,13
14482529642,2
15999936192,3
15726272620,12
14079991425,15
14143266083,16
14231006992,15
14221981716,11
15523998065,8
15984962690,3
13887640330,13
15928895864,18
15940685421,17
14221903925,12
14182209388,14
14063927872,7
16033000717,18
14879982624,10
14289975945,7
15912502509,0
15034211453,4
15163871555,13
15986743382,1
14743327214,19
14139224304,18
15284357904,2
15257565157,9
15234681073,9
14412188268,7
14102308964,16
15734226765,16
14150651261,10
14472273075,11
14203327584,8
14250331687,13
14776268135,12
15996333788,1
14157678846,16
15513900737,14
15348140958,4
16004234581,9
15775062018,14
15876371369,18
14078499712,2
15709363216,16
15811463651,8
14925097990,19
15086121803,0
16006575607,18
14463594422,10
14166838408,14
15896920934,18
14051887218,14
15382695988,10
14071744004,16
14292112142,19
14142081683,7
15542981399,8
14491551361,16
15878722273,18
15595736497,15
15957049880,12
15540219411,3
15535286723,8
15764236547,4
15913602551,16
15980532722,16
14113251734,16
15596086458,14
16034694638,16
14179840046,10
15804954513,1
15577996287,14
15917062423,15
15691557548,16
15930041016,1
15346544028,14
14305408491,14
15999632700,0
15701383652,7
14137829282,6
16002534632,4
14948611007,18
14972728777,7
16028337808,18
15780709925,18
15516620623,9
15399050479,16
14220600382,12
14771329551,14
15244509497,18
15016702976,2
14468659708,1
16011075257,15
15970826928,4
15191881960,2
14202722799,19
15552515495,14
15919465618,9
14365344463,10
15886411920,4
14274479539,18
15952809611,0
15773952094,16
15573783409,10
15872293996,15
14126175579,16
15826008508,8
14210127322,4
15637147105,16
15827841024,0
15747620214,14
13868441876,14
15906430620,7
15730724098,12
14278330726,2
15922945768,7
14192919166,2
15939853134,0
15081614854,16
15232286500,4
16032280014,1
16007666540,17
15782713733,1
15684269882,0
14200900668,13
15779253041,13
14136301483,19
15882810167,16
15328663915,16
14208986594,18
14157108072,3
15894419556,15
16012953749,3
14039627197,0
14465933383,15
15932928384,10
15769596213,10
14190169715,19
15843250128,18
15481634130,0
15433445583,12
15788831188,10
16026550835,18
14041108698,4
14228304270,14
14358292556,3
14288110601,19
15922474612,13
15958626141,14
15747745516,2
15824443426,17
14208701745,0
16025869789,14
15660535530,2
15884327397,19
14493592350,18
15315277914,2
15478779551,4
16009081398,4
14904593145,0
14750645247,0
15885700017,8
15980392004,14
15971476343,2
16001845782,7
15424471278,14
14421861203,10
15671746797,16
14265901856,0
15829113564,10
15748295640,8
16028733830,0
14035559564,10
13846963936,18
14210057416,4
14093428294,14
15977672961,6
15435780327,3
15981465018,15
14297915079,18
15296566638,18
15737060752,4
15671809930,0
15555844060,4
16032227549,14
15381993053,10
14037716117,14
15603198392,11
15231279203,14
14182089439,18
14234149597,16
14376753041,16
14390746403,19
15533144712,1
14842926167,3
15328930446,10
15788793863,13
14538596011,1
14440341676,9
15944851770,7
15983024731,13
14338250413,19
14231012695,19
15722698421,15
14135236948,13
14199542066,4
15772541706,3
15357884028,18
16011737800,14
15177170504,3
14050465025,2
15985574532,18
15015075346,2
14122565962,17
16032599881,7
15246577554,13
14914161253,9
15948767570,10
15514562932,12
14061639640,9
14951573950,3
15735517364,13
15971044525,13
15320490110,13
15927578189,8
14350011926,16
15883492553,18
15058095401,12
14445683275,16
15857757200,0
15845079058,4
15720036016,15
15898342315,19
13886671388,4
14178471357,10
14151380973,10
15891507426,14
15793252912,14
14229297554,8
14491155907,2
15790338773,1
15186715900,7
15259895119,13
16012950130,0
14460242282,7
14421992405,4
15932756477,16
15293910374,4
15430983826,18
15557604048,16
15571886370,5
14196133573,7
15740559812,10
15904759211,18
15151525427,7
14193232013,16
14848880032,4
14320897099,15
15891447513,19
13888620658,18
15132357855,3
14351805624,14
14483702076,4
14150643405,13
15030081313,3
16033225221,1
15825636272,12
15982822922,7
14157138655,14
15787496991,0
14112715824,15
15748042662,14
15640480481,14
14870978773,16
15952045992,14
15928763136,13
13758516918,10
14072195809,14
15752256098,15
14380288326,4
15952079986,3
16002786875,13
14090103732,14
15925815402,16
16011451422,19
15986102862,12
14212696809,18
15851278176,0
15655839153,0
14871917593,4
14178653289,0
15448651481,1
15808195826,4
15710551298,0
14221223813,12
15912978884,3
16014041282,12
15894062399,12
15651807587,19
14166318565,16
13940866708,15
14895548537,15
14225652866,0
15721348001,8
14913462382,13
14706821010,18
15848185407,7
15110673956,12
15361994028,10
14180070314,8
15428928705,7
15687644340,9
14011586741,14
15511649399,10
15422767438,16
15975905496,3
15871842686,4
15842308361,15
14464444760,0
15413747056,4
15987831502,14
14551423065,12
14642506860,14
15629874880,14
14243782118,12
15941341442,17
15776319059,3
15606535550,10
15962978964,4
15211362396,10
15665293307,11
14165453411,14
14219339906,3
15389258043,14
14404577894,5
14201319672,9
15804151883,2
15800942911,5
14039588661,12
15261850740,15
15727161622,14
15784732867,7
15711899471,14
15799101634,14
15551639515,0
16003619260,0
15822834202,19
15800294343,9
15806857017,16
14567179268,14
14029765805,9
14216660408,18
15674395215,19
15845455858,14
15235771276,12
15868231371,14
15991004975,18
14017019399,14
14204647293,16
14746344954,16
16012353283,14
16000119320,14
15570469291,18
15824385805,0
15782947090,6
14179664570,16
15983973597,14
15767690631,13
15295570238,14
15605534281,18
15994230891,10
15967139971,4
15848150425,0
14144363090,13
14991311667,14
14197957742,13
15767221565,4
15610595483,16
15492497187,18
14975216468,13
14818242399,10
15763626237,8
15844751123,2
14787628152,18
15730416795,7
15803519384,7
15934991036,5
15017499170,15
15808460318,8
15882822082,7
15595594632,10
14893690489,19
15851348715,13
16005477070,19
15813017301,2
15962979038,18
15908532035,10
15191753194,12
15717492006,1
15607284140,16
14151968898,10
15509140649,13
15283428088,1
14103670218,0
15018746236,0
15398881340,14
14142021741,16
15718203414,18
15534686180,15
15708852762,12
15809628158,4
15157713550,2
15883339431,8
14153406872,7
15034210623,18
14320043056,12
15942571865,10
15309846771,16
14355250223,8
14145180773,14
14105485155,16
14172264541,18
15836962074,14
15669139987,11
15857940421,16
15782226854,1
14265466237,14
15872288585,19
15729598114,4
15235106664,16
15628834757,0
15730628386,0
15783287488,2
15220866109,12
14137230781,15
15537831887,4
14385832919,12
15987998150,4
14174528217,3
14412129866,12
15299604689,16
15839488256,1
14224763437,16
14188968371,3
15764870846,9
14752604078,14
15395044678,18
15841383631,9
15613019646,4
14179579423,18
16006162735,16
15831490345,0
15130276117,12
14403625955,19
15976147859,19
14473359443,13
15537103124,13
14131064101,18
15673310873,10
15670729063,19
14193655928,0
15920124047,17
14143911336,14
15675660335,0
15869163844,10
15996320491,19
15708969529,14
14367990095,13
15249823214,0
14402657717,1
15947070484,16
15888145912,8
15348295953,8
15255104942,3
14956669276,8
14360155124,13
16012624151,2
14078551303,2
14493387493,9
15267296990,0
15432500310,14
14887638265,14
15813757518,16
14255363564,15
15989074846,8
15749554617,14
15980417525,17
14130403333,19
15755796331,2
14473003054,4
14226099614,7
15744098888,8
15483854952,16
14215762968,14
15790886391,19
15852761489,4
14075630147,14
15272054215,15
13830446679,7
15718454319,9
15532165421,14
15675115847,14
15733327695,13
15788812574,16
15588915748,16
14944405647,10
15331057772,16
15262474217,2
15561637440,7
15980278470,4
14061551496,0
15716688126,14
15258741246,12
15325560923,14
14784656164,7
15714880116,16
15282313686,13
15721025577,12
14481215117,14
15998513444,16
14932166090,0
15663131614,14
15696726724,8
15838455270,7
15338102602,7
14146911246,18
14422848129,1
14980463418,18
15246235226,6
15740218287,0
14114288937,13
15190690180,15
15174293116,14
15829171302,14
14144747737,16
14156360649,15
14166623282,10
15496464998,16
15290430385,7
14975156620,3
15887180263,18
15529872488,18
15554494298,3
14474948004,2
15364484325,9
14107623172,1
14081526552,13
15653590429,16
15729470596,9
13755514356,18
15862199268,12
14490131178,0
14170620542,18
16029899401,10
15458912076,4
16013340598,0
15384659216,18
15834324436,3
15893006842,18
15303863271,4
14069913678,0
15913577281,1
15562838226,9
15992306349,18
15189908436,13
15446580639,16
13832091022,5
15997914558,2
14539736858,18
15995195261,19
13914244161,19
15752001962,16
13882194470,18
15925360169,14
15128823302,9
14687617635,4
15220113490,6
15990020787,16
13963511031,1
15821771488,0
15784149156,10
14426835881,13
15257565179,12
14484458979,4
15600389541,3
15859108832,16
15573658150,12
15712426386,7
15307177958,16
14490595816,14
15221675493,8
15403468692,1
15957045299,0
15760369629,16
15555055641,7
16003072122,15
15082162535,0
14181456042,16
15940806761,16
15656315819,18
15929399956,0
15756779876,16
15773052558,14
15864614508,14
15894163224,16
15668823930,10
15604638055,0
14493800694,12
15407538199,6
16030622900,14
15404407878,8
15729148641,18
15331090478,0
16035239630,12
15619940292,13
15574363221,12
14166802731,19
15914396979,19
14227671302,8
14230761989,0
15893545709,4
15722351876,16
15908821847,16
15768802007,16
15552387255,18
15735592444,0
15378120726,13
14958173310,18
15977079066,7
15871260663,1
16011423931,16
15125656669,2
15835364114,0
14866868512,14
15992048438,18
14228427452,12
14297836289,7
16028475102,10
15281981331,18
15743130695,16
16018184410,19
15887469938,9
15325881998,12
15959640286,15
15891096806,14
15624052246,18
15178016038,13
15732886360,14
15897666930,18
15746498157,14
15600031480,16
14134955688,1
14556876920,18
14466763583,19
15739919749,10
15342512349,2
14223399893,16
15822384659,7
14425054757,13
15841814395,15
15830180447,18
16017904854,7
15334906230,4
15483953587,13
15822826951,9
14380746295,10
14482511852,6
14371203480,9
14124625198,19
15995859466,0
15609040473,14
15221541392,18
15846709346,0
14366687481,0
14100521526,16
14691771622,13
14158204618,16
15834550407,16
15766086858,19
14159330029,0
14164668397,18
15573770829,7
14442884332,3
15303261056,1
15889101036,0
15092295014,3
15995283755,2
15785427653,10
14115503613,18
15550474705,10
14938961980,14
15768390283,18
14394678330,8
15083899854,18
14002143124,9
15935554554,16
15744704055,11
15719500791,3
14093330526,0
15934008645,1
14999733018,9
15947160252,10
15085172440,9
15844541532,18
15982275258,18
14597247381,10
14189732517,12
15623281747,2
15978286200,0
14076332638,3
15769540408,4
15600983691,1
16002381910,16
15899171591,14
15453772538,9
14155417474,7
15995347728,3
15834258741,8
15762435590,18
15976252075,0
15797167272,8
15177196268,14
14792383668,13
14143782408,1
15764072730,8
15611520510,10
14445151133,18
15720331987,15
15987920004,19
14825974437,16
15670985752,10
14693299881,14
14419846016,8
15594694975,6
15394597560,7
15927628055,15
15867036768,14
15925533891,17
15724031640,7
15803847003,16
15908957751,14
15825528972,18
14480691827,18
15174295009,8
15943766345,8
14147542464,14
13989009844,18
14440602700,18
15531362108,18
15937594820,8
14916799160,12
15900596333,4
15860502866,16
15999629437,1
15995859745,3
15244680099,18
14188928587,4
15409230852,18
15354872231,19
15731730124,0
14244904392,7
15724488609,7
15794502884,13
15793351793,15
15785466333,4
15745702977,13
15931200773,10
15401122020,4
15890771560,8
14230516778,7
14470643185,14
15836234944,4
15631324699,10
14161694791,0
15355229747,4
15820394938,16
15715535668,19
14248346689,9
15771955927,16
15461717337,3
15764755208,14
15979285345,14
15915416209,14
14358418114,3
14993076839,0
14237465969,14
13935295694,2
15789872561,4
14846798749,12
15682536862,2
14765034849,8
14373957976,19
14470084109,1
14190447286,11
15146932116,14
14984582030,16
15572824304,13
15238718812,7
15949571524,2
14975595253,18
14136238402,3
15784016231,16
15978138753,19
15801545476,3
15970127884,9
15812134023,14
14230220224,7
15931749927,13
15712598908,9
15609695626,0
14420145997,15
14618587172,16
15232926947,16
15614881546,6
15909925500,19
14797034239,19
15844627117,16
15277079903,13
16027559554,19
15936337984,16
14270768056,16
15247387719,16
14195802666,8
15940779966,8
13998662347,18
15793889752,16
15955501480,14
14050013041,10
15875867944,3
15995782299,4
15785460043,10
14184940635,7
15616164855,1
13904167366,14
15814233747,15
15790666592,10
15037428503,8
15752707931,14
14115290850,3
13858017167,3
14102668151,13
14166151586,16
14750860115,19
15296340059,15
15273229201,13
14136308173,18
15903022474,18
15912507827,4
14435396264,16
15931755978,2
14248009167,10
14186406320,3
14166790594,7
15776031544,3
15819576092,12
15880249945,4
15764529644,0
15893362550,1
14157237504,16
14469212044,10
15425760149,10
15977474603,15
15908037480,1
15870466010,4
15332892702,15
15541595646,16
15839016091,19
15704714810,0
15746430024,13
14215578822,18
14752196246,19
15948773797,18
14702235606,18
15204020064,16
14428103396,16
15638947587,10
15979735916,18
15387918818,4
15273107965,4
15871260637,2
15284535663,10
16013319918,4
15407703125,14
13877763991,0
14249979318,16
14444393358,1
14140194026,15
15643770146,11
15963808443,7
15348093904,16
15137913706,12
15991454278,16
15594931934,7
15350229512,9
14530428520,15
14418245972,17
15751698308,14
15619389006,18
15482689604,16
15943513221,14
15551839231,13
15089393745,12
15776291932,18
15614383539,2
15692149560,16
16012218011,2
14450354653,10
15996424438,15
16017058468,0
15359478630,3
15384236514,18
15775833561,13
15786115356,3
15063278655,16
15898217409,12
15545015182,14
15995346734,2
14964838118,12
14251535394,13
15832156485,7
15624985402,14
15990761626,14
15728431855,2
15790417283,18
14237234303,10
15981661902,13
15910118518,19
15452940894,5
15933958075,16
15765528527,9
14364809533,2
15704308310,8
14348027964,2
15920943411,13
13757027374,19
15917507060,19
14478707497,8
16031913591,18
15869387009,19
15782207574,8
14406065950,10
14124672837,10
15943046411,14
14376731691,12
14153966557,16
14420074558,3
14124845373,1
15826827084,8
16000648534,14
15942158497,17
14237956885,18
14437283835,12
15620158241,14
15773183349,0
15715702814,8
15806022074,0
16016057663,16
14146995504,4
14470347700,6
16012073390,5
15965436219,10
14981408108,2
15293350961,10
14951346996,2
15888055466,9
14450876274,10
14262461378,19
15669587383,19
15795610851,5
14921347646,16
15378666485,7
15171173436,10
15789126856,16
15431587605,19
15721005168,3
15635812855,15
14096261336,14
14473215320,9
15497380222,0
15001287939,16
16018520094,14
15812277901,8
15803716658,5
15817466738,10
15015536360,8
15924103098,7
15736027765,3
15995202032,10
15966978033,10
15191100810,10
14475549529,1
15660504972,18
15541594455,14
15971210730,15
15995195291,7
14096064524,18
14341729807,19
15606590234,16
14465167322,8
15976947533,16
14364908028,4
16026420619,10
15986320317,14
15990274077,14
15788116845,7
15015336997,19
15697455675,9
15814319779,10
14231770221,3
14137135454,16
15214809160,16
15981285413,18
14725510519,18
14721979007,12
14130453208,2
15640323687,19
15985574483,5
15850938001,16
15983076436,15
14614732280,15
16027459409,13
14151050997,19
14157108054,10
15333602238,16
15883692431,18
15791571443,14
14937988679,18
15269112837,14
15893609627,14
14188018002,15
15936384896,9
15738725390,1
14252033097,15
14460245233,18
15877509160,9
14150489674,16
15987615919,12
14265076129,3
15777930565,16
15951569672,2
15771113658,10
14875643097,16
14481721352,15
14148890809,12
15399002231,18
14475427009,10
15927375849,16
13861660432,3
14256382668,12
15725932304,14
16027328879,7
14228824777,16
15426490932,16
15872883055,0
15819607923,10
14489294462,13
15740149040,3
15400579461,14
15792638876,9
15630541995,6
15387607405,14
15289537878,11
15549118057,15
14331686154,12
15781999317,0
14188539751,15
15999660622,4
14861772042,12
15789286225,14
15877375827,3
15630069661,3
15785335276,2
15570984243,18
15865303779,16
15801485160,19
15472612498,10
15940480716,14
15979589545,19
14169081281,4
15726348155,14
15685753921,7
15439708241,14
15589670048,18
15954783668,2
15553622986,3
15264151341,14
14447917101,15
15109925073,14
14011063328,4
15906934850,3
14064746697,0
14400200789,2
13978113595,18
14150146930,1
15751700468,16
15586908280,14
15833165117,0
14194380363,14
14394525174,3
14473256198,13
14393789447,9
15992306394,10
14348035369,7
13957329764,2
15472486632,16
15684424867,1
15724329018,19
15279464756,3
14106852851,14
15781919229,9
14417427601,14
15620326158,0
15813925494,16
14100851447,10
15232079915,14
15440678968,16
16028391232,4
16003338659,2
14838894814,19
15909066684,16
15885303093,3
14222509487,3
15979704449,14
14418950985,16
15251059938,10
15824037376,2
14422710258,3
15334902232,4
15542255084,4
14491574292,3
14224795907,16
14364809789,6
14221949307,9
15923260034,18
15847063550,0
15776923733,3
14106655338,18
15922333427,13
14199417865,10
14148805114,3
15444887389,18
15772078235,10
15333249814,7
15526152883,10
15979991355,12
15557530592,3
16017621281,14
14244179824,0
15973839346,14
15944275872,1
15843344520,7
15986217525,16
16034060241,2
15837398728,0
15902466160,16
15713563467,3
16011922214,0
15408699410,14
13837700183,9
14421573522,19
15711976599,18
15955910980,18
16000095508,0
15737611236,4
15316127702,14
15802644397,17
15602519283,4
14162079098,3
15674388765,12
15789050579,9
13978017511,13
15907845764,14
15615222647,14
16000196236,4
15227813876,14
14146647597,16
14394626287,4
15796222688,14
15590286846,14
14369387910,16
15622746717,7
15425314984,0
14151516396,18
15906013705,10
15534604501,16
15851492927,14
15682650895,16
15662279712,14
16018911948,2
14150593124,0
14493117812,13
15009500013,0
15391719629,18
14815391662,16
15995589572,4
14040062778,1
14205322341,10
15882201054,2
16012355643,15
15766835074,18
14114584297,13
15780043410,2
14138549472,15
15238387172,14
14405230190,12
15514680531,16
15883183982,0
15697191616,16
14203746405,19
15934297144,13
14915377628,16
15887545129,6
15426182270,14
15814691863,18
15552473496,14
15858876871,7
14189709936,0
15081717722,13
15674895232,0
16002090554,18
15947140890,7
15786250892,0
15822491179,17
15849012010,14
14422801517,15
14949380007,0
14151387001,3
15620237970,16
15888362179,3
15675660328,19
16024499818,15
15714240758,18
14199228607,18
14817899536,16
14947350799,14
15335944666,1
15642811157,14
15424429732,19
15519379472,13
14105463960,18
14224795912,16
15987322598,10
15935648428,1
15727368215,16
13787969466,16
15889069377,14
14155972823,2
14375781299,12
15392861709,2
15619495792,15
15738765537,10
14205159824,16
15419344399,15
14467694534,3
16012377279,19
14073975704,0
15361358561,2
15776943414,4
15765684971,12
14179592465,3
13871312665,11
16034948200,18
16032860859,19
14073910803,7
14120461929,0
15393781976,10
14351234451,4
15347489378,10
13985540959,4
14709159710,4
15841956856,13
15983310502,13
14441731592,2
14463349175,3
15989811101,10
16010748181,18
15509055144,1
15178983670,9
15744503894,10
15621275088,9
15007427353,6
14375611705,12
13985274345,15
16027512402,16
15611460759,7
15945605665,10
14224489250,7
15993043503,0
14872622122,7
16016985492,14
14359708763,3
15379157416,18
15827207686,2
15718204523,4
15714225087,19
14549129245,0
14975595364,10
14657561283,0
14109712044,2
15804269000,5
15976658404,13
15541695697,2
14255074867,4
14875592887,19
15778474498,2
15134450296,0
15957413749,4
15786376154,0
15976727193,10
14194349772,2
15259915392,13
16013147845,1
15589470646,15
14122513749,9
15922426392,14
15987997977,4
15298709866,4
14078512990,14
15952052630,1
15843093741,7
15840533100,3
15595909760,14
14553384022,10
15343192171,15
15739969493,0
15833279526,19
16032152987,8
16030886171,15
14483628570,14
15791732890,13
14125634364,4
15445403863,15
15998675967,16
15925071518,19
14484102444,14
15256191896,3
13850548587,16
15401390454,10
14325889345,15
15474968130,4
15927674582,15
15445448057,16
15942575186,2
15977041447,7
14217759071,12
15981665511,16
16027896339,14
15512706065,3
15806540869,3
13753802588,0
14479648913,19
15948399377,12
15734138089,15
15854393841,13
15720033143,3
14473246682,10
15800546333,18
14738761178,18
16006042226,16
15935441546,10
14260657470,0
14067209145,10
15368039884,10
14283445383,19
15754576276,10
15925380546,10
15620158558,3
15861856454,16
15895388452,14
15983703501,19
15778631610,15
15293911827,9
14181204491,4
15609891777,14
14137307223,16
15828900707,7
15585291197,10
15819293387,4
15112410259,4
15757978813,18
15982794540,14
14004308712,10
14247799705,18
14210680799,18
15729683297,18
15810644585,17
15172048335,8
15540879245,19
14230418795,2
15927645038,14
15923232332,12
15726921883,10
14950105000,13
15331485062,13
15769571819,16
14418911541,4
15553398764,10
15711669265,7
15368372189,13
15879718558,16
15743063854,12
15583577905,15
15432217858,0
15088161401,0
14711313763,9
15372825624,4
15881979325,16
15769850183,18
15658892981,2
15940490979,16
14116617408,19
15180385334,18
14014185838,16
14124682722,18
15085314354,18
15993759684,2
15105750779,19
14762888592,10
13831005175,1
15909933570,0
14790274619,15
15849595205,18
14186221766,16
15703879974,0
15696729662,19
15115345497,10
15927498658,13
13853257568,18
14451817854,19
15691361729,18
14168049474,4
15957589795,3
15902895672,19
15703864100,2
15791691631,0
14180814798,10
15999756626,12
16011930071,18
15698412053,3
14894624275,14
15593714115,14
14101932705,2
14162136591,10
14161907953,5
15739610697,4
16010016421,0
15253892146,14
15314092017,0
15775939270,2
14485648816,16
15829801745,14
14154091050,14
14706895130,12
15440712561,2
15658264620,4
15447219587,16
15504832560,2
15914511592,16
15618632156,7
15677604522,9
15256590328,6
13909994789,18
14031104266,0
14160375549,19
15768599097,16
15832364753,2
14160182999,14
15832415141,3
15237777761,3
15592567152,18
14246329444,13
13940893080,3
15920618649,2
14609776224,14
15897654083,2
14344241469,17
15892193213,16
16008345094,0
15274316614,13
15855577056,15
15417414504,15
15996134713,7
15769757655,7
15988073788,14
15875523004,18
14402657848,13
13784255334,9
15189915796,4
15240151343,14
14447132289,2
15922426813,7
15979236117,8
15965105041,14
15568544955,6
15506016379,13
14179442360,3
15719115490,19
16002819560,14
15831382212,13
13935022380,0
15980407283,12
15672842273,7
15594824673,15
14397173712,6
15321142529,9
14464977416,17
15499525792,8
15928896079,3
14118295475,18
14403626617,15
14205324776,10
14666269623,3
15533144289,4
15845617524,14
14726183914,19
14186868000,14
15890868661,9
14789021993,14
15579291214,0
15903518784,0
15993022854,6
15898735809,14
14488286235,16
15865530239,3
15791433371,3
15346805246,15
15623055990,13
15981407160,0
16032847399,13
14196341629,18
15772350257,13
15955301748,14
15924800249,14
15761590824,18
14262461412,0
15822835160,16
15404132636,10
15823732759,3
15904216041,0
15225538573,14
14273447840,7
15370269652,10
15549167891,3
15994764110,15
14440108380,4
15890808762,19
14605005170,16
15316490540,19
14115514039,16
14180070644,7
14209307540,3
14085025323,10
15730493089,14
15627453457,7
14158592058,13
16024484118,14
15828114131,19
14122173751,13
14534393527,19
14183794706,10
15998221211,0
15385267385,3
15838545481,4
13874708694,14
14665944073,8
15819359287,13
15574363762,12
15958189309,13
14406234065,15
15762323791,5
15715530900,2
15449089114,13
15927628908,16
14479383061,0
14135007899,9
13848876654,18
15243633438,18
14234481286,19
15875843796,7
15784971372,15
14048914290,12
15792965733,14
15729612723,14
15830574392,14
14151590760,0
15403046788,3
15829288917,9
15685756225,0
15346952888,4
14191393815,13
14548831948,1
16004529287,18
14168151118,4
15606883773,19
15911183011,14
15926365793,12
15905838536,0
14082873845,4
15697132274,0
15927789014,4
15243513961,0
15591642163,13
15546892773,19
15768312868,9
14571034629,14
15620938057,15
15837990014,4
14200495786,3
15851047554,0
15727069022,15
16010819128,16
15712259744,15
15922076679,12
15945689709,16
15940792513,9
15978136416,12
16002669218,10
14354668528,9
14373993195,15
14181502384,10
15583240283,3
14094330455,2
14231603730,15
15274759313,12
15672080059,16
14059750455,16
15940956536,2
15425699474,10
15189339343,13
15927609228,2
15157650080,4
15746167281,0
15775620233,4
15988766639,0
15838545171,15
15719509648,7
14728419591,14
15876512437,8
15991151265,13
14152130040,16
14137557305,18
16033237566,13
15469697754,7
14160242392,3
15998745895,2
15843112454,18
15142107707,13
14476958981,14
16018083886,2
15617047625,0
14033286124,14
13839219854,16
14103282649,16
15911029735,8
15770830317,3
14718993981,18
13973222446,3
14480053801,2
15894415513,16
15720996377,0
15938371865,14
15813099036,7
15159021998,18
15616171656,18
15265686609,18
14416687793,2
15866010750,16
15676066887,16
14374924020,5
15632116012,8
14424661768,15
15832107619,3
15775959554,18
15957264261,18
15783265215,0
14223412574,16
15682710810,2
15794903250,7
13853369980,16
15964608687,18
15909933208,4
15969034628,14
15833422297,7
14188286276,10
15759853246,8
14394971398,0
14273463852,15
15955718160,0
16009178625,16
14442134701,9
15832432258,10
15817484330,4
15308181383,7
14945811015,8
15559187302,5
15334901185,1
15833369447,4
15395876010,4
15764240174,4
15908443252,10
15979256132,4
15806543781,9
14735748592,14
14066649311,18
15834741242,10
14209464646,18
14711313761,4
15584944027,16
15511485658,16
14038683979,18
15530990101,4
15713731273,19
15785743483,16
14344843766,6
15795302433,2
15484564989,18
15253282702,10
15906502843,18
15735994707,14
15815185163,10
14890855205,3
15407599225,2
14153934417,19
15884327484,10
15938683231,12
15779255317,2
15269972222,3
15441323685,14
15727309099,19
14986684145,15
14434700385,10
15073762903,12
14466763662,8
15610586553,16
15984866114,16
15742187795,16
15816968443,14
16007759997,14
15361244699,16
14416658029,8
15485230916,0
15911671698,10
14104661332,15
15717026388,18
14864228512,2
15895713248,14
15333602259,16
15966394779,8
14933144198,8
14975985052,4
15349528441,9
14234892666,5
14231648606,10
15947594458,5
15934851571,8
15945222425,9
15234825685,1
14355201631,12
14016102430,13
14471301223,16
15853123276,18
15701089831,14
15095528497,6
15812080205,10
14405258803,13
14171122180,3
15036247688,16
14194476301,14
15719177018,2
13975786100,18
15356753277,2
15246307369,2
15784756880,2
14177415856,3
13843454547,16
15628703392,0
15178433770,2
15903190240,13
15570167752,2
15572913152,11
15908523413,14
15000001271,18
14886894752,1
15704356244,9
15725918393,18
14186972927,19
15997867980,19
15236864269,16
15608938227,19
14150052833,13
16033433929,10
15958355135,4
15857824582,2
14868567237,8
15691852372,19
15591033873,14
15910460647,14
15943497181,10
14215873772,8
14091668788,3
14142180160,14
14140707697,3
15591122490,14
15718169464,10
15844563282,8
15146147481,10
15988435054,0
15521323696,18
16002414995,0
15932118437,16
15828244096,10
15812546825,0
15883749973,8
15321256195,16
15909923271,0
14845066020,18
14485065360,14
15495086180,16
14470073573,4
14035365950,13
15935111745,2
14106719302,14
15853427791,0
15933478751,16
15893769870,7
15895827667,0
14170630720,15
15925202666,16
15356643434,10
15394812286,10
14198558031,10
14255128390,14
14840884728,10
14491379182,8
14472887589,16
14442823979,9
15846253450,4
14139725871,13
14206539145,3
15099591723,7
15370729035,14
15880415991,7
14237369519,7
15801117676,7
13813259963,10
15486260906,8
15785008448,2
15693193757,0
14910053380,4
15098652191,0
15511767392,18
15753387327,18
15586188956,13
15737868449,18
15312865049,19
16027317327,14
14981035975,2
14168999441,13
15809568372,18
14410319046,0
15892335214,18
15999638922,3
15938849697,10
15851156859,14
15321511284,14
15935317142,18
15831992216,1
15981664287,19
15999727270,11
14163817923,14
14796403541,14
14225770138,15
15259092937,13
14752200163,0
15759843932,7
15834323705,10
15766716323,0
14188564132,8
15438310987,14
16027407355,9
15060215560,18
14158557334,16
14813363942,14
14111693850,2
15594181158,5
15949640286,7
15751688295,17
15518996856,8
15823628279,14
14319405449,15
15806563430,2
15769825673,12
15819691647,17
14349138095,3
15916514780,6
15904518482,14
15915694898,8
15940122185,14
14216938190,7
14392464485,2
15152384690,19
15569184825,9
15871448720,7
15884417645,2
14483673775,9
14438474805,14
15720500294,1
16002494778,9
14489774570,8
14176089617,2
15822733697,0
15944011735,13
13986873869,19
14493210095,13
15717798724,4
15806090323,4
14489903684,12
14979698860,4
15504905541,14
15793448126,7
15831766035,14
14203854273,10
15432085609,19
15626736263,18
14480698856,17
15409495346,0
14217231675,7
15796275346,8
14411919597,14
15811021766,10
15780121993,0
14780882361,4
14269347235,10
14561090332,4
15548677946,7
15976456861,18
15763555775,10
15895351734,18
14369382128,14
14367740289,13
15756722921,16
14705016947,5
15036813822,7
14143748412,3
14255523138,0
15696717832,9
15744690833,11
15956179709,5
14195120135,18
15967647195,2
15578613475,9
15807511527,5
15000278927,16
15851666508,14
15891383286,18
13782963925,13
15891809896,14
15400199070,2
16002719953,0
16009761342,14
15786499742,2
15421557191,9
15784737074,2
15919426628,3
15714421676,2
16016685963,8
14165144193,14
15560983504,11
15766614764,0
15934293871,14
14912994434,18
15529966632,7
15357658723,4
14024304914,13
15821895325,16
15793005682,0
15704134571,3
14159791122,2
15982435771,16
14260653481,2
15417228289,13
15787496252,2
14182271621,4
15564787736,1
15782351687,7
14659161977,13
15680947699,2
14128470630,7
15694355947,18
15344975102,18
15920115041,0
16021753532,10
15888653511,3
15751151050,11
16018530784,8
15871403616,13
15685823618,7
14201529154,19
15735454878,18
13949999764,2
14207994121,2
15573391132,3
15716460358,7
14058305710,0
14112532315,4
15187134551,0
15983002333,16
16032805909,8
15515936828,16
16025325989,16
14462636251,4
14079028493,12
15806172981,2
15712172267,18
15923131190,10
16002133853,1
14979749912,10
15409673268,12
14479770585,13
15351955360,8
15345791082,3
15668703872,0
15391324368,16
16017120513,9
14643400490,2
14604009414,10
15815091022,5
14320543718,4
15910162577,13
15990365133,0
14950422643,13
16030416054,7
15807852814,2
15891884253,18
15831810010,15
15624804973,4
14194270462,2
14206541051,7
15780958935,15
13830956460,0
15752628446,16
14263508384,14
16014109978,10
15969134740,8
15999656180,0
15833561274,14
14181807975,15
15944099902,19
13782852465,3
15157713589,19
15754053665,10
15998214843,4
15731034495,18
15765710236,16
15825109079,12
15734009418,12
14142080972,0
14193106253,4
15977092712,1
14066662437,4
14330395629,14
15608226654,19
14220465006,0
14358772078,16
15813349919,14
14206796552,15
14170004465,8
15892889650,10
14210164580,16
15911745845,15
15333318708,18
14942005414,19
15836712012,16
15801285808,11
15789873570,18
15908101889,12
14172581940,19
15872335200,7
15511824116,16
15877902363,7
15999663439,10
15550842018,0
14420288424,2
14166483379,7
16008227383,2
15698804570,9
15700272866,1
13860822969,7
15082260941,14
14475396080,0
15643588008,17
15098944545,19
15817408559,11
16029941200,16
15754296465,0
14163195425,4
14403244397,13
15764694337,15
14152589034,4
15267901271,3
14240978614,13
15310211855,14
15811987747,14
16007949863,18
15994479389,16
15669437024,15
14354731674,16
14137655333,0
15780057386,0
15304030048,13
15944575138,18
15496609174,19
15802717708,2
15855899368,13
15712385479,14
15809904547,0
14062531283,8
14451795889,15
15907257367,0
14491381800,12
15860901290,14
15112410307,16
15602054394,18
14218854820,1
15259211020,13
15695655488,3
15222352080,17
14206037709,16
15148933556,13
14066324007,4
15575708223,9
15267253973,14
15969230716,0
15931739002,16
15979472637,8
14447271585,17
14228759814,10
15977018833,0
15619981338,19
14178447068,18
14742537361,2
15700178226,8
15751717474,19
15797918425,1
15925502667,16
15939747950,9
14069025480,10
15270943792,16
15826672511,0
15696564867,7
15333282233,2
16019981113,13
14772643683,10
14789003922,14
15875350179,14
14187383893,8
14450075881,4
15730621802,18
14446178226,16
15136684276,16
14119848308,14
14394489223,18
15971520308,14
15432263427,1
15995369401,8
15986161967,19
14201328456,12
16027506926,6
14199551181,4
15696519589,18
15665119854,14
15406430316,15
14202120342,5
14223053612,12
14447860557,16
14150505030,18
15758490850,12
15924361150,16
14261708351,10
15263255459,7
15981254031,9
16018410853,1
15793518418,2
14823859062,4
14149698631,2
15175415727,4
15443180405,14
14994525663,0
14189322576,3
15727515856,18
15876048362,3
15667543561,13
14478025971,4
14470650624,15
15723826929,10
14192959596,8
15928367558,2
15079102507,5
14481620514,4
15759965813,16
15752746770,2
15448052360,10
15990009691,10
15901753121,14
14246803214,16
15784272023,5
15705389133,14
15657578699,2
14201799311,4
15951966743,3
15806462810,13
14394559252,0
16023785187,19
15991323480,8
13788688782,0
15317850572,16
15983267723,10
14469515130,10
15449089215,16
14137328290,18
14231829166,9
15179843062,10
15609108959,0
15925679898,18
16015121598,7
15992232970,11
15728427321,16
15937738145,15
14143962857,18
15541634612,16
15929467504,14
16002564796,14
15934514982,18
14103353850,2
15538419566,10
15490775598,15
15871689409,7
15301417047,10
14936224983,0
15875793179,18
14184208403,3
14098474330,16
15831044567,14
13821375273,0
14107011232,13
15711101376,10
14185131328,13
15356135477,13
15876100542,10
14168456521,10
16014122458,0
15858596359,0
15675406715,10
15237873454,3
14319402850,19
15888203772,10
15931604285,14
14479144011,7
15634268966,2
15999692809,3
15499029931,19
14176216591,14
15446593254,14
16005212295,16
15263006481,16
14893949474,10
15583600370,2
15802270405,3
15733261408,10
15685347876,18
15707319575,7
14903894774,7
15236855060,15
15732641634,16
16031734039,15
15092031291,18
14584709389,12
15472863684,16
14004414534,18
15974149110,14
16034315881,2
13793984230,4
15980430164,2
15733545160,10
15805479831,16
15257736335,19
15734006952,13
15905375391,15
14417260036,4
15871602344,0
14195033255,16
14567186837,2
15942544992,14
14487007590,16
15955483884,18
15923286242,16
14183073314,18
15768351869,7
15892509546,16
15730115887,17
14462649634,13
15237984106,13
14227578282,6
15631278906,12
14152165570,14
15893613565,8
15810385189,4
15922993499,7
15818470778,8
15552438663,3
15780998370,18
15361522023,4
15820106058,10
15891006938,10
13998585515,13
16030004848,0
15264297596,16
15728490469,3
15309524294,0
15817259470,10
15946691214,10
15957893618,16
14200169451,3
15751698052,16
15933933728,18
15822734074,16
15786435779,2
15088520595,14
15878164193,14
15840388741,0
14480397886,18
15891603809,7
14141885788,8
15974614107,10
14173536407,18
15806432535,19
14086104416,14
14661901121,4
14910374529,0
15999903087,15
14435958839,12
15671690154,14
15821449216,10
16016661279,16
16014420774,15
15477612683,14
14490014547,2
15414292155,16
15943509894,10
15740218818,13
16008302952,10
15774042344,19
14490035203,10
15819163536,7
15983579803,16
15993434028,15
15977316105,10
15703077540,18
14153314809,18
15789736013,19
14191127705,7
14101957030,14
14704953205,18
15869570963,2
15578406130,5
13913594379,0
13925132530,16
14323123500,7
14440660326,2
15854220418,18
15362309443,19
13883740207,19
14235948070,0
15394113509,2
14233745518,0
14606058772,17
14108086234,15
14197941004,10
15704279697,14
14130988031,19
14122283507,3
15778369243,0
14475954883,3
14444996069,4
15819411234,10
14197671161,0
15395548818,2
15485470861,18
15246041651,14
14204299044,0
15801874257,7
15953311664,1
15485471295,12
15777637004,8
14159825697,0
15738968469,4
15956179876,16
15926604094,6
13989627619,7
14175482074,10
14123628798,14
15576492996,19
15888988590,14
15713199420,19
14152918056,14
14113906281,18
14900493796,13
15697465172,19
14133173606,8
15430911011,8
15956891447,3
14191407085,4
14396138331,4
15245051116,19
15817832254,0
15784561287,0
15534680364,14
15808368107,18
15581598578,0
15767637217,18
14764718723,15
14979698917,10
15747872509,3
14294435031,4
15792832423,19
15786384269,0
14187620948,0
15891786412,8
15132279795,16
14701741710,19
14159834790,10
15456488978,3
15832156588,4
15247400275,3
15764240148,19
15408683866,10
15806540673,3
15940906539,16
14189465212,9
15996648050,4
15948153406,15
14739174090,18
15951101149,0
15494090666,4
13774949136,0
15219850647,14
15317529186,10
14219710609,1
15659603266,7
15981234170,4
13929689269,0
15999872652,9
14073726265,8
14278508797,13
15915785556,14
15143325502,0
15891410154,18
15768934900,14
15538487693,16
15803178800,3
15232662065,2
14469298754,13
15831380605,14
16000498544,16
16000095815,10
15760127386,18
15429216262,16
15784579120,3
14267017325,2
16004875615,0
16002853864,16
14216455939,0
14478779128,12
16003617801,1
15388773422,18
15700029865,14
15088519800,14
15729883811,1
16016774224,19
15984353020,0
15703054769,0
14690807564,15
15520332924,18
15799753769,19
15401358868,2
16015365992,16
15460876566,19
15613428151,3
14165028117,2
15511883293,19
15429337302,0
14026147479,4
14192983617,14
15888317583,16
15496472886,16
15996446082,14
15799143352,2
14972998478,0
14488592093,10
15772485316,10
16002482656,16
15851606205,16
14168382892,16
15887734405,14
15995979758,15
15314150706,18
15029331541,13
14423525547,17
15837490245,0
15994171464,14
14484281127,12
15719148510,2
15811626014,13
15565973178,5
15907893362,0
14263672447,2
15989596392,9
14191197011,15
14315449858,2
14142260222,4
15608602952,11
15957692056,18
14212770751,2
14719430304,7
14168452792,2
14481446274,18
15907309461,0
14418898427,3
15910976504,4
15908504263,13
15561812217,3
15752425421,14
16006029239,16
16011349153,16
16017067288,16
15737731167,16
14400618089,14
15798512531,10
15717601528,0
15992719845,10
15611151850,14
15234506073,6
14466458590,16
15998168686,18
14453784109,15
15621712238,2
14101927448,14
16018363731,18
15935157811,3
15952049358,14
15781482950,12
15912172668,7
15190045391,14
15608931981,14
14074050217,3
15619322191,10
15991516425,19
15637725398,16
15906482475,18
15833559208,4
15331652601,10
15699563299,3
15825543898,17
15734073455,3
15101088199,11
14003823243,10
15929742403,10
14183565781,4
14155697052,0
14779898384,8
14209845866,2
15806020452,0
16023033142,2
15981655352,16
13825490227,16
15975058058,13
14193788120,18
15989075677,19
15948000220,3
15755651069,15
15265901757,14
15874835923,19
15947439745,13
15736808347,16
15681690345,16
14817488407,4
14942747422,4
14158766426,7
15515581998,14
15953981158,14
15407598960,10
15317134572,16
15891133445,14
15715807615,17
15721736707,16
15798969517,16
15984811147,16
15978045451,13
14338954999,16
15996385585,14
14451795520,16
14594642721,10
14107107019,13
15692356719,0
15915814751,18
15685090551,10
14050285862,2
15231143902,0
14187278180,2
15793447908,7
14490116644,7
15876711818,14
14356594325,14
15731448948,3
16016034423,16
14916095964,17
14330393083,3
15016316948,18
14133919595,4
14185724959,13
14738297649,7
14096769167,16
14051736846,0
14184563542,18
15908451737,0
15671921961,10
15804110260,0
15948005141,18
15858743579,11
15705919776,14
15892898884,16
15575180124,10
14485601646,14
14414205106,9
15639651600,9
13974537468,4
15707050527,16
15814853433,18
15758520882,16
15745381563,18
16026850513,3
14212972505,16
14012962328,7
14154256137,1
15065428896,10
15788792235,0
14190771489,14
15986054777,14
15895329012,3
15989050493,8
14131327327,3
15822545119,4
15646768226,4
15784230025,0
14448874091,13
15478222783,13
15731496055,14
14135960548,1
15245661733,17
15440465176,17
14420594203,4
14839319660,10
15858779820,0
16030229262,16
15954652968,2
15842150280,0
15854396510,10
16000937911,1
15301799615,7
16007537891,18
15395633096,14
15790850712,0
14206824821,14
15490945220,4
15434787771,11
15566031789,10
15303863595,18
15342562440,19
14073701473,10
15659145125,12
15684425935,14
16006156815,8
14360163142,12
15951766060,1
15712245489,18
15621667270,2
15438637430,8
14218682660,0
13975786030,8
15173652777,0
15542987528,15
14058397550,2
15958163770,0
15400659404,10
15316887354,8
14491879694,18
16035136733,13
15930525578,18
15615338997,10
15962792444,7
14130853946,7
14220270759,2
14062970373,12
13944890790,18
15266819543,19
15832311372,14
14128876695,8
14422641152,8
15313208357,16
16034056940,8
15198760675,16
14093940502,16
15724340828,10
15956540211,1
15835859332,14
14138101893,3
15707540689,16
15933280617,0
13985124759,13
16004295690,14
14214064036,6
15537923160,10
15725611476,10
14470468927,8
15908811129,16
15410002560,9
16001367017,16
14249222850,19
14069484831,9
14380089862,8
14485674304,3
16007759983,9
13908071751,0
14322676109,19
15364484231,10
15977063723,10
14146926542,7
15433649116,14
15943816196,3
15878494627,14
14671287952,16
15695699595,16
15939913292,7
15706322207,8
14245628219,16
15088063326,0
15337916133,7
15741624417,2
14366608098,15
15787302801,0
15913413892,10
15813351929,0
15988650603,1
15614057891,16
15085218222,3
15445381210,15
15716754848,15
15932116453,0
14342681649,19
14489004049,19
15504907896,16
14860600187,4
15263941698,3
15286768846,7
15765443935,8
15721002087,16
13807376122,19
15663212902,11
15998012776,2
15993011777,13
14074489239,16
15357840621,16
14355634682,0
14027218809,16
14234328004,15
15768259441,0
15823153525,14
15967290256,7
14490091764,12
15909921923,0
15568102156,19
14366590866,19
13975499376,7
15848166818,4
14150634373,16
15627594351,2
14753024680,16
15992907599,7
15665392046,7
15939918610,7
14439298642,0
14194784332,0
15801793195,3
14800607360,16
14479249790,19
15827453440,16
15946648998,1
14175941897,17
15751463958,10
15534250375,15
13830428660,2
15570179261,13
15702964476,19
15945381626,2
14481931032,14
16027626156,15
15704410905,18
14219057424,18
15245051300,7
15997320436,17
16008972785,3
16009093638,12
15492563907,16
14183035897,16
15727872949,5
14795696708,18
14233320070,13
15420808428,14
15883776130,14
13884904579,16
15236081318,16
14446156761,19
14219661825,1
15804812981,14
15979452368,19
14381002559,12
14230332267,0
15753555742,9
14307248829,15
15980995416,8
14239761430,0
14171290691,3
15937426654,8
14951347695,8
15388166632,18
15518511577,7
15970881807,14
14154852888,14
15935648354,14
14867157942,16
15810637281,1
15668570511,14
15694804221,14
15369004649,5
15318095175,19
15298147678,5
14613700146,11
16011799331,12
15609062369,9
14210285377,14
15438478316,18
14177174978,16
16010804782,0
16000642672,16
15556011528,18
15962972739,4
15391011481,17
15741388789,19
14151730052,14
15393553592,18
15235821614,2
14371761320,10
13980235829,14
15936035467,12
14030968002,16
14472209536,2
15614052046,18
14440794401,1
14146882979,6
14364337290,18
14227559785,16
15876578407,16
15642025036,19
14980464926,18
15260092439,1
13614821797,16
15141068279,18
15805737941,16
15976455492,3
15968784834,15
15538612298,4
14817247358,2
15575746193,14
15979428750,19
15907973455,8
15069023717,3
14443810450,7
15551639423,17
14151765356,18
15233013459,16
15577509564,18
15975919551,7
15808090745,18
15866096603,14
15421631595,14
15925723217,16
15980411273,16
15954776963,9
13729977406,4
15401000949,12
14413357512,19
14359723665,10
16002384789,10
14819538777,13
15734875056,3
15957266562,13
14439186491,8
14961400027,2
15594125172,14
15526073898,10
15992306356,0
14492745905,12
15656330008,19
15220855895,10
14574687970,8
15730748744,0
15458307382,10
15223603666,14
15643334564,2
15790400941,19
14846840204,16
15988834020,18
14365344265,10
15949789571,18
15619478844,8
15833737936,3
15737609414,4
15984006079,8
15937746568,16
13871332676,3
14014193025,2
14189911264,2
15870846589,12
15782340091,6
15712738576,15
15399769635,2
15852437159,15
15696908885,14
15617213240,14
15212635349,3
14189404252,18
14086039508,4
15978459453,16
15730901996,16
15978276017,10
14789042523,13
16013668425,10
15773979101,0
14104427048,12
15261615810,18
13912480388,16
14192517885,15
15206631347,1
15994858411,18
14869141106,1
15897084923,15
15527371587,18
15739424882,4
15388648437,8
15842273784,15
15905943081,4
15771799855,18
15620074761,0
15776800496,14
16035267116,16
15949026022,10
15797734241,5
16023879023,10
15793452002,3
15926476223,7
15876354881,16
14031696724,7
15478625553,7
15444146006,4
15445546534,15
14285946608,12
15949911100,14
15468195786,0
14474550160,12
15825793795,7
15870832288,4
15767845506,3
15351100456,11
15786650902,18
15247666662,14
15835088360,10
15445403861,2
15593431275,2
16015833379,9
15815220993,4
15752717005,16
15936258792,0
15043513239,16
16018168612,19
14405321519,18
15821896871,16
14216938307,1
14472211843,10
15983856038,6
15799140967,5
15993228524,13
14183657677,4
13382111419,7
14406165328,15
15914966271,14
15109906668,0
15775872453,18
15825487105,16
15808359421,18
14236065167,8
15258093973,10
15875666672,16
15822130302,1
16000290205,8
14433011459,4
15363540294,17
15415041404,8
15766715901,10
15532103838,19
14351580092,4
15611945568,10
15575708323,0
14471611689,14
14250548897,14
14093511475,14
14420335048,19
14896668061,3
14463386024,5
15732354266,4
15791819514,10
14147573925,18
15988470175,19
15432368505,7
15995824664,0
14026047845,18
15833977616,18
14439171650,3
15290865799,4
15179772837,1
15650244225,3
15666998349,8
15319976921,7
15927695120,8
14002829293,18
14326710548,4
15619668412,16
14164719686,3
14210572788,19
14234470353,3
16015088481,16
15702020895,18
15887546958,14
15194071882,16
15810406390,7
15889773829,5
15908500479,17
14951060934,18
15681956188,16
15665466853,18
15507365498,19
14200034142,16
14875696291,10
15428688670,18
15641881768,18
15542355288,10
14435321964,10
15036228229,10
14377451045,15
14213786148,10
15764737882,16
15594552754,1
15382665634,15
14174072125,14
15611351567,13
14162817698,15
15986113989,14
15936211410,13
13831090296,3
15993898250,18
15639938367,19
15873812897,8
15725568414,16
15652506102,16
15465667320,1
14484693363,4
14895900888,16
16011541345,9
14359588543,19
13839228409,0
16026127873,9
15738083985,12
15841005654,16
15949202331,15
14139194540,2
14661556026,1
15391109221,12
15909899825,9
15702462063,16
15715807710,3
15631794192,16
15991108961,4
14210078686,14
15843142504,0
15492535041,19
16004293848,14
14112083041,14
15360533284,1
14132217952,7
15589314473,0
14200598220,12
14203105315,18
15361521941,6
14433806470,10
16011543900,14
15447854662,8
15771821595,16
15223946731,14
14127410313,9
15843926232,13
15993579658,19
14414651769,19
15927632600,1
15790135745,8
14225133783,10
15954646220,1
14159335605,18
15684411008,8
15172650731,2
15954143987,0
15785005807,19
15925367674,0
15979297686,7
15607017290,14
15881372301,15
15716688249,15
15646240711,11
15622698131,18
15921600888,13
15600826940,13
15879260286,10
15819421645,2
15547058450,13
15926644011,15
15809395926,13
15970379366,16
15766193272,16
15343711514,14
15753148262,4
15448750679,19
15234685955,0
15177161853,10
14177178088,18
14491501837,0
15951486623,13
15713509630,15
14745538690,2
15889435092,12
15950370102,7
15676385159,4
15737030038,10
16003018298,10
14178540357,14
15734022364,2
15588527008,10
15811511238,16
14014966476,18
15232390841,9
16002859113,16
15797959319,16
15741388173,0
15683095906,14
14033771496,14
15635460149,0
15872142077,18
15774199296,3
15083558911,8
14458671703,7
15851621211,18
15717156974,12
15786113232,0
14770545611,9
15793245425,18
14422729970,19
15930561146,17
14490030391,16
15712694945,8
15672420367,14
14229762757,14
15817873590,3
14177044718,3
15130405879,7
14486127387,7
14133988047,0
14130966189,0
15498515758,16
15974713182,14
14173696338,14
14177346284,2
13931074161,13
15319149452,18
15650874610,6
13782963915,13
14467292221,12
15684084009,9
15993682276,12
14448473654,15
15968099542,0
14659161937,13
15811668124,2
15710302706,7
15826006045,3
15605906489,9
15627844472,15
15980827433,3
15738714694,13
15602977035,9
15247677698,19
15891817974,14
15907996189,18
14136772115,12
15911154305,12
14191251023,0
14438971250,10
14128499040,16
14488934033,16
14219392581,3
15964530685,10
14126997695,16
14189811489,0
15640927703,14
13997110932,3
16009452130,18
15911071595,14
13924801573,16
14199004864,7
15979215009,1
15769924715,12
15728654016,9
15445616014,3
15980247381,13
14134264277,19
15795140687,7
15935348632,14
15924913308,1
15733997593,1
15534272578,14
15304688340,12
15467989026,10
15896618040,14
14199416587,19
14035583468,4
15872422040,17
15431624542,16
15889058518,12
15637163245,1
14217591669,16
14797043295,8
15893746258,0
15547400900,17
15238178908,18
14490127233,4
15083899644,10
16009839047,18
14166055475,10
15895395181,3
14384039389,3
15358324443,19
16002562914,7
15996665651,1
14203148095,14
15580300180,4
15220173226,14
15940607077,0
15791481213,14
14538596174,7
15958166061,12
15906966541,13
15066465508,18
14069412797,9
14412242571,4
15958480829,4
15784636721,14
13953223204,7
14397142684,0
15737867945,13
14156876972,12
14222458174,18
14874638285,13
14134103314,11
15877489762,9
14351715320,3
15520580765,1
15991007302,15
13751912188,16
15775015379,10
14087043675,0
14101927653,8
15849944682,3
15813927642,16
14198973829,19
15370536021,15
15497380284,3
15571194399,11
15945647924,4
16018438054,19
15487027866,3
14135325029,19
14470850426,3
14164668410,3
16000334968,13
15797209922,1
14483724267,14
15621466949,13
15325291175,16
15772485179,10
14233768973,0
14385187147,10
15954816022,0
14705545011,6
15838148543,8
15548081281,15
15192283604,2
15632901888,0
15642466118,14
15887294038,16
15159022021,3
15665948507,19
15736507578,14
14094920836,16
14236181057,3
14728308763,15
14149209841,16
15688873723,13
15959931381,2
15738686972,18
15909626834,9
16001534272,0
15950817645,17
14354668444,7
14166585134,15
14602335051,19
14258852420,15
15985727726,14
15876616558,18
15791762215,19
15917710614,14
15819009354,13
14193364952,15
15926788724,6
15534609927,10
15922386188,4
15772341541,0
15833384137,7
14236285639,0
14163020716,2
16011789246,7
15445001563,18
15837994274,7
14475639931,1
14428739212,0
15687704953,16
15802084363,14
15923979681,8
15817711911,14
14176589869,18
15984945769,10
14039386931,16
15920712997,16
15426522189,16
14199471337,7
15983766056,3
14483929102,17
15925574057,10
15576012788,16
14440669700,4
15780524126,15
15794320423,16
14371196515,16
15415586647,13
15812476089,0
14963414734,2
14132169476,0
14419772278,18
15264255429,18
15793674876,18
15940432714,18
15743039655,16
15702945337,13
15848910391,0
14435881518,7
15177102357,19
15302595476,10
14450156190,0
15714277740,13
14186623814,12
15696144181,18
16028464427,14
14196532308,16
15247155559,18
15766869131,0
15981886126,14
15299973015,7
15867654645,0
15761742644,15
15080458879,19
15626637610,14
14073853644,14
15894405247,15
15397202720,10
15980587782,7
15560654321,0
15922183879,16
15860299233,10
15634774574,2
13940587495,19
14048623296,2
15837479873,10
15960195274,16
15900440993,16
14185131060,16
16007931916,15
15840841753,18
15922372239,17
14979201666,10
14141835009,11
14655997336,2
15230064676,15
15314844442,16
15929161761,16
15056341372,3
15802132234,10
15666610093,4
14941452580,9
15734015082,10
15204934090,18
16001784715,14
15769359147,14
15975866539,7
15750554033,8
15863437879,14
14030958205,14
14489708536,0
15832421790,9
15695339895,14
14472224959,5
15231177111,14
15879301138,14
16006175071,0
15799089043,14
14200908884,13
14156478019,18
14156686067,3
15835432143,10
14232374499,4
15877894189,10
15955686632,6
14162649468,14
15717798807,4
14009048930,14
15984848754,16
15909535908,3
16014556288,7
15966801224,16
14195896481,18
15748145381,4
15158421399,14
15614089855,7
14670491185,3
14492157489,15
15636675564,14
14416324744,17
15953664423,13
15913238860,18
15532112600,16
16017075757,10
15868838825,15
15870817855,19
15721337491,16
14173536550,7
14166882504,4
15656847542,14
14473310198,2
15948626186,7
14842530467,18
15059320106,8
15933880735,8
15331315466,5
14969652324,12
16008559724,8
14484110302,16
14256645351,16
14489213845,9
14541612792,10
14355656288,19
15865528353,8
15624984994,14
15111241644,14
15591028346,12
15432159101,0
15828040598,2
15919690360,7
14567277132,19
12813722366,19
16002558752,16
15817214089,16
15620803514,10
15398406474,16
15806726681,12
14066758630,7
14369092139,12
15659681091,7
14010384545,15
15171174059,10
15310549796,3
15951569686,18
15975654448,0
14210574197,5
14450358223,6
15987950234,18
15919282343,14
15918295995,16
15347384263,10
15701864194,13
14954172464,2
15805724766,5
15996250842,2
15694094543,15
14129109601,18
15328324034,14
15589491545,8
15870088964,14
15940958592,9
14805273005,0
13914064750,10
15775951439,13
14040693486,4
15849970291,10
15834513537,16
14844253274,13
15394114619,8
14571065752,18
14458582841,4
15846034597,0
14254938948,2
15133546628,8
14210680703,1
15238386178,14
15884483129,2
15789013900,10
16003000222,1
15296497131,10
14344843668,6
16006977829,16
14237862849,19
15800812950,18
15799511724,7
14201942812,0
14166243199,18
15618555928,14
15827856311,1
15705870650,9
15321826610,4
15619610395,14
13974335527,15
15620030011,16
15250383338,8
15742537016,14
14170057709,18
14887662513,10
15983862380,9
14066165432,14
14154330982,0
15828205038,7
15715468059,2
14208549778,4
15927788558,18
15803760792,16
15085229508,0
15812218911,13
15963536469,18
15563286640,3
15388079332,1
14198991497,18
15932912795,14
14349961538,16
15927917685,9
14799910445,0
15802274930,14
15605649182,3
15685420511,0
13710505981,1
15891833872,14
14841321124,16
15818708768,18
14826676382,18
15992050555,9
15488040864,7
15808649973,3
15756096577,4
15875573909,3
15768501036,14
14470342627,4
15630652720,18
14025414893,18
14333207432,4
15949107916,11
15797772807,16
15946703541,8
15990518014,9
15853677994,4
15555780087,14
14771847148,18
14837010447,16
14226225091,10
15813946711,18
15493130757,18
15982545396,7
15701776100,14
13889184255,0
13949710350,16
14198585050,10
14450390954,3
14062950816,18
14145222972,9
15387748698,8
15667096463,1
16025070772,14
15631248500,2
15273659236,12
14462172437,19
14852479962,12
15479631866,0
14222352238,2
15771997333,14
14074031494,14
14225165677,18
15668549356,15
15876063333,17
14823311290,16
15798428604,2
15669723177,16
14095146569,14
15998283453,4
14101870142,16
15591608817,16
15611728564,14
14129817701,18
14144575774,9
15810134246,15
15990062980,18
15803450220,16
15715569868,16
15696123850,14
15779964194,14
15816555710,13
15886995933,14
15716021232,2
14137241396,18
15647437768,13
16006112477,8
15719320445,13
15083689389,13
15356344843,19
15029396780,19
15701864241,0
15805173383,16
15925876143,18
15927450227,14
15665092637,3
15587945147,12
16016181522,14
15357335803,4
15975649532,7
15769820887,14
14141993553,12
15224946062,0
15876973415,2
14212550165,7
15802816704,16
14006185374,16
15368797029,4
15971750262,14
15804952603,6
14194317936,14
15706155651,13
15858737404,11
15963851896,18
14190451250,16
14196134170,2
14323903915,6
14187018612,7
14196728070,18
14459497110,1
14104984112,10
14447270833,18
15779053004,12
15697900016,12
15081179786,2
14448943060,15
15727516618,0
15697542180,7
15172472567,0
14121664726,10
15809551650,13
15518996214,10
15715601443,4
15912604961,4
15654303370,10
15924781652,16
14089796044,3
14542379475,2
15601563968,16
15582004580,17
15804858681,0
14184986766,15
14110805673,7
14136647124,5
15356166832,4
13980415902,10
16013568968,14
15429034775,8
15921831224,14
15573772819,7
15998437252,18
15814218394,14
15511999610,0
15887282028,16
15834462419,13
15620954760,16
15980231805,14
14265296504,3
14019493348,1
13854762179,14
16007354163,16
14137329214,1
15999025759,13
13981904441,10
14211158185,19
14272178153,8
14187789665,10
15912695157,19
15907845613,8
15844293728,16
16017560336,18
15066845261,4
15921003177,10
15236481180,17
15998142437,19
15325882067,13
14344907006,2
15073521241,14
14157369732,0
15908038371,1
13743519386,11
15882328123,13
15443132889,16
15474134926,0
15794094163,19
15649707537,1
14998154918,19
14117490240,2
14224957340,4
15702009511,16
15850507205,14
15830965859,10
15729433626,15
13928630904,2
14033847287,1
14124789699,14
15944331285,8
15439220203,9
15314555485,15
14884116736,16
14147498389,3
14483701686,2
15743872435,11
14136087075,16
15624052068,7
15220980696,12
14022296306,3
14893970589,4
13761795089,2
14310010739,2
15889865240,19
15615350305,17
14218964413,19
15967713271,14
15515308259,14
14050597289,2
15914544931,0
14414096525,3
15587944170,2
14852075795,5
15944575165,10
16012918487,14
13749306276,16
14453123656,7
15953569682,9
14766143182,14
15820036600,14
15951215071,3
15530437038,18
16006156392,16
14178688571,14
15825167184,3
15849287845,14
16020032180,7
14926693629,16
16033180033,0
15994353859,12
15254315783,0
15688782183,3
15986719799,17
14748266250,2
15413352306,13
15849970275,4
15965938108,7
15817261418,18
15748474294,16
12913616671,7
14083057563,16
14012450150,16
14781001035,18
14466128389,15
15603646055,14
15246186157,2
15388542168,16
15604742849,15
15818516281,19
14164075922,10
15804366381,12
15622964952,13
15361502131,12
14481246347,4
14197397988,12
15740027041,15
14128604937,0
15815976130,10
15152886742,3
14364807671,3
16027953020,16
14036309769,14
15731552698,19
14896829340,1
14190924072,2
15076016080,16
15861870630,7
15967641802,10
15157806915,14
15589368419,8
15697582903,4
15993323800,7
15523864498,10
15562909302,0
15910626887,17
15866683410,16
15386886133,0
15680677673,14
15897654024,2
15230255808,14
14131053208,8
14246425757,0
15774641530,16
15934447178,7
15407752637,8
15737074305,14
15915266305,3
15736752677,4
15754895892,3
15531480130,0
15816379486,13
15861856280,14
15498080587,7
15767880697,9
15828566434,15
13918553341,10
15996117696,19
15515027040,1
15840841460,10
15967771452,19
14380229776,0
15886027585,0
15685541090,14
14136114946,0
14176703366,2
15113539622,2
15978384265,11
16032037743,0
15673931352,10
14674418629,17
16033579614,15
15853356350,19
15925036444,14
14267300601,4
15486372279,18
15784020250,18
15263899804,16
14144004016,4
15845645014,18
15508897259,19
14931082816,4
15229614878,9
15786206535,19
15026859184,0
15010767863,2
16006391014,15
15260012361,16
14132842146,14
14084560068,8
16002885215,4
14476192896,2
15766338044,18
14222356728,18
15450032568,18
15841523793,10
14411594188,15
16000595463,10
16018564543,0
15132740107,4
13886946142,19
15648541023,14
15912056858,19
15728474975,14
15874559518,0
15831405517,16
15791123964,14
14958082032,0
15858875833,8
14380808268,4
14129204564,2
14457012788,12
15723072534,2
15587907465,18
15794319141,14
16026131388,18
15830161596,0
15305962148,3
15264123344,9
15539251236,3
13890256996,2
15838114468,2
15967438993,18
14424614246,0
14146896782,14
15089439043,18
14471155960,18
15387404507,10
15620927541,3
15806392398,19
15342512363,3
14125412687,4
14127776738,1
14420484160,0
15391991642,4
14208893675,14
15216772791,0
15708096140,16
15314243613,4
15916587233,1
14099775143,0
14462724374,14
15887966771,16
15785626761,14
15654392368,14
15788962301,14
15304310259,8
15818040904,0
13908137737,4
15604720713,9
15903420470,2
14010782063,3
15384499509,15
14229354503,15
15903424434,19
15947088470,18
15327843788,7
15586733303,4
15821850001,10
15821210110,14
14484104114,14
14157965587,9
14805576889,0
14106053588,8
15818075030,16
14447749676,15
15935525808,16
15766338066,10
15808309700,14
14200167961,4
15656327857,3
14146457056,15
15786135306,19
15077711697,15
14365970958,4
15481295689,11
14749802795,2
14230417249,18
15997924117,7
15760518010,16
14478714071,15
14116486617,15
13536360429,19
15454563013,19
16001410330,0
14136321031,10
15930280529,1
15217336129,19
14753464965,19
14491481674,19
14944886729,10
15217096643,14
14160757074,3
15774535771,2
14270760065,16
15815101928,7
15358671632,3
15736184933,9
15943833871,0
15106478724,10
14267549694,19
15893460241,12
15661221253,3
14472759903,16
15790074810,2
15105263880,19
15465303157,15
15375455702,0
15875336477,8
15799714998,8
13922134058,10
15876296178,3
14148433098,16
14183794727,9
14161275106,16
14112774739,4
15996314144,14
15919130877,10
15791080654,3
15355347662,0
14413499817,8
14134846295,12
15513681180,10
14210781521,18
15476983941,15
14440770168,3
14010782250,0
14009593832,16
15337093579,8
14059221842,12
15433315574,3
14740408563,19
15773325851,14
13865836417,14
15933815668,16
15191287472,4
15411082557,7
14440952421,15
16025069484,0
14420133414,8
14180932144,3
15409465555,0
14555532163,16
16003166767,18
14904849326,0
15994061436,14
15809911640,7
16012215128,14
14199718774,16
15239333964,18
15638640202,10
14354668551,8
15912266931,16
15832531082,19
15817422817,7
13963300556,14
14233242726,4
15879363050,10
15905582942,13
14182599708,19
15868717171,3
15834294313,15
15849798240,12
15796787458,6
15764246984,16
16015907737,10
15891150036,16
14493592215,2
15816484859,2
14549407153,8
14094213221,10
15603620160,0
15732307158,13
15729324676,14
15903283618,2
14160757137,0
14085803312,9
15744321911,3
15774434830,10
15915694817,7
14029073632,16
15897065403,5
14068721896,16
15527680914,10
15839876648,16
14117231330,13
14935545798,8
14273651286,18
15956164443,13
15776149218,12
15824372537,9
15203907717,15
14145133944,10
14975386074,2
15998970718,8
15388546855,10
14381128481,0
15630811111,14
15686928117,7
14881726501,17
15821698734,14
15943811572,16
16006037180,16
15522283742,18
14841321130,14
15981662939,0
15803723809,14
15615592719,14
15888548923,0
14422651050,9
14236601080,14
15708010901,8
14992432583,15
13933048231,2
16020096326,10
15322584372,18
15189393189,18
15407465141,0
15863517253,2
15620954352,3
13814436674,14
14472443155,13
14130427251,9
14227020245,14
15939384301,16
15826323951,18
14092836847,16
15831379790,14
15879202938,3
14159715762,19
15924204648,0
15955254304,3
15244677168,0
13987106425,10
16015424861,15
15779160318,9
14108086643,14
14153806016,14
14392291728,0
15888929159,15
14088515674,10
15925475570,4
15750704916,15
15501511711,4
14394974479,12
14437785864,14
15956078210,4
15799561658,10
16012555322,8
15509400695,9
14320227534,13
16008553252,4
14074831287,18
15350933634,14
14469635001,0
15560979425,11
15788517297,9
15850818221,15
15660531475,10
15000695384,4
15942134312,8
15309998267,2
14243135538,14
14108978922,10
15733162708,16
15745318141,14
14233518340,10
14219964054,10
15712545177,10
15536736917,16
14027050772,0
14791498157,16
15713562112,2
15833379203,16
15771147986,18
15780852255,6
15881979331,16
15448866857,14
15408702048,14
13820236195,18
14206910355,8
14005555279,7
15733540564,9
14225788533,16
15312063398,0
16022716348,18
14813927892,3
15745036421,13
16007483897,3
16024532447,2
14130603112,10
14202624684,16
14999428436,19
15237754725,10
15997724535,14
15902615842,3
15189345467,3
14155468498,19
15839038639,19
14930047524,0
15770518924,16
15854862244,16
14446797144,3
15633776718,7
15339673929,3
14193615038,16
15934644368,9
15199988236,9
15834410455,16
15291350698,16
14429673480,18
15956710723,8
14339720146,14
15770064153,10
14360512306,8
15258684344,0
15430007083,10
15230015490,7
15819427153,18
15801997222,7
15976651854,11
15914399537,12
15527227470,7
15572977962,7
15755611638,0
14108895402,18
15653488139,0
14128093240,4
15270225027,12
14360756624,14
15224622914,7
15948483426,4
15816425116,14
14988592605,16
15259399303,16
14619204832,18
14419857546,12
14936073371,7
15920166800,0
15994786304,16
15444978538,3
15831082665,2
15219027259,2
14127851913,14
15043513461,13
14532652156,16
15709736999,7
15232574854,14
14266669453,19
16030546931,3
15980145181,14
15976543827,0
15907849823,8
15952049236,8
15805952931,18
15573638449,1
14199673447,4
13824532481,11
13914378433,2
15754324060,14
15944159331,10
15754218579,2
15909914059,6
14865069989,15
15784989903,17
14462740634,2
14051559090,14
14143038806,3
14225446660,19
14948034955,2
15981926445,14
15868908300,4
15664735787,2
15712961390,11
15984118462,19
14475396435,10
15881489854,14
13977845104,16
14912838168,1
15923187290,12
15946653398,2
15231311843,14
15604718002,1
16015367631,16
14287931614,1
14142673653,10
14014195620,16
14934380022,14
15152123166,15
15912732037,3
15891384042,9
14153183039,18
15929440957,3
15747284443,14
15739009936,5
15995504955,3
15876002393,13
14082882374,3
15318762636,15
15606833077,8
15872481054,0
15828288502,14
15863532558,0
15799511550,10
16006042524,13
15620906220,4
16012108386,18
14231836559,15
14464433914,3
15824037375,10
15852436820,14
16026715864,10
14926389033,16
15578817471,19
14118873707,8
15815777315,12
15864751950,3
14113912902,16
15803768700,12
15802450343,16
15942842421,15
15652742771,0
15714330330,5
15754897687,10
14572709677,15
14187626926,0
15968498050,0
14019493338,10
15945625052,14
15760879739,18
14782404280,0
15713745777,18
14194269680,2
14173944202,10
15300853885,8
15034406135,18
15908263413,10
14009183822,0
15991075695,14
15231816541,18
14190252049,0
15913262906,19
14585070327,6
15921024476,8
14187942163,12
14212721175,7
15331415127,4
15834720218,2
15093652050,16
15674052719,7
15830890436,12
14377405009,1
14223158886,15
14467934479,12
14933881671,2
14079768564,2
14137655696,2
15570881009,7
14094010646,18
15938696634,16
15670954570,2
14027166029,10
16013874841,10
14163772935,8
15729833505,13
15862393097,8
14080761468,14
14386022087,10
15061074560,2
14478022127,6
13894194597,18
14231105926,9
13850336719,14
15796215218,16
14128288691,16
16009724268,0
14203338534,3
14105826502,18
15484206406,16
15708677456,1
15709737225,15
14542395744,13
15990671724,10
15731092506,0
14287156625,14
16005970840,19
15828369452,15
15581496195,2
15958592162,2
15743333025,10
14031929631,4
16031213207,19
15782592574,3
15939278421,15
15593812809,15
15906322930,16
15804887927,8
15393274991,16
15195346874,2
15995562615,10
14221323135,18
14220006895,10
15805175656,18
15734121873,4
16032851297,7
14164692755,15
15655385845,9
15726999646,16
15979433531,17
15997945294,15
15800820847,18
15313549348,4
14478743653,9
15913932765,13
14719848751,0
15559323376,0
15981830248,12
15790093088,1
15617999420,19
15944721633,4
15591078546,11
15752255987,8
16015804854,0
15699343185,18
14171525364,7
14434990455,19
15824382134,14
15673670632,2
14076883111,3
14658578536,10
15971044887,19
15669511956,16
15486940264,11
13847161933,18
14214142144,18
16004176938,16
13979559953,16
14036910148,14
15815115270,15
15414449837,13
14267978521,10
14195392264,7
15994131151,12
16002474628,5
14136071438,10
14196500187,6
15415055176,19
13883662843,14
14852111817,10
15500128083,3
15079979021,19
15893460070,4
15389622066,18
15912277606,17
15947005368,18
15946626504,18
15305430611,7
15559841849,18
15609339998,7
15894423655,18
15739516715,0
15391267660,14
14272177728,13
13991624845,5
14234323176,19
15825835325,7
15789147221,9
15992136690,7
14215015635,14
15543808195,18
15815678777,4
15796593353,7
15968007213,13
16001204013,13
14271702702,2
15341711549,0
14888313730,14
15447627932,16
14479327920,12
14481409034,12
15728399576,13
13913666206,14
15968236155,13
15228917657,18
15809422411,14
15473190360,18
14201318642,14
15774514724,2
16035182082,14
14213775375,1
14096982109,7
14558481476,19
14138884888,4
15984006613,4
14370291123,11
15853586817,4
15699349075,4
15736467404,6
14896308138,14
14285544924,4
14154869552,2
15850559116,7
13861230011,18
15310471505,14
14752157992,12
14175143068,12
15922459556,14
15586109969,19
15702296377,19
15591076161,16
14197693576,10
14819175300,6
14092651779,18
15543501564,14
14406217541,13
14489567109,14
14225066351,14
15898947394,16
15820012039,12
16006174864,10
16027888342,10
15698603208,19
15589670007,8
14931908976,19
15949287325,14
15749437471,16
16012484016,0
15778990450,18
15257406322,1
14177783077,14
14971071897,19
14073671020,0
14489569995,14
15540017272,2
14170706801,1
15427414610,7
15538342887,6
15787858399,19
15605414456,7
14469759622,10
14146224507,16
15668785592,8
14219873203,10
15792005498,9
15822168878,6
15622657755,2
16022185989,4
15272882140,16
15932313598,0
15724790063,0
14217586906,16
14108554273,18
15573758339,0
15983704425,18
15880417146,18
15608932570,4
15835778350,19
15995293543,8
15756354212,3
15796593364,4
15770444368,14
15687657925,13
15873609010,7
15406430263,10
15906093189,13
15824368956,0
15668821978,7
13993232783,16
15451664510,10
15546523661,18
15337934645,17
16019898729,9
14449492805,5
15962576052,18
15626504965,2
14248965842,16
15771038280,19
15780782184,2
15988987723,6
15636164065,0
15561863514,10
15593473474,12
15988759130,8
15946000460,8
15134853382,0
16010450018,2
15712172107,18
16001374758,13
14854963371,16
15600057556,4
13825625126,18
13969941762,1
14342803367,6
16015984495,9
14669484568,2
15812192102,16
14418245795,1
15794137113,5
15748139195,14
15701829807,13
14160481655,19
15512523419,14
15132779894,16
15739482948,14
15539805932,18
14462334840,15
14074032469,15
15843952178,8
15240544721,3
15552069244,2
15739941105,16
15927524559,12
16007993482,10
15350467120,7
14395049401,7
14396383922,16
15722458277,1
15573770999,18
14214206762,8
15407377011,15
15807013995,5
15418310180,18
13268073112,0
15245834669,13
14193562016,0
13859083331,3
15859163019,0
16013348702,10
15365042201,8
13991496697,2
14454666073,19
14711240144,16
13793191117,13
15621749220,9
14884888778,15
15673662014,14
14203201166,4
14493624541,12
15723140939,18
16022153927,4
15754285795,19
15928471547,15
15560986497,11
15595711131,4
15130276176,13
15362028341,10
15998751789,16
15903427068,18
15832377428,8
13755634601,14
14347850067,1
15799728686,13
15907137937,4
15866897349,10
15737247215,18
15554313294,17
15708854650,18
15868164396,10
15844971858,16
15803125406,15
15720033129,2
15901538501,10
15871411260,10
15845530762,18
15161220768,14
14322071244,9
15994481765,12
14187885988,0
15998437260,8
15929198137,16
15934702474,19
15268798059,7
14207643148,10
16034474676,10
15605984398,9
15481541868,11
14188767472,0
16005625243,14
15776601840,13
15293855321,3
16025354333,16
14144026114,1
15988868000,10
15976293954,18
16018950066,7
14493171300,1
14168374288,14
14411689352,9
15842083441,16
15999689603,10
15599183529,0
14225468503,0
14578582511,7
15731687235,16
15480050941,3
15911029635,2
15315947533,4
15978870378,0
15797306999,4
15930703049,2
15303177508,0
15734290312,18
15044172613,2
15940551716,14
14838606491,14
16025087546,14
16008574146,15
14491742539,19
15038776378,4
13801011495,2
14945854708,16
15514130320,7
15933847850,2
15162468178,10
14146239749,8
15819384163,16
14453183002,15
14434670205,18
15980737858,8
15657247657,10
15443839225,0
14228767382,8
15925554902,19
15562343064,14
15305460128,4
15600027583,3
14863874879,14
15251060698,7
15354554952,7
14567179440,14
15491578749,10
14181630888,3
14481622511,6
15774962786,16
15750637818,7
15562249480,18
15996131080,16
15229223509,7
15864709738,0
15785408035,10
16028609978,15
15927673844,10
15982808224,7
15201312919,16
14199149808,7
15941343092,18
15831946271,16
15445177234,18
14894161009,10
15936702717,13
15922427842,19
14217818393,0
14155850664,10
15736252780,8
15803764708,5
15281980779,3
15991571582,6
15588157661,6
15799596755,10
15941401061,14
15973199680,3
14599302806,18
15829954244,8
14891345737,3
14402657809,10
15191284990,18
15927640025,8
14226100359,18
15520624450,17
15340240437,14
15827856215,0
15760254159,3
14830455731,18
15740036133,18
14246575523,0
14405278590,14
15985864180,9
13871866672,3
14909158665,18
14486727262,2
14526580389,18
15885083144,16
15265481990,3
15287733188,16
15801429357,14
14046863151,19
15608959630,16
15831947019,16
15430111563,14
14148240936,0
15820398866,18
15928763857,10
15713199327,12
15989856492,16
14178728435,10
14854405539,16
15979827486,4
15959576070,14
15873488957,10
15784442507,4
14129541298,19
14229152256,14
15581697206,4
14464078715,4
15798767951,7
15894765018,18
15850171267,0
14791666036,16
15706247040,7
14382879563,15
15389669914,15
15565319249,7
14668154568,13
15965083019,3
15879338842,16
15603198368,5
15393716822,19
15802713641,14
15229836794,3
15181436395,10
15381132876,13
14063762716,3
14872861136,13
15696517825,14
15931532802,10
14416033176,4
15727931674,3
16030537614,10
15806727630,5
14254312520,19
16001836354,14
14194784330,18
14157969121,7
16012351122,16
15654351355,7
14931017606,16
14098214037,16
14717533343,0
15348830147,18
15714018731,16
15731776981,2
15095600111,7
15790245219,8
16031754287,1
14893949459,0
15584167988,6
16014586890,16
14731412556,10
15073537288,8
15907847842,7
14445161892,7
14297836268,12
14447055309,10
15483875775,4
15185972016,4
15847231944,18
15768783156,10
15927503012,0
15727173266,15
14244127979,18
14150170843,8
14411954998,12
15427122531,1
15994370903,15
14147503625,15
15818069085,14
14400696964,12
14895891361,9
14251650200,4
15698915655,7
15531689417,12
14061625025,8
15981616022,16
15703483285,14
15736808224,13
15388389820,0
15923128046,18
15946185247,18
15642404988,3
14104983828,19
15871842819,14
15827426455,4
15983689123,17
14208602528,15
15696121861,14
15334127618,3
15781254805,14
16028926353,10
14159821077,0
16011213371,14
14893718167,19
16023909475,0
14200140836,12
15269117991,4
15279751181,12
15663617878,11
15826432291,3
15281880300,16
14242321606,18
15769999672,12
14033402571,19
15777371511,14
15706065714,8
15191753094,2
15158421344,14
15446153767,16
14459383048,19
14146030600,10
14162633088,15
15314139442,1
14157341474,19
15511500790,1
15999688528,16
15417228220,13
14955979181,3
15968684184,2
15493252054,11
15737867236,1
15784579811,8
15313921827,16
15774513344,14
15326474013,0
15717449086,16
15786114705,7
15852741074,2
15314727815,14
14210615895,2
15906003200,8
16006104359,13
15583142232,16
15059734865,9
15344114327,16
15276095938,8
14476190549,2
14297422293,16
14399304569,7
14535960789,0
15997954696,15
15798748089,15
15855013723,4
14162636208,2
14131214430,3
16009626720,0
15086113851,13
13891669629,10
14708156670,8
14159791166,0
13786868551,2
15224326435,18
15874170606,0
14194575224,13
14052466224,4
15980405839,18
15737065120,0
15819652799,13
15731912876,12
15631964563,7
14487978142,13
14162844161,4
15819720517,18
13862577652,19
14166421338,18
15992039189,7
14192383259,19
14222352225,18
14457026093,18
16013308254,3
15613112593,10
15982646886,2
15939424226,19
15273591576,10
14942749201,0
15113199418,6
15426630071,17
14082490540,2
14071576014,17
15821228170,10
14231773495,0
14485620522,5
15429344741,18
15966193027,18
14229078525,3
16031335048,11
15595688256,2
15761900543,16
14132701682,16
14536462856,15
15498200637,6
15768263480,16
15834536358,16
15730490693,4
15984146267,19
16002859132,13
15135903357,14
14484459094,2
16013609794,0
14976882110,14
15582442770,0
15806899585,14
15838862799,16
14472746851,14
15476029900,14
14435976277,12
15685134262,9
15970356098,18
15807014556,8
16034667632,14
14775998306,10
14483673880,12
15833174938,13
15952078507,18
16012634298,15
15600672575,13
16010195661,19
14914613496,14
13705013321,13
14949428412,4
15763353015,10
15840488863,7
14676416022,7
14742781480,7
14229318806,16
15957569934,14
14435341410,18
15911185979,16
15272827178,9
15850957575,19
15862304163,14
15523101146,0
15908680399,7
15793945267,19
14417447319,2
15744972141,0
14592064581,0
15865242333,0
15756280199,13
14217820570,3
15912606744,3
16028733471,3
13758394307,14
15684771284,16
15945729630,7
13826367485,15
15304726967,12
15751711303,13
15260855280,7
14110396440,12
15713349923,16
15970870623,2
13852274871,18
15205230465,10
14157053308,18
15758908460,10
15825822753,4
14180904290,18
15582000069,19
15798443776,18
16012149313,1
14164354206,16
15921155637,14
14128952719,18
14192160756,19
15573932699,9
15771811680,19
15390213890,10
14202986535,16
15998369936,0
15925298860,16
14187384856,14
15782008042,7
15751698629,10
15993011361,16
15234837846,8
14471267571,12
14163982332,1
14444907682,6
15575119947,16
14420199852,10
15903818513,1
14467270674,4
16008463722,16
15739812186,0
15278764107,14
14493801587,16
15304689495,4
15098656496,10
14245050322,10
15869714236,13
14123648696,18
15230276079,16
14480195402,14
15378978621,4
15716466889,14
14002914305,3
14249879480,18
14192508259,14
15978077360,14
15970233193,14
15827921207,14
15944162654,14
14232712626,17
15904460373,12
14186709894,16
15996388603,14
14189402304,15
14190139713,18
15878879840,10
15679493521,14
15934353529,12
15800084704,15
15813839881,18
15030518482,13
14149257232,2
14057553950,9
14610004444,2
15992276372,18
16003911289,17
15932974573,10
15525109417,3
14233919615,14
15807025071,14
14164009277,0
15872330322,0
14095984856,2
15680946558,9
14448960955,5
14106405151,14
15854917077,14
15992358836,12
14066689016,15
14155993128,11
14403625717,15
14288850898,8
15111845877,7
15770208401,2
15954668562,0
15275863193,0
15716257130,1
15873872427,14
15808957825,3
15311500437,19
16018440364,2
15829084419,11
15144089286,0
15791116416,16
15998218124,19
15822536242,19
13878997461,16
15768600879,2
15980403766,16
14188312116,7
14214106807,8
14197699972,19
14227020049,10
15769169489,3
14182851531,15
14978022475,14
15027035559,16
15952599321,1
15603558219,15
14222106529,19
14703604343,5
15354433880,14
15413907139,15
15759743763,19
15678741973,3
15715786648,4
15530177113,9
15838488196,17
15880420976,1
15977937907,15
15693810182,3
14218260778,19
15185889335,14
15997753919,3
14394040018,14
15239133693,19
15577636708,14
14382922979,14
15888506175,8
14256482258,19
15980772678,10
15894943625,14
15931200549,10
14197341289,19
15942436496,1
15778369142,19
15570747693,0
15796477580,14
14173907961,15
14820120331,16
15224779488,4
14000623234,18
15635680308,13
15690509818,16
15572674303,2
15895827575,18
15003098882,0
14199530352,19
15888567903,7
14464781161,18
14213785266,19
14350492798,14
16033199638,11
13872603170,14
15984674948,18
15805520215,10
14085030366,19
15955062229,13
15972374531,16
15858228776,19
14126712954,7
14444850854,12
15545048545,10
14480816090,13
15572984495,19
15981894830,13
14403332234,14
15788342289,5
14009049320,18
15908067065,14
15942227627,14
15098553396,14
15734527983,18
15810643723,4
14493734901,1
14229093870,10
15789170992,14
15909052224,10
14192775025,18
14150504888,1
15148941855,14
15786509932,4
13858031133,8
15819551780,19
15990066677,16
14187257534,19
15788468529,13
15444279437,16
14411949378,8
14208227412,0
14485269895,12
15345770303,8
14203643896,15
16014972233,0
15791922369,16
15524642347,10
15726707521,14
15727533054,8
15838005831,9
14452073258,1
16035278549,0
15974514437,4
14937457396,14
14105503133,10
14133143483,14
15828048452,15
16010746388,3
15766831563,12
15602810397,13
13940588722,13
14998607162,9
15729613114,10
16011340794,0
15939051521,13
15857674379,3
15805254122,18
15728502603,3
14915704981,4
14236723475,7
13754969187,19
14109367363,8
15913487958,14
15125655266,12
15790444550,19
15997903683,18
15865232172,4
14223513787,14
13872536500,4
15786461497,9
14141508338,14
14192384206,16
15777180644,7
15784355385,9
14155211794,6
14402551899,10
15893769348,10
15747241967,18
14216920593,13
15790091473,3
15152522620,4
15905716834,16
14223411243,15
15668558240,7
15443707180,13
15479967013,13
15573044574,7
14226693881,19
15923355802,16
13753474046,0
15734189423,14
14192234095,14
14210127243,16
15867949042,4
15312184008,9
14158257550,2
15217904414,2
15807753726,13
15690847931,13
15720341113,2
15498239219,6
15743608960,18
15778462069,16
15431187805,7
15835067448,4
15993374086,16
14022696165,18
13990100868,9
15989476550,8
14230711654,2
15703888959,10
15940711598,4
14075836380,14
14070432645,13
15704818115,2
16026869034,15
16012126461,14
14472742049,2
15732170888,0
15715817446,4
15980440707,10
15813328469,14
15790832233,9
14493624429,1
15866896285,9
15132937557,3
15978869863,19
15428501718,2
15906282698,1
14193868749,8
15429049040,2
16011411625,2
14183491843,16
15933954722,12
14093614908,13
15943236322,15
15267438643,18
15835503191,10
14752175680,16
15766228732,13
14041960523,14
16001980769,15
15590834261,19
15834889417,18
15603816937,0
13850563053,14
16004747776,15
14212599071,0
14813346163,7
15948291617,15
14156918734,7
15588887923,12
14153062618,12
15390462109,4
15527973482,2
15262690839,15
15611347771,14
14840799216,10
15698762625,16
15191925467,3
14335698996,14
15811502784,14
15284978234,4
14063361836,14
13930417332,3
14215593005,7
15721035856,10
16028491865,8
15825923177,16
14451608478,18
15775831784,18
15920174312,0
15883289935,0
14077895281,2
15564788118,0
15264123377,0
15619509347,14
14018937214,7
15825814211,8
15699288452,4
15067391350,6
15590283780,0
14156092071,19
15762349303,9
14024571407,8
15794188909,13
15970813601,13
15552068031,2
15742648251,0
16018219549,9
15827760564,16
15626390084,14
14954600222,18
15891383686,8
14135975221,14
14237901999,8
15983715428,16
15990518191,16
15895059040,4
16014865802,1
15424981347,10
14168853382,3
15096825307,0
15991827187,14
15304546421,10
15897115441,14
14466193360,2
14633135140,14
15986125632,0
14211025834,18
15880763329,18
14929957465,4
15775955175,14
15772283694,2
15807530513,3
15768933940,12
14166301433,14
15707038224,18
16001327766,10
15839262030,14
16008819632,15
15427892574,8
14115756880,3
15671048689,1
14400454224,13
14217605263,2
14154957607,18
14205511805,14
15963263483,9
15359485234,16
15809433683,15
14202325114,13
15981570477,0
15365090809,8
15628576634,19
15305880466,10
15670997563,10
14903122386,8
14254023902,0
14493272434,2
15854849316,16
14424648189,3
15185725041,14
16024640248,16
14463149528,12
15148659162,7
15962134911,14
14198310885,15
15945447832,7
15812181327,17
15925505711,8
13960158516,13
14174795299,16
15976745158,1
15498873730,14
15058728128,18
15728510430,15
15451282167,18
14472159837,3
14148147022,14
15975703358,16
14490441114,14
15600518971,2
14220855348,3
15945042015,19
14164809817,10
15594828200,17
14089805889,10
14940582802,3
14182776742,14
16010919431,2
14493734821,19
15670727301,13
14988139890,8
15278121482,18
14977022186,6
14154269853,4
15192405946,16
14087491214,13
15726342660,16
15718587341,13
14216534058,3
15356418289,10
15730114372,17
15833388780,6
14269482285,3
14400454170,13
15821050967,15
14992358729,16
16018424409,16
15483237998,18
14936440594,10
15821720863,18
15724975007,18
14602562986,2
15689632653,16
14481517504,18
13970760710,9
14207628182,15
15612921965,16
15737030077,16
15619678995,13
14142673678,18
15447973263,18
15762642685,4
15938236436,15
15076022949,16
15362863665,4
15800167999,14
16000024402,8
14455824172,16
15335549136,13
15515242898,0
14910909255,7
15820678946,10
14051195447,14
15776156921,4
15054847183,18
15346279575,13
15581511356,14
15998201854,18
14997249228,10
15921989088,8
14006145258,0
15730242881,10
14444996087,6
15386466708,15
16015809140,11
15885351463,4
15233940612,16
15751797331,10
14160544530,4
15679491629,15
15783918797,2
15987615880,11
15808899854,7
15810734012,14
15560005100,16
15447942956,8
13860412356,16
15363695191,10
16019118231,14
14424105939,19
15137912630,2
15586700815,1
15699343016,4
14433274061,17
15870846703,0
15413481448,14
14225796525,18
15944331197,10
15808578609,6
15054276443,3
15708388527,16
15814585524,2
14136356584,16
13750802664,9
15267696145,14
14896776629,0
15635341164,13
14132645928,18
14740075246,18
15387402972,19
15872932423,18
15534272461,13
15523953164,16
15374472069,13
15350005182,14
14359469456,0
15932974018,13
14211450721,12
15893277467,4
14379322155,4
15966395586,8
15939079022,14
15286766365,16
15630785874,14
15260537165,7
14440770282,3
15713221956,3
15618619645,10
15740783111,10
15647790215,12
15679211552,16
16028491160,7
15687701820,16
15479345060,3
15730065197,18
15500732314,11
15932374776,15
14968392983,12
15950068650,3
15790135746,5
14199119771,2
16035246974,9
15773017759,10
15697776877,14
15394789541,10
15934339306,4
15877315595,10
15928060252,2
15311068498,10
14185239467,8
15775951431,19
14419849352,14
15804035455,16
15998168854,0
14417050699,7
15831779361,14
15361047927,8
15603512728,18
14135485699,14
14737756619,16
14013567200,1
15591002689,7
16022506250,13
15759707301,14
13871883892,16
14363841190,3
15958377112,9
15943611887,14
15646768191,10
15074410619,18
13980414741,12
14769610355,19
15365349231,4
15980675821,14
14229404671,10
16026016356,1
14726435296,0
15524002374,18
15998402859,16
15951417735,3
13975422956,4
14746273833,2
14134803905,10
14148865073,6
15355505797,18
15327265991,4
14485089129,2
14143042831,4
15086362728,0
16029761563,18
15893174872,0
15848852363,9
15777840161,7
15380164840,15
15941931873,13
14214204985,9
14116751157,2
15608421490,14
15713308793,18
15317273969,10
15261569078,14
15433238894,16
14156696411,8
14808139949,10
15732871118,15
15188292107,10
14181630066,19
15791735547,13
14141723316,3
14882019309,18
15358961268,3
15817752896,1
15797877259,9
15906489542,2
15906835106,0
15790899843,10
15810161122,14
15630791422,3
15766719116,16
13967775718,0
15216098352,15
15266098084,7
15630063063,10
15288507115,18
14891151517,8
16033250945,3
14752165361,16
15687993521,12
15253327602,19
15281025810,14
15726053874,0
15805086596,14
16008569217,0
14207746772,16
15987049520,16
15814863353,18
15838004973,16
16011768690,3
14022415965,19
15121450625,7
14491720808,10
15868156133,19
14140665618,12
15575798608,18
15646732025,5
14927799194,3
14366687718,5
16003195163,18
15740122791,7
15573483308,12
15296761918,2
14133466781,0
16012278652,14
14353222745,2
14079383934,19
15607017267,15
15940805488,1
15881489506,9
15411448568,16
15548281419,14
14172047816,10
14474712464,10
14309985868,18
15463695797,14
14231829143,1
15839309500,19
14108879647,6
14435881153,6
14118796094,3
15766665682,2
14168360978,1
14134345386,15
15611211734,9
14489294267,7
15753715173,3
15954756135,2
14482280867,18
15608916967,10
15841005791,16
15983716586,15
15994299295,14
14135004259,1
14366687843,18
14318622884,19
15313327240,4
14256361211,16
16026989090,4
15603658341,0
14811774565,18
15804729649,16
15615044022,2
15931756093,19
15887285168,6
15935253574,10
15757409312,18
15669586633,15
15815437376,7
14492120676,1
15536413924,19
15717658361,16
15993021999,12
16013975622,19
14494967193,10
14395104352,14
15950670316,3
15793454758,0
15787498725,15
15795894892,18
15355185676,15
15689188987,13
14472142309,3
15627415200,10
15926967352,19
15924892839,16
15999439318,7
14880254100,7
14283239264,0
15932371463,15
15737018090,16
14484091237,3
15619495197,16
14241437623,8
14205745495,13
15806194767,2
14472281708,0
14258852724,18
15893769371,16
14484411753,19
16015193612,0
15767380227,4
14445755206,15
15875111121,17
15819623005,19
15074657814,18
14574483101,10
15797715346,14
16007753491,14
15623065142,14
15822876741,17
13978113650,19
15571151525,19
15952133211,10
15443862231,18
15942063491,9
14154072372,19
14407808711,4
15524020020,11
14710817049,14
14230568971,8
15835906591,14
14456782419,13
15950370117,18
15417999091,7
16018300039,13
15768367843,0
14443810407,8
14379640824,19
14402476640,3
14227815868,10
15952004516,8
15568863393,3
15231303827,14
15779906406,0
15706272839,14
16004240966,15
15208357776,14
15874120918,0
14392145011,16
14482473614,7
16029397770,14
15978741164,1
15720969162,3
15958788207,4
15895534619,2
15988124803,10
15899891434,13
15529933519,4
15713509320,14
15834318313,18
15153186822,10
15588311022,19
14211744940,16
14474208406,1
15375390596,18
14148886347,15
15929174326,2
15803204394,19
14150976143,2
15892002246,14
15718398192,19
14207054897,18
15872306696,3
15940942136,12
14139693183,19
15620815153,0
14203942760,19
15784229530,18
15897489183,12
15998467967,3
15927674908,2
14754302574,13
15633899529,14
15983137274,18
14241022019,16
15696074985,4
15821172809,16
15410491523,3
15822112238,8
15944885070,13
15716096699,2
14491156026,2
15470518924,18
15997843949,10
13751794153,0
14361390168,7
15982934869,7
15619607822,7
16033583019,7
15597454696,14
15824459733,9
14471611323,9
14074152309,2
15955287894,9
16029782879,4
15735403076,16
15162136190,7
15672327511,3
15228445115,2
15936732551,16
15550463801,4
15311612582,19
15501629653,14
14161575273,16
13946898586,2
15646727589,0
14225805655,14
16004421449,14
15757973164,3
15983714432,0
15743412482,4
15420793847,15
14478775754,9
15859908763,16
14202018244,15
15967750427,15
15680104950,18
16032534893,9
16016782372,2
15305896176,1
15788790520,13
15242935707,2
15938289373,4
15904921941,0
15767786083,10
15395548367,3
13931358825,0
15437226360,8
15978136246,12
15652510261,16
15665363149,14
13927035717,13
14203210174,0
14185239642,2
14205337325,10
14101384472,8
14426854281,15
15839550419,15
15776997958,15
16003736658,16
14196339576,16
15811510693,16
15971561608,16
15946746047,7
15909606147,5
15637952780,14
15589322672,18
15609794891,14
15710414767,9
14380745265,7
15808606972,6
15304727022,13
15587944823,13
16005997753,15
15366270700,2
15423206258,18
15989580384,1
15396744391,14
15971096504,15
14491372448,3
14467779950,15
15436202011,2
15787497050,15
15525916008,10
15953193398,1
14072194659,14
15716756931,16
16026329297,9
15830890323,7
15743872557,18
14130016602,19
15523094775,9
13954560610,15
14097365634,7
15889928415,16
13716215724,10
15083650244,4
15870708377,9
15878346559,16
15315616614,15
14394711555,0
15541966026,16
15248189192,0
15922269482,15
14116046005,18
16008561488,16
15826811466,2
14759795818,8
15104410845,13
14126867134,4
14157000400,16
14159878437,0
15540769242,19
15950318663,15
15785436207,12
14492371738,15
15731689819,16
15810955672,18
16008744893,15
15784682610,10
15907797228,15
14111705168,8
15641245761,16
14068638352,2
15871895156,8
15595869943,1
15244955111,15
15834294871,14
13737792014,13
15825139482,18
15805953477,18
15767020009,4
15726711614,18
15878430498,18
15984869262,4
14846272859,10
15934451366,0
15790092308,13
16011050834,14
15538072121,19
15390502599,1
15658013494,18
15482983621,13
14166832765,16
14148279158,18
15574747210,1
15954646089,10
15361722400,4
15717946637,0
15799966245,13
14231744332,7
16013322809,18
15742234243,7
15965294299,2
15902142295,8
15584944486,16
15945001992,7
15748129106,18
14319397543,19
14444120985,19
15818247498,3
15729733884,3
15576198992,4
15999633508,15
14979201769,18
16024392366,5
15625807291,18
15255550480,10
15552399161,14
15811668123,10
14133671306,13
14270309745,0
14420265506,12
15735445324,7
15700082189,15
14355756166,2
14187733706,9
15068207430,3
15476978668,1
15860343309,8
15886911258,3
14196499071,8
16018949968,12
15806653602,2
15999746866,19
15060070621,18
14437320765,19
14442191814,14
14175739519,16
15995674485,10
15808752334,16
13984873322,8
15620028244,10
15790400134,14
15727531410,19
15878567380,19
15928439016,2
15782903130,16
15714225084,13
15749842760,10
15674017946,16
15926789009,6
15799507617,16
15686928111,7
15394926577,16
14169444949,14
15787771043,19
15852238464,18
14059233666,2
15835212211,1
14151730184,14
14121559470,13
16026640516,10
15605224058,14
15857257903,2
15772787320,8
14424106838,14
15945100817,2
15389258653,14
15986797098,18
13808177707,19
14324091800,8
15362844627,0
14159409987,10
14970498283,14
15907892396,15
15856114756,5
15921292826,1
15579416518,7
15509596604,14
15438132711,19
15231403055,10
15982595564,10
15443839294,10
15844746466,8
15930109134,16
14196376232,8
15882720244,7
15289072988,7
15727174811,3
15962765217,14
15386696456,16
15733997711,15
15984827220,13
15817677473,15
16034878644,19
15932966410,0
14209719828,15
16033126327,7
14232846178,7
15610161112,3
15418267715,14
15796747018,10
14227922554,3
15231403097,15
14830620839,2
15251387021,17
15104068740,15
14072842404,18
15811154163,13
15807531932,0
15839038434,0
16033754787,14
14396879168,0
15893006523,16
15880353085,7
14170333732,16
14124224841,1
15997669795,16
15875850594,14
15808460313,0
15927644690,19
14200697022,12
15301745283,15
13936171652,0
14329846235,1
14374929215,13
15558033953,9
14254590312,15
15866133128,2
15947612504,13
15982496706,14
16015898906,17
15992955019,0
14071914228,0
14195479896,5
15542182271,3
15970826469,3
14009445809,0
15757196084,0
14035559587,0
15185724925,10
15610230686,3
14055969065,16
14484573267,0
15927918694,18
14169127203,16
15143536246,18
14310009202,4
15501882731,19
14355218489,12
15773328625,17
14208817083,13
15907754736,14
14208821873,1
14192267845,13
15714068120,2
15702133876,0
15655648287,10
14187733785,17
15972144584,0
14195219704,10
15859168272,13
14940240364,17
14318622894,19
15946036601,14
14211551437,16
14370290829,17
15078569668,6
14176704678,16
15906763200,3
14170079279,7
13922945247,2
15265251561,3
15764503614,8
14161144955,7
16017620348,1
14197348127,3
15981861921,4
15806965733,5
15894540043,16
15828666911,10
13974983274,2
15923047962,6
14928236299,18
15811490744,19
15952082572,18
13853377872,16
15900425227,8
14910353968,10
15715353039,9
15077968068,3
14057859169,18
13839005134,12
15921123465,4
14067514241,14
14137892034,6
13950889185,10
14209230200,10
15947147827,15
14676436542,2
14108445219,14
14566974487,0
15732760754,3
15780570185,0
15915692463,10
14821427698,16
15403728394,0
16006162395,7
15785629452,13
15582445744,8
14151981722,15
15883695620,3
15910063266,10
15802259493,0
16016410762,8
15939905417,12
14495016003,12
15805188064,5
15737065118,2
14428202423,1
15680516053,9
15908217953,9
15115369083,18
16018425048,16
15769367151,16
15496619784,4
14236280186,13
15316410737,9
15988291109,15
15911140970,10
15216777576,18
15276892993,13
15758619321,8
15267297138,3
15745966512,3
15976898397,8
14489926223,1
15872856729,14
15675252927,0
14480414476,14
15625307468,0
14390449082,3
14676858605,3
15574016129,18
15304251734,8
14287534558,9
16027983988,7
14933021362,4
15881549129,16
14420319077,9
15819644426,16
15691635156,0
15912143190,14
14148101953,16
15258558661,3
14541589454,4
14359169909,6
15604737607,10
15813433394,16
15985189221,0
15084866928,19
14122363896,10
15245214261,14
14197316377,0
14233539569,18
14160887717,2
15783270072,19
14036639299,16
14163195337,7
14067809765,16
14249900810,2
15802347087,16
15715788619,1
14666121367,0
15089922903,0
15766394988,0
14479767224,16
15871045719,7
14135007884,10
14141845679,13
14439025761,9
15962784984,16
14222015438,0
15974328516,7
15826457962,0
14224331972,7
14277085182,10
15657920582,15
14060354255,1
15914365398,13
14263016096,19
14394677736,4
15717609458,10
15826456831,10
15584247409,18
15937674306,18
14092918316,7
15717423597,3
15532163063,8
14079596956,14
16018878441,8
15586688628,19
14129081023,2
15315212339,0
15769988062,3
15946168680,12
14821524255,16
14155227578,0
15917794489,0
15868953915,8
14195060946,3
15824443643,10
16014818509,18
14227524566,16
15778593973,16
15904608110,0
14238675526,9
15820875127,16
14164218865,0
15669263042,1
14178936635,8
14369383951,13
15689569172,14
13951988062,16
15751182713,0
15873813517,14
15620805091,18
15706521857,14
15452529449,4
15539403305,4
15996984900,10
16000956892,18
15441705141,6
14207053397,3
15698020273,2
15817482982,8
14922144339,2
15738423813,4
14140452497,16
15740523617,0
15928934137,7
15883695566,9
15979524077,16
15590522498,4
15674905604,0
15802899826,2
15511994722,3
13983228461,12
15702004380,19
16011888760,7
15806020795,0
14338036034,13
15088682864,0
15671837979,3
15430156343,19
14171435098,3
15923991355,0
14200709155,6
14738321679,14
15268429989,1
15578419582,0
15104108291,10
15607345792,16
15488044650,3
14375021568,15
13891669620,19
15785113043,0
15820779120,16
14153179213,3
15736588643,11
15675434414,18
14384783242,16
16023643154,4
15308297035,4
15887500456,3
14935694024,18
13975083593,14
14191399361,15
14411048047,8
14168653619,19
15792785525,3
15822826026,13
14918661234,3
14163834611,18
15718934174,12
14553526573,15
15689466424,2
15794616378,18
14131674650,10
15401545110,4
15667581513,19
14064325672,18
15843411866,16
16032489649,0
15925565397,3
14793629893,14
14073561117,8
15620972691,14
15815263068,16
14067368031,10
14245548112,16
14286375305,12
14018937128,3
15833717786,16
15232481447,3
15685726748,18
15626198907,10
14224273419,6
15962610239,9
15419515887,16
15497088272,19
16002125514,6
15520928337,11
15798059533,2
15999723558,7
14492747150,0
15979311097,16
14157635854,13
15102818211,10
15212535597,14
15975142035,10
14180348724,4
15594849385,3
15719683469,14
15696747022,14
14653781172,10
15787736390,9
14143022333,8
15714783393,7
14393740460,6
15681701334,13
13986292570,3
15421393268,10
15355347719,18
15994137440,0
14150665013,8
15718361449,0
15706490251,4
14097931485,19
15406134884,2
15931377918,9
14402642738,5
15808795155,1
15932114916,18
15815115396,4
14785129850,7
14204103682,13
14167092097,8
15506993674,18
15928590888,19
16015906344,0
14342825621,6
15445370992,11
16033302176,1
15916592332,0
15707409318,14
15834314592,14
14130966175,10
15769693114,1
15807176026,18
14613559860,16
15886348013,14
13830284667,13
15684729929,7
14201129332,16
15508072594,8
14146128897,18
14200089016,16
15918309805,19
14132327466,0
15829147091,0
14942993132,0
15793862550,16
15974776142,19
15601272506,9
16012626332,18
15955289046,4
14219603430,13
15000286388,15
15450767164,0
14847297956,14
14495137276,13
15921003138,0
14472150792,3
16006751563,13
15219001949,16
15957222534,10
15137969170,1
15756608903,3
15620099424,14
14187826237,9
15770803804,18
14993212451,16
14129063913,6
15977943562,16
15830292938,11
15981256189,2
15817710893,16
15827230136,10
15365231824,0
14148289741,3
15829238021,14
13917026033,19
15788835248,19
15734946041,3
15390956523,10
16013413872,18
14447528506,12
15258695663,10
14139680201,15
14228161062,16
15835170602,14
15403468161,18
16027003601,10
14200948682,3
15983963191,14
14187174797,14
14469554908,4
14485319942,10
15821853294,14
14707826851,4
15981858776,19
13981298167,1
15672800283,18
14749223665,18
15780232947,9
15854355857,18
15664037651,0
14881158540,16
15228816390,19
15148280896,12
15550465979,12
14237127418,15
15475574736,8
15772751146,14
16014604113,1
15132573770,14
15932918656,1
15896048301,14
14472213688,8
15766266105,14
14488281932,12
15354150311,14
15856287305,0
16011383138,7
15979429501,19
13846864930,14
15736198664,10
14087539005,0
14845821601,19
14418921404,18
15304792336,19
15881826357,3
14187450110,10
14080053822,9
16012906878,18
15694879936,10
14169159427,6
15240040971,16
16008600611,12
14863881125,16
14248336931,0
15999152682,15
14487978068,9
15903582272,10
16026973013,14
14775089751,14
15078551174,7
15939744136,14
15572833397,16
15646439311,15
14016518334,18
13955308878,18
15549720225,12
15764656888,3
14132518078,2
14076744960,13
15820209612,12
14222667053,16
15354874492,3
15640160953,2
14465167321,7
16011268547,0
16029788793,11
15832445993,18
15946457384,18
14178883743,2
14033011176,15
15003030363,2
15417652531,14
15605484444,14
15463308368,1
15981516362,9
14711642728,2
15988836023,18
15346215181,9
15893368972,16
13774784879,3
14457012447,2
15976947430,18
15445842399,16
14457910470,3
16032502927,14
14579032194,7
15774399412,16
16006526582,12
16030411455,10
15909639460,4
14208994243,19
15711604986,18
14838895484,9
14148991071,19
14057073500,9
14108048289,10
15698553230,18
14203650788,15
15813826150,8
15770807696,12
15312072116,8
13748195290,14
14986678388,12
15766247834,4
15820212168,4
14147799278,14
15944321480,15
14229386260,0
15068338932,2
14197558095,0
15999426729,12
14005571736,10
16000476986,13
15590418595,15
15999284891,16
14813806664,14
15812098458,0
15315949847,1
14209238258,0
15937789128,9
15935349787,16
15396218593,19
14143962594,0
15850812350,0
15402112060,7
15055627587,10
15832764467,4
15765255547,5
15739499422,9
15807561161,15
15582268013,18
14486122038,1
15005507135,12
15881292624,10
15546915168,4
15811649774,6
15641725021,18
13997830065,19
14164333955,2
15157748466,0
14721075993,18
14136440107,0
14489545852,2
14157944652,10
15785149267,16
16015862297,19
15176216506,10
15826826881,18
14201129366,14
15787499377,0
15782758051,14
15783841327,10
15446593157,14
15815824909,3
14145142417,4
14182921637,0
14355218507,7
14233518447,8
14163214314,2
15896630632,3
14424003003,13
15954571245,12
14475570930,15
14156688497,12
15726224522,18
14917199288,6
14129903620,2
14957555777,16
14465475625,15
14448016407,13
14912926924,10
15583057414,10
14128488657,11
15522999545,2
14228221434,8
16027896073,10
15807424211,12
15840388194,2
14333481782,5
14197246996,10
15829868081,16
14214991020,0
15603821479,15
14934003748,12
14978808486,2
15496478566,14
15624310368,16
15122379665,16
15994783372,10
15888567868,16
14195833749,18
14135324914,18
13877216242,13
14218197385,7
15358692328,18
15991176202,7
14475954833,14
14168188873,19
15775723607,18
15792648273,2
15836240558,6
15386886125,16
13875225436,9
15791143509,18
14190019667,4
15361397987,16
14737386014,14
14786064056,1
14458174622,14
15296155603,7
15944282418,7
15754189938,14
15348522819,3
15549175737,7
14904787008,0
15888506174,0
15849727685,10
15106878522,18
15642984830,13
14255231131,13
15784574628,4
15955288225,18
15924203506,2
15622654913,14
15857011542,13
16006153729,14
15588527006,7
15924829185,14
15917110123,19
14351685220,19
13990235823,10
15869133324,4
14469757227,11
15811937773,14
14445269071,15
15835163114,16
15933806875,17
15144157613,15
15291021866,4
15957310188,14
15462609832,16
15707009966,19
14166824797,8
15254436312,15
15990993677,4
14440358355,8
15827686526,8
14451863012,0
14360694800,3
15244764726,16
15838792847,10
15255149584,18
15548677954,0
14383350581,15
14096383821,9
15445919028,18
15798134342,13
15955369691,14
15974647274,18
15911402428,14
15637110284,3
16031213191,19
15561384065,8
15591615062,16
14195330714,15
16015658071,16
15240515450,4
15333250157,13
15700650775,4
15900602971,12
14475440958,19
14414522980,15
15306196413,16
15934957287,19
16005477023,5
14420400013,15
14821487696,0
16014044442,3
14701871415,19
15749411284,0
16034436915,14
15926181099,18
15688111241,10
15688402065,15
15710075369,10
14552968763,10
14104427210,9
15319697737,16
14381933603,16
15854855303,18
16002471173,0
16021819885,14
15982495857,16
15403392966,19
14203743095,8
15771799996,10
14819077365,4
14749481266,7
14152062747,12
14329868498,0
14160372665,14
15969741693,2
14124949879,10
15838801793,14
15355786004,14
14148898747,18
15009550074,8
15848215477,7
14053663164,16
15785460235,0
14020089098,12
15591803881,6
16006156481,10
14434734285,10
14233373098,0
15688401388,4
14874886252,16
13877624398,15
15625399656,6
14118021069,8
16017654364,0
15303042158,7
15403663774,7
15748042374,13
16013153668,14
14661795868,15
15361405205,0
13973503116,19
15342487252,14
15854855549,13
15357754907,16
13734324702,16
15585346004,13
14856863146,18
16030667667,18
15098648217,2
15872796846,14
15973835648,5
15902851076,10
15992703654,14
15869835880,19
15433257281,6
15666137235,19
15810984559,5
15543884128,16
14129780038,16
14559938215,10
15225956179,18
15868786062,2
15113551195,0
15959320496,3
14291054465,0
15897857712,0
15394727108,14
15474195721,8
14360184200,16
15850412175,16
13134531318,10
15507798577,18
14112088346,9
15833392795,16
15907186572,18
15737758732,0
15977621733,19
15998910032,7
15510492446,1
13999107551,14
15851444068,11
15663904184,8
15772780876,17
15672258462,13
15564771055,16
15315970205,4
14237727944,14
14364908110,15
15830838346,13
15810111277,9
15386697714,14
14036504508,4
14614732256,18
15766219766,6
14170248807,16
15532420425,17
14002483974,10
15849687114,19
15799715057,5
15608640024,14
14207700322,0
14253264483,10
13742616885,2
15733784664,12
14134372696,14
15748145390,3
15966192692,13
15286984822,4
15755790798,9
15815276932,18
14517325380,4
15658608738,16
15829949537,14
15700121183,15
14187488798,16
16008029771,19
15898265050,16
16012503451,12
14157106070,18
15796272404,16
14934495859,18
14134803880,10
15426404652,8
14459409128,19
15809911390,2
15436187758,14
15706247015,0
14146755315,19
16005986249,18
14364810543,12
14173931508,10
15823370257,14
15525134780,14
15513259121,18
15502104065,1
15568295302,16
15980427496,0
15266853113,14
15401451817,0
15734183634,16
14086947324,19
15743482125,12
15850908498,2
15775963722,16
15654268145,7
15190822485,14
14492670287,2
14042270704,19
15730474323,3
15973115616,14
15828812524,3
13842257722,4
15422114023,13
15436058516,18
15587688261,3
15856046801,4
14551764900,19
15843417883,0
15290970052,19
14704693434,7
15788300232,0
16012394027,16
15575827248,14
15597114116,3
14870649225,16
15804840329,18
15646727954,4
15868165813,15
15979438255,10
14451498328,2
14675879205,4
14193766042,14
15980409206,7
14462343944,7
15527485223,2
15619539856,4
15884502922,14
14030957712,16
14424091883,16
15743010609,13
15753021945,19
15996333330,16
14195055664,9
16009867547,13
15926081257,10
15802450333,14
15819675601,18
16001744005,16
14054896874,17
14198581781,14
14630261693,8
15990487114,2
15839012023,4
15850818211,14
15767809122,1
14151105664,10
15332183172,14
14114211405,7
14155083315,10
14201655903,16
15771519547,18
15630955245,4
16015099547,19
14396196653,17
14166125442,14
14330391740,9
15370899224,14
15940827483,16
14863881021,7
15932219877,4
15730625087,2
14156618637,2
15149091441,10
15817486776,7
15820705509,0
15464830068,8
15751689586,2
15743679050,3
15799101652,19
15007426996,1
15761575840,16
15906549575,18
14239724454,18
14395037635,7
14427150505,16
15997842868,14
14867421254,8
14493123581,15
15687675790,3
15698628573,16
15589294326,0
16011200748,8
15960647139,2
14038485967,0
15027396396,8
14213944788,10
15532757300,18
14665491654,10
15885278169,13
14738569050,14
14181408709,14
14855611555,3
16018914337,15
15249413248,10
14069219078,10
14220754158,4
15252780392,3
14018087040,14
15338720140,18
15992437505,12
16015809417,10
14470989885,15
15876248785,4
14400459538,15
15238637491,12
14262370373,0
14435100887,16
14684861055,17
14493915733,11
15751227893,4
14838554139,3
15814252692,8
15778468815,4
15421289470,14
15768392154,16
15958262805,7
15561480468,2
14994490511,15
16002060723,2
15393831974,15
15815346656,10
14116939348,14
15176453575,18
15759466649,2
15560991669,11
14130262608,14
14839155116,13
15627709889,8
15775823808,0
15874937774,8
15997752956,13
15827318937,18
15765518205,11
15187723380,16
15936730242,0
15944331243,9
14030964027,15
14058770132,19
15909314761,14
15391875805,10
15958610530,7
14208986411,8
14136252467,4
14934496410,7
15992892992,16
15864364747,3
14876025138,10
15854355860,3
15769820754,16
15074179691,18
14433647847,2
14166176452,3
15991989974,19
15795407220,2
15808446302,0
14951449737,16
16000530869,3
15739538319,15
14273459695,16
15986875416,14
15798072125,4
14403625976,9
15795135298,16
14474209624,10
15764871434,18
15832686726,13
14403625804,12
14546367901,18
15785445777,14
15134140978,14
14191991487,2
14054243103,18
15723609928,0
15377857711,18
14236171757,7
14281174364,18
14417050743,7
15298223707,8
14441714125,16
15523630999,11
16030488309,14
14201640330,9
15820779976,13
14167536858,0
15840991378,16
16034869643,18
14470866462,15
14129387718,0
16015804890,14
15729833509,16
14318622871,0
14209656326,14
15804844341,10
15911345842,18
15820891432,16
15734180996,4
15905770236,16
15602611242,18
15993866960,14
14486160585,4
15607751262,0
14456633688,2
15874057519,8
15592561406,10
15625937855,2
15099937213,10
15843886902,13
15830187445,12
15781920206,8
15899119145,3
14526349932,12
15452759607,1
14131613211,16
14988592485,0
15420961050,16
15902478003,16
15799854661,3
15632116002,4
15782849181,1
14231161029,0
15878334714,13
14451608538,8
15375461934,2
14623500120,16
14042012347,15
14152696687,14
15605397942,0
14339705891,3
15783338605,7
15582055357,4
15769653763,10
15829112535,2
15697919218,0
15896401849,2
15957877941,14
14256371511,7
14174447052,16
15938879416,9
15592939324,15
16028910339,7
14471134844,9
14222106471,18
14101743240,14
15423707081,2
15674567524,19
15938252540,3
15768224687,13
15942341074,16
14221247034,5
15720033353,4
13898242692,9
15353668103,2
15402585717,14
15128870088,9
15909242002,16
15882803033,12
14205567092,16
15103832980,1
15897662579,7
15816320166,16
15577694884,18
14125164586,8
15875728042,14
15336242742,16
15019030232,2
14185587186,2
15306266755,4
13796882080,16
16000265158,3
15633738851,16
16007374303,19
15906003524,2
14360224522,9
14448353402,16
15923402904,14
15722186935,3
15549804862,7
14078551428,11
15764884589,13
15938669543,0
15646155287,18
15809956878,5
15240456598,14
15442177194,19
15804298921,5
15817488375,0
14395076153,8
15970430486,14
15572972781,18
15702831041,2
15833295854,3
15841244530,17
15299777926,14
15498079866,0
14342681659,7
15870735012,16
14175608206,18
14139855747,15
14231196589,2
15984795718,14
15767815764,19
14213517075,10
16014209269,1
14392003673,15
15438259724,15
15690658196,7
16008347029,14
14200006799,3
15852966192,18
15719705200,16
16013360371,0
15278121499,2
15392228382,16
14237956932,16
14147997401,15
15668751470,8
15670756417,16
16026835311,0
15936866690,3
15613978562,14
14047310251,0
14198407056,14
15911001856,18
14928119770,3
15243290836,10
15785445193,2
16005255990,7
15856336945,18
15427122616,0
13754969808,7
15669488572,4
15791619249,4
14871982744,8
13695136154,1
15247970408,15
14040956561,17
15857592489,18
15786650886,1
14271480629,13
15894524058,0
14217601082,18
15805705188,16
16016719108,11
15048691082,2
15315810219,9
15768515523,16
15275248010,14
15637838363,14
15831739669,9
14388073428,4
14393702723,0
14425039343,7
14275308948,15
15480044731,0
14147496190,13
15774024205,14
15632862983,15
14456457951,13
15826339840,16
15787203257,18
15734807498,2
16025314523,18
14092648502,3
16018698411,15
15805935304,18
15530410981,4
15743126182,16
15617212394,14
14194161247,14
15813393619,16
15651961224,14
15807724143,5
15573458100,13
15219083226,13
16016046937,18
15664546284,6
15685911064,4
16035176333,2
15476986129,15
15581496777,12
15605271097,4
15820144672,5
14050281174,7
16014047593,0
15763749664,16
15826908751,18
14230548261,13
15998469435,3
15830837404,9
15912896439,7
15903416903,2
15765051023,4
15869836686,4
15806726694,14
14107612948,19
14169958283,3
15160831083,15
14128145859,18
15771562744,15
15961428590,16
15620896059,7
15786772088,4
13998680747,0
15697116849,14
14481306008,13
15953202046,19
15978977101,9
15593660074,0
15890112518,16
15794657015,8
14164433854,18
14177145269,18
15077946837,8
15316885773,18
15710361026,14
14131216011,0
14147023452,14
14472126260,3
15388049151,2
14483732915,10
15309294653,9
15733297957,13
15686275067,11
15909727342,0
14393085440,16
15961652942,14
15922270467,8
15622727638,7
14256645552,3
13765200524,19
14186860739,16
13909335806,19
14483733761,9
14080053772,19
14609255492,18
14080670515,14
15148024005,16
15403587518,15
14019367741,17
14000744007,10
14128295061,19
15404479831,16
15094692868,0
15986117187,16
15823848519,17
14131465889,16
15757512498,1
15800306143,16
15365255215,18
16024063712,15
15766147315,1
15952052500,3
15889167736,5
14263833749,10
14134649221,7
15996484882,1
15085478513,10
15697434162,18
15853065547,12
14117469878,18
15783521532,4
15515551363,3
14213065719,4
14138074451,19
14437179146,14
15720602568,14
13938516360,18
15413235253,9
15307087938,7
14194770617,2
14333256707,18
15869913114,18
15833641687,0
15970138535,2
14182211286,12
15956442430,16
14730301050,0
15630276406,16
15854849151,18
14105451352,10
15876273288,18
14227006414,14
15807817617,19
14946736983,9
14477395967,7
15304310258,19
13825631982,10
14490202412,4
14190636531,14
14217823533,14
14563967970,19
14881158594,16
15957290227,18
14375611683,10
15252611920,4
15932374940,19
15563533744,0
15708537600,0
15273139433,18
13788618007,4
15890958223,4
14364337414,9
15368701929,0
15686652719,16
14588959048,10
14120389200,18
14901607857,10
15263953046,0
15930513616,15
14181631081,4
15889865288,19
15754440287,16
15799874124,4
16013144508,14
14094086312,0
15499351745,18
15793454995,12
15897545648,10
14471275050,2
15729799277,16
14749479041,19
15994858483,19
15887578633,14
15757540800,4
14188841776,10
14891479539,0
16009424523,3
14128166431,10
15780853590,16
15908294754,14
14190271137,14
15910162202,18
15482435678,16
15381608245,16
15229182781,1
15990931180,2
14947774771,18
15587991412,16
15913253696,9
15991549061,7
15944101834,7
14297836284,3
15334060131,10
15949201887,18
14415257231,4
14187854802,12
14900557954,12
14217663521,13
16010934928,14
14825083309,4
15708010604,4
16020445922,7
15708854691,4
14187278168,10
14019523576,14
16004292698,19
15794074602,16
14131614286,4
15069563523,19
16006156312,12
15955595019,0
14488030490,11
14205513334,4
14395863334,6
14852637931,16
15732399332,9
15763626288,16
15932313608,4
15881357528,16
15993399043,1
16025069741,3
15686182711,12
14164005531,15
15957045535,4
15608068246,12
14096064951,18
15681830822,15
15887607073,2
15879763798,19
14219990585,10
15789215638,7
15734858178,10
15810742465,16
14223424940,19
14253239069,0
15744872611,16
14161521134,10
15711615469,2
14664959471,16
15521341050,16
15975335108,13
15844072299,5
14145966818,0
15883020670,4
14437909052,13
15941020402,8
14285543987,14
14144249961,16
16028609600,2
15134230008,2
15632001667,2
15805485782,4
14085701409,16
15821759929,12
14880252794,10
15484648190,0
14565484321,8
15409572990,16
15263650472,13
15662026904,14
14233579884,3
15891069796,3
15869835582,4
15373420564,10
15733337356,9
14156660864,16
15727175941,14
15697751143,14
14090444587,2
15618163481,0
15589667391,10
15665947355,19
15425164248,18
14938995508,2
15254298639,11
15789731157,1
14165534112,4
15814240928,19
14136534521,10
15732797377,14
15899479701,10
15069006900,9
15994222473,8
14137809450,8
15872419538,0
15836719676,4
15905985353,19
15979528957,14
15089443433,10
14158768525,18
14120856807,10
15956831179,16
15355902298,14
14032249134,15
14195258782,12
15579826420,0
14252609180,10
14140669370,16
15905770894,16
15978593420,4
14180352947,9
13995663334,12
14435353732,0
14156685272,0
15957623190,18
15448888844,9
15912818311,16
14189992131,16
15418366687,19
15911598742,18
15275791725,18
15924314750,9
15840506532,12
15976883703,8
15873808452,18
15238972851,7
15938853404,8
14063201010,14
14025803055,2
15438847543,3
15193399860,14
16000695976,18
15713745186,2
15830788153,8
15348522565,12
15096006598,0
15663904550,5
14195672900,15
14164080941,8
14181774294,2
15945929836,7
15952300420,14
15457039764,11
15880245093,4
15960647130,2
15819292266,13
14246161060,16
15314711523,18
14759132754,1
15170967493,0
15773036626,1
14203747845,19
15650782991,14
15832154502,3
15919111115,14
15652346442,16
15950946153,4
14159285398,16
15640407575,10
15901774751,19
15875590751,1
16000581054,8
15589181525,10
15994481738,16
16025300860,13
15718365854,18
15356232560,0
14707826892,14
16034357070,8
15188297281,1
14164212046,8
15776205935,2
14129345116,18
16018976751,15
15389821329,16
14122435613,18
15512523006,13
15544404985,19
15940958101,10
15773665796,15
16034653662,4
15874760599,2
15893382898,16
15788265305,7
15695309244,14
15792831981,19
15436077308,15
15996159141,19
15868532770,3
15909905518,16
15725699895,14
16018680400,16
15979721422,12
15977479938,14
15124727482,5
15765281687,19
16014556290,18
15178441410,8
15901138863,4
14128489622,7
15566199315,18
14484168145,3
15523124169,0
15920755792,18
15891203879,14
15739622276,15
15608937465,13
14212665563,16
14163058099,10
14601819283,10
15854219984,18
15348624331,19
15526312700,13
14189603510,0
15925773740,16
16033302052,10
13536360476,19
14332970988,3
15743399961,0
15818762525,9
14481458438,14
15266734031,10
15979563972,3
15626123741,16
15791439784,14
14104721095,10
15503673482,0
14254733249,6
15777983283,12
15791100285,7
14489246511,14
16033498269,1
15726699173,14
15576888624,16
15717925074,18
13971574285,0
15289660197,7
14739982540,9
15522999790,10
15397904269,9
14903894789,10
15637408183,3
15874481590,19
15758534093,16
15846887745,2
15984713646,18
14065531057,7
14172262787,0
15982959901,18
16016664092,0
15507441314,0
14236700232,3
14765737235,16
14146065919,16
16030399486,16
13782281811,0
15962192788,19
15711768089,18
14986550600,3
15831751624,3
16003940259,10
14394563167,10
15942570061,16
15989866232,7
15455566870,16
15958087643,12
15191100195,3
14211926213,15
16012229324,14
15761134776,14
15097398283,18
14210667814,10
15273139669,14
15385090561,2
14813599958,18
15891106447,16
15807001723,5
15634533937,0
16008786225,9
14208684349,16
15785427716,0
15532857311,2
14865491963,12
16003482925,7
15587840642,0
15001261259,16
14152932123,13
13955297644,10
15695208117,18
14112000494,14
13989117358,0
14219986575,16
15919629877,2
15433317871,2
14939335520,4
15586199472,10
15700851127,10
14233320084,8
15380261814,0
15891153434,14
15822108046,16
15951760443,18
14492203670,16
15808504416,18
13984867550,7
15903285324,7
15575055143,16
14347561282,16
15508984623,2
15477088833,10
15359479283,11
14198973850,16
15783433887,13
16026441749,12
15768006365,7
15503229305,16
15997856079,18
14097282874,13
14282385779,18
16008786229,16
16008579848,16
15105380545,9
14380318305,3
15750659045,7
14366054389,3
15859448902,13
15831418911,2
14906552852,1
16007368187,14
14196822706,9
15621040790,14
13881463369,0
15980544990,2
15674060657,0
15833502873,18
15262563732,8
15984430656,10
15965172628,16
15800924745,14
14246359109,5
15781792658,3
14493120460,2
14094341111,14
14156692377,15
15780196982,14
15464343006,13
15740623188,4
15768798524,14
14141832555,17
14184160182,3
15926488013,16
15877490236,0
14770604602,18
14487728589,2
14205152129,7
15289578130,16
16022507242,18
15607951605,15
14178792252,11
15329780197,14
15245277669,9
15970274400,12
15805546174,12
14144881750,14
16008601885,16
15587802545,1
15622118413,8
15160058920,0
15975362655,18
15750102854,16
15518087771,8
15134140971,15
14127287267,8
14263911025,11
15513028887,14
15824877679,3
15868839030,13
15994636055,0
15832297723,18
15948593396,10
16027626630,2
14986682122,10
14232203638,16
15761926741,13
14395133825,7
15972309641,18
15651374870,2
15786572691,5
14987106016,3
15641627543,10
14354822675,9
15915964691,14
15058609076,18
15640392773,14
14184501467,10
15621725466,16
14179442350,2
15908949013,15
14115038349,12
15849696297,8
15968498160,16
16029850723,16
15709651169,18
15732357662,14
15374067806,14
13995670718,2
16025802448,2
14839886959,19
14018087041,15
15636352838,1
15152938332,18
15891572228,2
15934932508,4
14176188925,10
15621712105,10
14257098283,18
14124774679,10
15501615729,18
14147743499,18
15642813686,6
15854323806,14
15591803260,15
15992830031,16
15345858183,10
15802729142,4
14491270472,3
15720055157,10
14953142417,0
14424669170,14
14210571907,14
15508940319,19
15941931559,2
15823084569,7
15773695885,15
15837534921,4
14160615129,18
15630587976,16
14472272875,5
14174520937,2
14599691162,18
15894882433,0
16007291987,13
14126607496,16
13755296684,11
14860634422,12
15844019452,1
15487027964,7
15358484881,14
15235930149,1
14144687566,10
14292502642,1
14320275120,18
13816416754,12
15976006591,14
14070830550,14
15497223567,7
15807685213,14
15902752797,0
15849333684,4
14094284459,1
15191113916,13
14185743774,4
16008095268,1
15821849082,10
14704910015,16
15804760121,10
15841935952,3
15921854334,19
15820682501,14
14472140957,14
15808957462,0
15999637943,1
14483847394,3
15889102981,12
15906747886,2
15574798404,2
14188539702,13
11699387790,8
15388204423,2
15833168105,7
15735484481,16
15837813309,15
16034239898,14
15805558487,14
15751731971,6
14480918111,16
16007672864,16
15650679369,1
15804952836,4
14385832943,6
15833267105,1
15417881817,14
15894431784,15
15629469172,0
15570767955,3
15758199079,16
15999401139,2
15303027937,16
15742676134,0
15199023961,16
15881826027,3
15786377113,4
14134265167,19
16004747767,15
14215586925,15
14400973750,3
15785425733,14
14103555439,3
15193320919,2
15616359682,8
15957372333,18
15877780833,8
15789126719,16
14992418406,15
14791565142,10
15172371178,14
14142113513,4
15687611088,0
15307259208,16
15277073287,18
15234946094,16
15836175477,14
14196908143,10
15270006120,16
15926732740,18
15847469769,8
15903906421,19
14474539463,1
15892490423,19
15244386208,18
15869307347,18
15160495515,4
14342681599,5
15786128149,4
15169406216,10
15868452520,14
16030261851,16
15735561793,0
14979653106,0
16014247707,0
14228279048,5
15609695790,16
15687440485,4
13866314264,12
15596491332,0
15767816007,19
15770113134,10
15700885894,10
15621612814,7
14460280125,10
15233137327,0
14071518269,14
16026543846,19
15702730597,14
15684712377,2
15830690338,16
15994433687,0
14168510775,14
16018851802,13
15784471816,13
13862577656,10
15312396529,16
14215078028,14
14476761530,17
14219363614,12
15914913434,3
15671868611,19
13829679772,16
15987389517,2
14083472923,14
14738454743,1
15130747513,3
15843141676,0
14369390871,16
15391994441,18
14180607857,16
16011922785,7
15423636115,16
15988364892,7
15404697716,3
15199933700,16
15766874415,16
15799919977,10
16012390300,18
14201502340,10
15965040513,16
16016933325,3
14422744871,3
15811133450,4
14188208082,18
15337910463,14
15812121547,16
15960709638,13
15726024089,5
15707921609,11
16025233149,18
14977784425,14
15344976178,11
15988853835,0
15582468831,16
15956128414,2
14116202115,16
14152552400,2
15895978482,12
15780341739,2
15247149695,12
14079597044,16
14359392576,2
15727709278,18
15857824519,16
15939049313,0
14736752263,15
15489006549,2
15786053027,0
14060354314,0
14133788799,0
14463133673,7
15390709135,8
15514244189,16
15410429346,13
15451771883,10
15743010568,2
14262887298,0
14293919621,4
14007244577,0
15841151188,19
15767654721,10
16009738800,8
15209490729,4
15327074442,1
14104555181,16
15256173731,13
15843250133,18
16033245113,12
15872596601,4
15546523675,8
15755985986,19
16028686239,14
15814658516,16
15764472388,10
14412243595,18
15995790793,2
15265979716,0
15784544905,14
15544468690,2
15648979928,14
15770798300,7
15921374252,3
15407885459,10
15967923617,18
15791871724,7
15877134020,14
15795366865,8
14426987157,6
14091424187,0
15168099404,0
15932426219,0
15925615529,14
14568271064,16
15964233293,12
14206528156,13
14123649269,18
16012108351,7
15906127885,16
15798861777,4
15430691659,1
15579573423,3
15768332301,13
15437603582,7
15958683797,13
13976603946,11
14304451970,12
14201505472,10
14052638671,19
15714835320,16
14141169633,2
15927923029,15
16000268201,16
14437179035,1
14136702404,14
15434422874,10
15263828190,18
14344781668,18
15370180841,14
14740130884,16
15684854829,3
15418532279,14
14246088850,9
15737023092,1
15788133571,0
14471611370,14
15200208121,9
15980003189,10
15735889841,14
15836235995,16
14492676311,16
15016836219,0
15938702043,16
14463151488,13
15756966542,0
15972988319,10
13141743383,2
15908263113,19
14478712527,9
14231952705,15
14493171572,9
15892434723,18
16009481442,8
15891085789,14
15752742628,8
15689422674,17
15621045761,14
14185714656,9
14103944074,10
15365517073,0
15343263860,18
15623462470,19
15526147297,18
15818468528,10
15981299797,5
14215303850,10
14170073483,16
14197547964,16
14118138210,16
14416033916,15
15605054266,14
15794648037,6
14067232256,3
15994129519,18
15702904194,14
15730609467,10
14158159882,16
15641789201,1
15327048174,16
15349010849,18
15747048186,19
15767292115,1
14456708378,7
14140014754,16
14418936431,13
15799965290,1
15890958166,0
15956798473,18
15268123754,16
15780755890,18
14173094532,14
14122204923,3
15998671225,18
14152918186,12
16009322896,16
15785820360,14
15685726462,0
15480690500,15
15580865391,16
16003482954,9
15943523550,15
14224692721,10
14196146384,0
15940000767,1
15096559216,2
15669526234,14
16018321163,19
15481015080,2
15312803492,7
15568334137,16
15532399877,16
14148086592,10
15684851280,18
15832285937,3
15731446476,18
15789887393,3
15356893989,4
14415850626,15
14343972480,2
14087891961,15
14910060960,9
15872428662,13
15777223951,18
15190636852,3
15726004147,8
15757883760,18
15098476293,8
14897217067,16
15668593323,9
15630351057,1
14993793777,18
15870376975,1
13113201940,1
15251538940,7
15634731242,2
15842267051,4
15429760250,7
15532208042,0
14262554587,8
14854426249,16
14090357100,14
14199096504,14
14146641088,10
14203998081,0
14119225700,18
15737608428,8
15382823332,18
14815293527,13
15449491737,0
15745960070,14
15810161736,14
15982760845,10
15906137761,7
14988012637,10
15186722453,8
14173096380,13
15976060078,13
14476951361,18
14726053125,18
14358421124,19
15730751555,9
15112288689,14
14366605608,9
15803844782,16
14175961806,19
15792643162,18
15619981879,16
15649329167,4
15799965216,1
15102408244,4
15786446311,16
14261581111,16
14947434671,8
15388153829,19
15962628947,16
15398275260,1
14150086531,0
14171364725,10
14705553287,10
14076198978,19
15925932805,9
15768016309,19
16015683198,0
14446983413,3
14263092045,12
14207507843,8
14563752583,9
15709928441,4
15729676180,14
15506016395,14
14150287302,1
15781410950,9
15755336618,19
15875215088,0
15367569506,12
14102896375,12
13996564938,13
14448872283,15
15408448232,16
15886334163,5
15769269439,16
15018746206,18
14206037438,19
15229833753,16
16010159775,0
14146081963,15
14973066919,16
15995326998,0
15775725945,0
14411689339,2
15871282038,16
15981617000,3
15712071984,13
15826009789,4
14043049275,18
16028499650,16
15997805144,4
15908622000,19
15834374646,3
13965974589,8
15905136206,8
15973227987,16
15966999049,2
15337483231,4
15824335483,14
14238401678,16
15752249360,10
15228757307,0
15733986273,8
15999647283,4
15767372920,10
15568867299,10
15759780827,9
15448700846,16
14174898564,16
15735605897,0
14259752295,0
15869991034,0
14215144004,15
15992229978,13
15970357328,15
15822400595,15
14729253470,18
14212779116,18
14444778107,13
15939042178,9
15821469317,14
15886432290,3
15694094510,10
15149124105,2
15743413362,9
15785421010,14
15624828094,4
14158125583,18
15735445109,14
14458912345,14
15871843610,10
16000133646,14
16009300672,10
14193745466,2
15620175858,13
15331651008,2
15766714332,19
15786303952,0
14164432974,14
16010682595,18
15777936310,7
14148551504,10
15798443751,0
15369583765,15
15712580702,19
15337791712,4
14245948044,10
15833926614,13
16004736810,18
16014257034,14
15702127489,3
14367994223,13
15245356212,16
15245404447,3
15696152990,3
14144208646,10
15736505177,11
16014813150,14
15997722707,14
15665905684,18
15722706610,4
15946457702,16
14024536412,16
15653488274,10
15773979526,0
15714360208,12
14190742695,18
16018419336,3
14168159428,2
14468829104,12
15801939787,7
15604875372,15
14978910284,3
15026323563,15
15760919498,4
16010842232,8
14401744385,0
15771708344,16
14211898622,16
15879360576,16
15830850365,14
14156359459,19
14574307659,16
15520645887,1
15810159837,6
15848475850,10
14406416593,13
15881372224,15
15872686668,14
14471056629,14
15785157194,13
15078241332,0
15728462112,4
15956465060,16
14036638978,2
14212865776,5
14220616864,19
15793500983,5
15671362763,4
15535090781,4
14768399753,2
14236874922,14
14433011487,7
15987746733,12
14044509373,16
13832156543,3
15128504971,3
15824187737,13
16027253202,16
15859459052,16
15683731111,6
15561635938,13
14193986096,10
15808097624,17
15391042007,13
14438990512,18
16025973010,13
15319279270,18
15296386420,15
15785626034,14
15553067415,14
14360281767,10
15805935298,18
15775478854,0
16030842777,9
15835344359,10
14189354190,7
15883490146,3
15713564838,2
15775573967,10
15984114956,9
15872312585,14
14156044572,14
15797527161,15
15929967929,18
15821760581,7
15903163721,10
14205139024,9
15622156962,13
15245246154,2
15952987680,9
14156824673,13
16032153102,18
15820231203,2
14210641927,19
14420131122,15
15303167271,4
15627415183,3
15277073371,10
15929183395,10
14207263968,0
15635341190,14
13862650314,19
15939075840,8
15901424661,2
13876950616,13
14743327169,7
15357950242,4
14198911675,4
15934166970,16
15515838425,2
15954755697,14
14172795698,17
15905040394,14
16013307361,2
15711800895,7
14478453530,16
15896619039,14
15927403366,8
14447507077,19
15248626052,10
15781489616,16
15796668299,18
14265076347,7
14415940673,12
14922159243,0
15717657609,0
14198546981,0
14151572548,14
13814438327,4
15831452204,0
14159720200,14
15941154250,19
15485730129,19
14467172032,3
14200421444,14
15920667845,14
14137218236,13
14136410880,10
13806869857,8
14213731357,18
14219003734,18
14175679459,7
15984236034,9
15382250889,14
16023082926,19
15933800119,7
15827702526,14
15822750081,14
15366856682,2
16017055528,19
15060915372,19
15922645256,14
15595321718,1
16000695783,13
15418551956,16
14146112292,15
16029947847,13
15868931244,19
15390142518,6
15038776641,5
15344095211,3
14214220109,7
15429851625,12
15939925275,4
14858935017,14
15621823704,2
13966265817,16
14215032186,14
15230348272,2
14074489863,14
15711661282,19
14863046469,10
15869134337,4
15807484592,10
15953326472,12
15727579691,9
15510205530,2
15065114674,3
15348179742,16
15826833859,16
15736469028,4
15240169004,9
14480694643,18
15628882943,16
14431294159,8
16033227807,0
14517352917,8
15814383075,16
15862657359,14
14486099131,14
15891495481,13
14491887209,2
14023624612,8
15687610725,3
13954567873,13
14193310251,0
15691562762,2
15089005506,17
14445494304,13
15911211492,18
14478353424,9
15677466338,10
15920740601,14
15170967531,8
14110778409,0
14099466160,19
14116135405,19
15892627086,15
15844097841,13
15928997158,11
15296196146,0
14761890636,10
14439320445,18
14358220896,14
14182753504,7
15838966085,2
15285116557,19
15809487512,17
14230423528,7
15943987063,0
15926333826,18
14257665789,6
15778219139,16
14613439815,18
16017813280,16
15737023540,14
15523091301,2
15575444064,18
13965625070,19
14147752925,19
15718114158,3
14095138916,15
15933935221,3
15811490086,19
14601175062,0
14024570991,18
14169637921,12
14142839002,19
15753017300,0
14493122829,14
15986299075,10
14154197128,14
15934403620,1
15947613170,0
15351427878,18
14353823306,14
16014206451,4
15695309280,14
15798048117,2
15914379095,9
15828043551,19
14874077712,0
14404435812,8
14030726627,4
15108081169,18
16006027324,14
14470643401,0
15466018665,16
14214919428,7
14166742471,0
15927632034,10
14231316360,10
15577420820,14
14060617755,4
15765460884,10
14434647743,0
14198509028,15
14169824807,0
15908776605,12
14216468983,8
15958130554,13
15931260712,14
15513170704,18
14379905360,15
15720420582,4
14847808277,4
15845339874,13
15149123319,15
15875926883,10
15832365118,16
15770867272,16
15882861103,1
15882862377,3
15627594355,1
15908776628,18
15938309363,0
15706275056,14
15672493970,19
15938668645,3
14194105183,0
15894129133,7
14129990539,3
14161215696,10
15681786921,7
14294433069,12
15277897456,16
15834646816,9
15885242252,19
15877555608,16
15152385117,18
14377405203,4
14420092112,16
15532112837,19
15421735605,8
15428065702,16
15892749821,1
14129613867,3
15898928041,10
14441336622,4
15896048686,16
15998756043,16
16027533985,2
15722066033,14
14419306971,7
14101658355,13
14165962703,8
15681946412,4
15808158014,10
15665529400,15
16013845092,4
15660477648,14
15976681855,7
16015658074,14
15062075494,14
15497936525,2
15592629613,4
14112149986,14
15398157698,12
15666310525,18
15822776252,0
14207779318,12
15997805266,16
14895910227,2
14230806650,0
13762856349,13
12800730558,16
15938674303,12
14464767203,2
14192843388,12
16009075215,9
15766557466,18
14197400760,18
14256334019,8
14190648226,0
14144377064,13
15687028160,0
14131003022,4
15629691471,14
13873168363,9
14177762817,3
15983704494,18
15945030126,19
15728541065,10
15720267643,14
14215829855,4
16012806784,10
14161521208,8
15946402675,0
15999756401,18
14343798066,10
15843690817,18
15380261735,10
14478852692,12
15462088625,8
14089387651,1
14675764278,10
14220270753,0
16016410849,7
14257098306,0
15893551961,14
15630248184,2
14383350584,2
15686567535,16
15558751370,8
14205322353,2
14951100895,2
15802620553,3
14827767594,14
15908773445,4
14127503914,3
14976883172,12
14136071497,0
16012785985,7
15804809440,15
15877841876,16
14490806746,10
15935488071,10
16034462183,10
15839010892,2
15346391221,16
14484077077,10
14031972537,12
15896169957,16
15736065780,10
15931383753,0
14208276977,14
14354571503,19
